genre,season,capacity,ticket_price,marketing_spend,run_length_weeks,cast_popularity,is_musical,has_celebrity,prior_show_avg_rating,tickets_sold,total_revenue,sold_out
Musical,Spring,809,137.85,369374.4,27,7.67,1,0,4.12,172996,23847498.6,1
Family,Spring,592,189.79,44777.77,15,9.96,0,0,4.79,57418,10897362.22,0
Thriller,Fall,1136,67.35,125143.22,22,1.37,0,0,9.86,146273,9851486.55,0
Tragedy,Fall,1393,124.85,443518.15,30,3.2,0,0,1.76,225193,28115346.05,0
Tragedy,Winter,670,144.82,290575.8,3,6.38,0,0,2.0,10743,1555801.26,0
Experimental,Winter,1580,190.5,28060.87,5,4.74,0,0,4.92,16369,3118294.5,0
Musical,Summer,1349,242.0,353606.25,29,6.74,1,1,2.52,304959,73800078.0,1
Thriller,Winter,499,215.86,255807.77,19,6.28,0,0,7.16,58970,12729264.2,0
Drama,Fall,1889,164.84,427988.26,20,8.09,0,0,4.25,270519,44592351.96,1
Musical,Summer,278,156.32,342804.77,12,1.64,1,0,8.62,22287,3483903.84,0
Tragedy,Winter,1376,160.72,7201.06,26,4.97,0,1,7.74,160951,25868044.72,0
Experimental,Spring,991,147.67,106840.85,21,8.74,0,1,5.24,94807,14000149.69,0
Family,Fall,1376,38.36,132692.03,9,4.26,0,0,8.6,98081,3762387.16,1
Family,Winter,1593,182.12,352604.98,21,5.53,0,1,1.91,264947,48252147.64,1
Family,Fall,1436,186.18,257110.52,2,1.19,0,1,6.23,20571,3829908.78,1
Family,Winter,1371,140.31,374986.51,9,3.02,0,0,6.45,97724,13711654.44,1
Tragedy,Spring,1713,220.84,258869.26,8,5.17,0,0,3.21,43487,9603669.08,0
Musical,Fall,1463,176.3,167055.38,25,4.59,1,1,1.45,225983,39840802.9,0
Family,Winter,1664,106.6,56312.02,24,7.43,0,1,5.82,316293,33716833.8,1
Tragedy,Fall,925,29.43,105297.94,4,6.51,0,0,5.62,18738,551459.34,0
Tragedy,Winter,565,38.31,203386.14,29,8.92,0,0,6.88,116510,4463498.1,1
Comedy,Summer,622,104.15,277969.88,26,8.69,0,1,2.92,122307,12738274.05,1
Drama,Fall,1301,128.97,469625.51,15,3.17,0,0,2.62,129484,16699551.48,0
Experimental,Summer,1157,62.55,123661.49,8,1.16,0,0,9.8,42025,2628663.75,0
Family,Winter,338,67.6,334712.05,14,8.69,0,1,2.02,37477,2533445.2,1
Thriller,Spring,567,76.8,80510.23,19,3.96,0,0,9.99,73888,5674598.4,0
Comedy,Summer,1941,200.62,358307.8,20,4.12,0,0,7.48,232899,46724197.38,0
Family,Spring,1507,198.54,10613.73,12,2.43,0,0,6.66,56125,11143057.5,0
Tragedy,Fall,1558,111.16,329680.38,5,7.24,0,1,4.06,60723,6749968.68,1
Tragedy,Spring,554,63.78,85792.74,20,3.52,0,1,8.81,74516,4752630.48,0
Tragedy,Summer,315,49.95,94260.6,23,2.59,0,0,9.19,34307,1713634.65,0
Drama,Winter,724,44.6,281659.28,10,5.53,0,1,7.5,57340,2557364.0,1
Musical,Summer,1742,113.04,190828.72,21,7.75,1,0,7.39,289729,32750966.16,1
Tragedy,Spring,1111,35.25,238296.05,19,3.43,0,0,5.44,115308,4064607.0,0
Experimental,Spring,1612,100.07,157900.0,17,7.5,0,1,1.7,128844,12893419.08,0
Musical,Spring,1076,241.34,476966.19,2,5.16,1,0,9.99,17043,4113157.62,1
Experimental,Winter,1082,139.19,148874.77,11,4.63,0,0,1.14,47688,6637692.72,0
Family,Fall,1281,210.1,273313.48,13,4.24,0,0,5.46,100663,21149296.3,0
Drama,Winter,1926,54.08,427906.0,27,2.31,0,0,4.3,400230,21644438.4,1
Thriller,Spring,987,85.32,333769.5,26,3.99,0,1,7.99,203243,17340692.76,1
Drama,Summer,1272,237.97,164774.59,28,8.91,0,1,7.62,232036,55217606.92,0
Family,Spring,1855,111.3,278456.16,15,1.92,0,0,6.65,220374,24527626.2,1
Thriller,Summer,870,170.89,46080.61,11,9.62,0,1,1.67,57199,9774737.11,0
Comedy,Fall,1711,244.63,275114.77,16,1.97,0,0,3.13,122503,29967908.89,0
Musical,Winter,1163,148.93,218537.6,25,4.26,1,1,1.85,230273,34294557.89,1
Experimental,Summer,1782,93.7,380177.19,20,6.46,0,0,9.81,211783,19844067.1,0
Tragedy,Winter,1042,144.69,424711.91,20,8.54,0,1,2.15,165052,23881373.88,1
Experimental,Fall,1333,37.29,103810.18,15,2.29,0,0,9.7,72315,2696626.35,0
Thriller,Summer,781,50.28,45360.27,22,2.27,0,0,2.01,72119,3626143.32,0
Family,Winter,1343,26.61,198325.71,28,6.66,0,0,8.76,297823,7925070.03,1
Family,Summer,787,223.95,269404.45,22,3.63,0,0,6.17,97422,21817656.9,0
Drama,Spring,1296,176.04,191516.96,14,6.8,0,0,8.49,118589,20876407.56,0
Comedy,Winter,1619,92.12,316137.78,27,8.39,0,1,6.71,346206,31892496.72,1
Tragedy,Winter,982,74.76,255297.38,30,1.69,0,1,7.92,150924,11283078.24,0
Tragedy,Spring,972,178.69,468629.89,25,8.6,0,1,7.58,188090,33609802.1,1
Musical,Winter,779,231.89,207648.61,28,1.34,1,0,3.34,94612,21939576.68,0
Tragedy,Winter,1514,92.31,45834.62,9,9.09,0,1,9.42,100857,9310109.67,1
Drama,Winter,1265,97.35,154457.84,14,9.78,0,1,6.79,140263,13654603.05,1
Family,Summer,1129,217.2,304917.46,9,7.01,0,1,2.82,65031,14124733.2,0
Thriller,Fall,245,226.01,131732.42,12,9.86,0,1,3.75,19771,4468443.71,0
Experimental,Fall,398,230.66,138149.28,24,8.4,0,0,5.8,32276,7444782.16,0
Family,Fall,213,90.96,173088.38,22,1.4,0,0,8.94,34732,3159222.72,1
Comedy,Fall,1730,52.07,374340.18,2,1.03,0,1,8.17,27403,1426874.21,1
Experimental,Fall,1732,124.0,470365.95,24,1.19,0,0,3.72,142344,17650656.0,0
Comedy,Fall,322,91.55,178436.43,7,5.07,0,0,7.2,17661,1616864.55,1
Comedy,Fall,283,223.87,101766.58,7,6.61,0,1,1.01,10897,2439511.39,0
Experimental,Fall,1606,33.24,213215.29,18,5.33,0,1,3.99,178902,5946702.48,0
Comedy,Spring,1144,167.62,179160.65,9,7.09,0,1,8.56,81544,13668405.28,1
Musical,Spring,756,228.89,495062.33,30,5.05,1,0,2.36,163157,37345005.73,1
Tragedy,Winter,1306,244.75,234614.79,6,1.38,0,0,4.18,28014,6856426.5,0
Family,Winter,625,171.28,341245.26,6,3.04,0,0,1.01,20335,3482978.8,0
Drama,Fall,556,238.73,457325.09,24,9.93,0,1,1.21,105684,25229941.32,1
Tragedy,Spring,861,42.02,316385.48,10,4.11,0,1,2.31,56620,2379172.4,0
Musical,Winter,1812,105.84,128442.35,23,3.92,1,0,1.92,298194,31560852.96,1
Thriller,Spring,1580,26.96,305668.0,22,2.38,0,0,5.41,275299,7422061.04,1
Tragedy,Summer,542,245.77,203928.79,7,9.88,0,1,9.1,23767,5841215.59,0
Comedy,Summer,1211,228.11,214063.19,19,3.07,0,0,1.76,77046,17574963.06,0
Drama,Spring,1792,31.31,489765.67,18,6.82,0,1,8.83,255467,7998671.77,1
Tragedy,Winter,1912,29.08,142902.55,4,1.38,0,0,7.01,40994,1192105.52,0
Thriller,Fall,1573,107.57,237122.9,24,1.6,0,0,2.52,175791,18909837.87,0
Experimental,Summer,431,83.17,84134.19,27,7.45,0,1,3.61,47832,3978187.44,0
Tragedy,Fall,633,215.56,93379.38,30,6.72,0,1,2.75,96790,20864052.4,0
Drama,Spring,593,61.11,303724.79,4,7.12,0,0,8.1,18786,1148012.46,1
Family,Summer,471,202.9,376752.78,7,3.08,0,0,7.53,24035,4876701.5,1
Thriller,Fall,515,149.75,320047.64,26,9.86,0,1,3.74,106048,15880688.0,1
Thriller,Summer,769,109.91,167995.58,11,6.03,0,0,1.49,40912,4496637.92,0
Musical,Winter,1199,57.79,34511.0,20,9.73,1,1,2.52,189921,10975534.59,1
Comedy,Spring,916,249.48,237780.61,12,2.48,0,0,6.67,54136,13505849.28,0
Family,Spring,957,164.05,254613.48,8,4.65,0,1,1.81,51441,8438896.05,0
Family,Fall,642,123.86,386472.55,20,4.02,0,1,5.83,101692,12595571.12,1
Tragedy,Winter,471,108.5,321943.33,8,7.8,0,1,6.52,29842,3237857.0,1
Family,Summer,1998,228.79,436273.02,6,7.73,0,1,7.19,94944,21722237.76,1
Family,Spring,1278,209.77,392576.52,17,5.38,0,1,2.13,171633,36003454.41,1
Comedy,Winter,613,207.52,186109.5,7,1.15,0,0,5.14,20649,4285080.48,0
Experimental,Summer,1657,163.64,317949.6,7,2.58,0,0,5.17,39113,6400451.32,0
Comedy,Spring,1695,224.79,374906.83,25,1.45,0,0,8.52,215607,48466297.53,0
Drama,Fall,1940,92.34,478655.78,17,8.62,0,1,5.22,261201,24119300.34,1
Thriller,Summer,486,183.33,214064.32,18,3.61,0,0,4.66,39712,7280400.96,0
Thriller,Winter,1351,116.0,325899.59,6,2.06,0,0,2.11,43939,5096924.0,0
Musical,Summer,1964,160.0,199368.6,6,4.19,1,0,7.25,81413,13026080.0,0
Family,Fall,1652,249.58,370224.95,13,1.7,0,0,6.58,130709,32622352.22,0
Drama,Fall,605,246.52,456436.62,13,9.81,0,1,7.45,62290,15355730.8,1
Family,Spring,1807,140.34,460016.88,15,3.84,0,1,6.91,214671,30126928.14,1
Musical,Summer,959,154.12,82758.32,6,9.4,1,1,8.88,45571,7023402.52,1
Family,Spring,1080,226.9,106027.82,28,7.14,0,1,8.9,223432,50696720.8,1
Family,Fall,1205,246.77,378690.08,12,6.09,0,0,3.77,91046,22467421.42,0
Family,Winter,1588,200.19,317349.89,26,5.28,0,0,2.64,272484,54548571.96,0
Thriller,Winter,416,39.67,453028.11,14,7.19,0,0,9.34,46126,1829818.42,1
Tragedy,Summer,1170,97.59,160331.28,16,7.18,0,1,7.42,122817,11985711.03,0
Thriller,Summer,1670,226.73,424770.3,5,1.09,0,0,9.74,47152,10690772.96,0
Drama,Fall,1187,197.88,343469.05,22,9.17,0,0,5.47,206822,40925937.36,1
Family,Fall,694,192.0,101750.87,3,4.31,0,1,9.66,13762,2642304.0,0
Tragedy,Winter,301,175.28,67614.71,24,4.18,0,0,2.1,21275,3729082.0,0
Tragedy,Spring,1188,118.43,352848.18,28,4.66,0,0,6.31,225638,26722308.34,0
Tragedy,Spring,1466,115.73,83438.45,12,7.17,0,1,5.47,91753,10618574.69,0
Tragedy,Summer,1189,207.01,398192.87,28,4.38,0,1,1.02,133798,27697523.98,0
Musical,Summer,1962,91.1,280762.04,22,4.36,1,1,2.74,340195,30991764.5,1
Musical,Summer,1284,179.09,241049.2,2,1.57,1,0,2.38,13685,2450846.65,0
Drama,Winter,1114,188.4,141386.87,8,4.75,0,1,1.55,41662,7849120.8,0
Musical,Spring,299,215.03,492003.57,21,2.35,1,0,9.53,49729,10693226.87,1
Tragedy,Winter,1205,96.97,362472.72,23,8.7,0,1,9.69,219502,21285108.94,1
Thriller,Fall,503,191.93,390141.51,4,4.01,0,0,9.03,12706,2438662.58,0
Thriller,Fall,1504,48.96,385511.91,22,9.65,0,0,9.9,262056,12830261.76,1
Tragedy,Fall,490,56.06,294087.71,26,7.16,0,0,8.48,91876,5150568.56,1
Family,Spring,1832,118.9,470150.93,4,7.81,0,0,9.39,58037,6900599.3,1
Tragedy,Fall,743,37.43,293991.64,28,9.53,0,1,2.78,164767,6167228.81,1
Musical,Spring,981,238.23,262422.56,17,3.15,1,1,3.31,97726,23281264.98,0
Family,Fall,460,227.93,140486.67,20,6.11,0,1,8.76,67970,15492402.1,1
Thriller,Fall,579,36.01,144459.28,3,1.37,0,0,5.32,12216,439898.16,0
Thriller,Fall,1859,213.62,369757.53,20,1.91,0,0,7.45,200143,42754547.66,0
Tragedy,Summer,710,139.5,170709.87,15,4.3,0,1,6.06,42560,5937120.0,0
Tragedy,Summer,1123,182.94,365711.82,13,7.14,0,0,3.75,81551,14918939.94,0
Musical,Summer,1966,224.56,476589.85,25,8.49,1,1,3.56,389268,87414022.08,1
Tragedy,Spring,1322,154.82,222457.18,9,3.31,0,0,7.73,56297,8715901.54,0
Family,Fall,274,51.17,53176.19,3,7.74,0,0,5.79,6510,333116.7,1
Comedy,Spring,843,25.58,334940.51,16,3.02,0,0,4.23,99173,2536845.34,1
Thriller,Summer,896,136.81,9713.9,24,1.05,0,0,6.55,66754,9132614.74,0
Musical,Fall,697,238.58,394566.74,6,1.49,1,0,4.78,22791,5437476.78,0
Comedy,Spring,634,153.84,265198.29,31,6.27,0,0,5.28,144212,22185574.08,1
Tragedy,Winter,1105,108.91,247417.44,22,5.47,0,0,7.1,144444,15731396.04,0
Experimental,Summer,878,31.96,286873.87,30,3.43,0,0,5.12,96976,3099352.96,0
Drama,Spring,729,230.87,260622.23,16,1.06,0,0,9.55,55836,12890857.32,0
Drama,Fall,943,98.61,165269.75,5,6.11,0,0,5.37,30589,3016381.29,0
Comedy,Fall,818,183.57,144346.91,7,8.36,0,1,9.66,45349,8324715.93,1
Experimental,Fall,611,181.2,210572.24,17,1.62,0,0,8.63,29101,5273101.2,0
Family,Winter,1014,82.12,447980.09,19,7.63,0,1,9.02,152586,12530362.32,1
Musical,Summer,1896,39.35,72008.38,24,6.71,1,1,7.87,360391,14181385.85,1
Drama,Winter,1110,111.63,165758.48,25,5.31,0,0,6.44,185188,20672536.44,0
Family,Summer,1275,96.35,100188.71,24,1.44,0,0,5.79,166896,16080429.6,0
Musical,Fall,1971,182.56,216432.8,19,9.31,1,1,5.96,296596,54146565.76,1
Family,Spring,1304,209.45,71081.72,2,5.3,0,1,2.81,12759,2672372.55,0
Drama,Fall,601,75.05,381593.83,17,4.6,0,1,2.93,80918,6072895.9,1
Experimental,Summer,917,143.85,56216.36,26,8.75,0,1,1.31,71001,10213493.85,0
Comedy,Fall,1078,34.14,334304.74,27,8.61,0,1,7.71,230519,7869918.66,1
Tragedy,Winter,1054,73.21,137516.61,27,7.55,0,0,2.12,156330,11444919.3,0
Thriller,Winter,469,196.4,238734.05,2,8.46,0,1,6.24,7327,1439022.8,1
Musical,Winter,390,203.51,103994.04,15,2.12,1,0,2.24,24034,4891159.34,0
Tragedy,Spring,829,199.69,366460.72,20,7.85,0,1,1.6,80096,15994370.24,0
Tragedy,Spring,1845,57.04,474396.61,9,3.95,0,1,5.8,114348,6522409.92,0
Family,Winter,1491,148.98,114763.92,14,8.81,0,0,8.86,165322,24629671.56,1
Experimental,Summer,1715,120.11,476810.84,4,4.33,0,0,4.2,28565,3430942.15,0
Thriller,Spring,514,248.08,166010.53,7,1.49,0,0,9.27,16283,4039486.64,0
Comedy,Summer,945,172.17,281134.35,2,4.73,0,0,1.09,10095,1738056.15,0
Comedy,Winter,1246,235.42,352287.03,31,7.81,0,1,5.19,305917,72018980.14,1
Comedy,Summer,981,57.7,103637.96,27,5.51,0,0,2.32,152920,8823484.0,0
Family,Spring,950,126.45,225158.15,14,7.87,0,1,3.84,105336,13319737.2,1
Comedy,Fall,847,198.61,38574.6,2,1.32,0,0,1.21,4862,965641.82,0
Drama,Spring,292,107.77,350041.62,12,2.59,0,0,1.32,15610,1682289.7,0
Comedy,Summer,1743,167.31,211224.98,15,6.07,0,1,7.42,197395,33026157.45,1
Musical,Spring,1879,140.13,446364.04,7,4.47,1,1,6.89,104171,14597482.23,1
Musical,Fall,345,248.18,140625.98,21,7.12,1,1,2.88,50325,12489658.5,0
Musical,Summer,944,64.12,462182.66,31,9.66,1,1,9.11,231770,14861092.4,1
Family,Winter,1132,235.45,74814.72,27,6.94,0,1,7.19,229523,54041190.35,1
Family,Summer,1611,115.35,305448.4,27,4.76,0,0,4.03,327685,37798464.75,1
Thriller,Spring,1976,130.3,157365.05,26,5.88,0,1,4.67,309231,40292799.3,0
Tragedy,Spring,949,143.94,94981.9,4,9.22,0,1,3.63,23058,3318968.52,0
Family,Spring,1548,84.71,51498.9,18,7.06,0,1,8.48,220682,18693972.22,1
Drama,Summer,1887,241.82,329543.07,18,8.23,0,1,5.45,208011,50301220.02,0
Experimental,Spring,1694,230.08,120418.13,5,3.71,0,0,2.22,25269,5813891.52,0
Tragedy,Summer,722,243.9,288543.13,6,7.7,0,1,2.82,21371,5212386.9,0
Experimental,Winter,1671,249.31,489812.27,18,2.25,0,0,3.67,104079,25947935.49,0
Drama,Winter,942,175.71,161401.1,23,7.75,0,1,4.63,162165,28494012.15,1
Tragedy,Fall,231,126.63,22297.42,8,8.93,0,1,6.33,11093,1404706.59,0
Thriller,Winter,1565,216.42,75697.19,16,9.1,0,1,9.68,191629,41472348.18,1
Tragedy,Winter,1703,30.36,64064.39,4,2.05,0,0,3.36,27308,829070.88,0
Tragedy,Fall,818,212.74,234325.35,5,8.47,0,0,3.96,21290,4529234.6,0
Drama,Winter,1011,136.89,373602.03,19,1.99,0,0,1.22,97782,13385377.98,0
Comedy,Spring,855,176.47,151739.97,18,5.31,0,0,4.35,85096,15016891.12,0
Drama,Winter,410,109.16,77192.17,24,7.14,0,0,7.08,70678,7715210.48,1
Comedy,Summer,1990,107.94,322179.55,29,5.36,0,1,9.67,457063,49335380.22,1
Thriller,Fall,240,32.14,154084.2,7,4.06,0,1,7.66,13305,427622.7,1
Thriller,Winter,1200,120.35,289709.32,12,7.15,0,1,2.06,114048,13725676.8,1
Thriller,Summer,226,116.88,467224.35,27,6.95,0,1,9.01,48327,5648459.76,1
Comedy,Spring,1440,75.58,149216.74,3,6.25,0,0,8.55,34214,2585894.12,1
Experimental,Summer,1821,80.65,258683.35,26,5.76,0,0,2.7,220926,17817681.9,0
Musical,Summer,1358,156.43,404371.9,30,7.35,1,1,9.41,322660,50473703.8,1
Comedy,Winter,1291,96.5,347400.47,4,4.63,0,1,7.43,40898,3946657.0,1
Musical,Winter,1690,211.81,376981.7,6,1.62,1,0,8.05,78535,16634498.35,1
Comedy,Fall,1953,50.06,387421.84,22,5.84,0,1,5.13,340290,17034917.4,1
Experimental,Winter,1751,154.97,272258.43,16,7.51,0,1,2.81,147003,22781054.91,0
Comedy,Summer,616,61.01,270350.74,31,3.69,0,1,8.19,151240,9227152.4,1
Experimental,Summer,1213,143.85,360850.34,18,2.27,0,0,5.3,70745,10176668.25,0
Tragedy,Winter,1673,149.32,350335.89,21,9.21,0,1,9.71,278253,41548737.96,1
Thriller,Fall,730,169.52,336678.54,9,8.77,0,1,2.38,52034,8820803.68,1
Tragedy,Fall,1415,121.17,194156.67,11,6.57,0,0,4.2,89585,10855014.45,0
Drama,Summer,241,139.63,415128.61,7,8.08,0,1,7.62,13361,1865596.43,1
Family,Fall,1779,65.71,121920.43,6,9.72,0,1,6.15,84538,5554991.98,1
Experimental,Winter,1305,129.18,82087.32,5,6.12,0,0,4.9,23242,3002401.56,0
Drama,Summer,1537,108.93,175855.3,28,3.2,0,0,7.31,197130,21473370.9,0
Family,Spring,1685,174.88,130646.46,4,6.75,0,1,7.6,52279,9142551.52,1
Drama,Spring,593,122.83,333275.34,17,9.23,0,1,6.2,79841,9806870.03,1
Family,Spring,1010,200.35,119353.84,17,7.21,0,0,3.87,108653,21768628.55,0
Family,Summer,1745,120.85,329962.47,3,1.24,0,0,6.57,29446,3558549.1,0
Tragedy,Fall,496,78.05,259045.28,27,9.25,0,1,5.91,105436,8229279.8,1
Family,Winter,1680,86.58,80462.78,17,7.78,0,1,8.18,226195,19583963.1,1
Drama,Spring,718,35.19,132906.15,5,4.62,0,1,6.88,24406,858847.14,0
Musical,Winter,1235,146.48,263254.76,5,9.89,1,1,5.47,48906,7163750.88,1
Musical,Fall,1117,211.95,367887.13,23,7.5,1,1,1.17,203472,43125890.4,1
Tragedy,Spring,1435,198.05,202134.56,20,8.43,0,1,2.5,159622,31613137.1,0
Experimental,Summer,1706,123.5,120252.16,14,9.49,0,1,4.03,104136,12860796.0,0
Musical,Summer,828,69.13,151063.71,14,1.36,1,0,6.41,73506,5081469.78,0
Tragedy,Winter,509,219.28,52083.01,3,7.97,0,1,8.13,9578,2100263.84,0
Thriller,Winter,961,37.78,17449.0,2,4.48,0,1,9.64,15222,575087.16,1
Drama,Winter,1301,114.83,486699.01,18,8.82,0,1,6.4,185470,21297520.1,1
Family,Fall,1550,217.74,52722.92,12,8.91,0,0,7.56,129220,28136362.8,0
Comedy,Summer,1556,113.46,66819.24,9,8.46,0,0,6.59,88248,10012618.08,0
Family,Summer,811,51.52,436127.22,13,8.01,0,1,4.87,83500,4301920.0,1
Thriller,Winter,1884,84.84,333435.09,20,8.15,0,0,6.49,298425,25318377.0,1
Tragedy,Spring,349,160.01,220855.9,10,3.67,0,0,4.61,11969,1915159.69,0
Drama,Summer,410,59.21,326266.59,12,4.66,0,1,5.08,36538,2163414.98,1
Tragedy,Spring,244,172.36,467817.49,10,2.04,0,0,9.2,14540,2506114.4,0
Family,Summer,1867,123.59,54191.77,21,8.48,0,1,6.07,310470,38370987.3,1
Musical,Summer,524,100.24,125636.96,3,6.81,1,1,1.9,12450,1247988.0,1
Family,Spring,1282,79.21,430848.7,29,6.51,0,1,5.71,294449,23323305.29,1
Tragedy,Summer,1663,210.25,391416.48,18,3.21,0,1,9.58,151159,31781179.75,0
Family,Winter,1580,114.25,497157.08,9,6.54,0,0,1.9,112622,12867063.5,1
Thriller,Fall,1907,191.16,160384.86,24,5.09,0,0,9.74,300827,57506089.32,0
Tragedy,Winter,296,124.08,472718.77,30,9.96,0,1,9.89,70329,8726422.32,1
Comedy,Winter,932,45.67,175125.97,3,8.77,0,1,6.05,22144,1011316.48,1
Thriller,Winter,1111,124.11,358971.13,8,5.73,0,0,3.99,65156,8086511.16,1
Musical,Summer,1453,139.23,441957.76,6,8.28,1,0,1.08,69046,9613274.58,1
Thriller,Winter,1320,128.01,89537.14,4,2.48,0,0,1.14,21869,2799450.69,0
Musical,Winter,1207,208.65,106791.13,24,1.91,1,0,4.49,97334,20308739.1,0
Thriller,Winter,752,229.94,292574.53,7,6.68,0,1,8.05,36225,8329576.5,0
Thriller,Summer,391,202.03,422693.26,13,7.54,0,1,9.48,40257,8133121.71,1
Musical,Spring,976,156.13,44080.02,26,1.48,1,0,2.39,82100,12818273.0,0
Family,Fall,667,146.83,426186.0,20,2.81,0,0,5.39,105652,15512883.16,1
Comedy,Winter,1197,170.04,174844.66,22,5.84,0,0,5.52,198195,33701077.8,1
Family,Winter,1634,89.76,206082.17,4,1.57,0,1,4.42,46335,4159029.6,1
Musical,Fall,1194,207.67,173231.24,31,4.82,1,0,5.86,206030,42786250.1,0
Drama,Spring,1249,217.79,456182.55,4,5.34,0,0,9.33,35123,7649438.17,0
Tragedy,Summer,275,85.12,69743.19,23,9.3,0,1,4.95,33929,2888036.48,0
Drama,Fall,1360,228.13,289265.87,21,3.84,0,0,2.24,121735,27771405.55,0
Comedy,Fall,991,215.96,78313.5,14,2.52,0,0,6.99,60897,13151316.12,0
Thriller,Summer,422,120.51,464654.34,27,1.07,0,0,1.28,60520,7293265.2,0
Drama,Summer,584,229.53,399976.0,28,2.09,0,1,9.46,95790,21986678.7,0
Thriller,Spring,1605,52.1,120740.54,4,7.76,0,1,9.46,50846,2649076.6,1
Musical,Summer,1850,31.3,152400.24,30,5.0,1,1,1.83,439560,13758228.0,1
Drama,Fall,1113,103.27,193850.09,9,2.79,0,0,5.96,55509,5732414.43,0
Thriller,Spring,1957,152.22,205681.75,25,9.4,0,1,8.18,387486,58983118.92,1
Family,Winter,524,104.07,409584.72,26,8.09,0,1,5.18,107902,11229361.14,1
Drama,Spring,739,236.97,284444.01,18,2.03,0,1,5.31,70328,16665626.16,0
Comedy,Fall,1874,82.31,216834.91,27,3.42,0,0,9.73,400736,32984580.16,1
Experimental,Summer,515,88.27,361125.11,26,8.64,0,0,3.07,57857,5107037.39,0
Experimental,Winter,1386,167.84,231643.11,17,7.23,0,1,5.74,119105,19990583.2,0
Thriller,Winter,595,25.87,68478.81,7,9.51,0,1,2.03,32986,853347.82,1
Tragedy,Fall,796,188.7,58207.15,15,1.69,0,0,3.72,23895,4508986.5,0
Comedy,Fall,1059,109.93,166348.56,29,7.98,0,0,8.66,243231,26738383.83,1
Thriller,Fall,847,244.99,303420.77,8,1.69,0,0,7.45,35153,8612133.47,0
Thriller,Fall,1774,180.57,71746.46,31,4.03,0,0,6.51,253745,45818734.65,0
Comedy,Spring,1951,36.75,277316.41,7,7.76,0,0,2.02,108163,3974990.25,1
Musical,Summer,1100,45.84,138456.77,21,7.4,1,1,8.66,182952,8386519.68,1
Drama,Spring,1145,44.84,349229.64,21,1.02,0,0,3.68,129067,5787364.28,0
Experimental,Summer,299,239.34,18990.04,7,2.82,0,0,5.81,2887,690974.58,0
Comedy,Fall,621,178.91,237166.6,16,8.01,0,1,3.1,74719,13367976.29,1
Tragedy,Spring,271,121.21,30870.75,6,2.14,0,0,5.69,5243,635504.03,0
Tragedy,Spring,1741,70.11,168601.35,12,3.94,0,0,6.06,92751,6502772.61,0
Family,Winter,609,221.57,12709.7,30,2.66,0,0,4.06,58375,12934148.75,0
Musical,Summer,813,70.35,237203.89,3,2.0,1,0,5.55,17904,1259546.4,1
Musical,Spring,1716,184.0,384672.85,28,8.53,1,0,4.65,380540,70019360.0,1
Drama,Fall,1483,196.75,54608.92,22,1.55,0,0,7.28,90977,17899724.75,0
Tragedy,Fall,1318,91.3,368935.23,24,5.82,0,0,5.9,201663,18411831.9,0
Thriller,Winter,269,138.61,294176.66,10,7.23,0,1,8.9,21304,2952947.44,1
Tragedy,Winter,1213,75.17,254779.61,30,1.52,0,1,1.45,199944,15029790.48,0
Tragedy,Winter,1209,110.26,301744.21,9,6.7,0,1,1.24,67861,7482353.86,0
Experimental,Fall,774,242.16,171269.08,17,4.01,0,0,2.7,28099,6804453.84,0
Drama,Summer,1540,180.96,356618.08,3,8.5,0,1,2.07,30807,5574834.72,0
Thriller,Winter,1872,215.49,390934.59,28,8.18,0,0,5.73,374600,80722554.0,1
Tragedy,Summer,666,146.63,390220.81,23,8.15,0,1,2.8,97064,14232494.32,0
Tragedy,Summer,796,78.78,138382.6,6,4.59,0,0,1.14,20403,1607348.34,0
Family,Winter,780,185.4,328683.97,21,8.4,0,1,3.54,129729,24051756.6,1
Drama,Winter,1702,137.63,78307.38,7,6.67,0,0,5.58,62170,8556457.1,0
Experimental,Summer,339,64.79,250232.71,15,4.41,0,1,7.43,28006,1814508.74,0
Comedy,Fall,1812,117.8,6301.48,17,1.73,0,0,4.95,132593,15619455.4,0
Tragedy,Winter,1595,167.84,100825.45,29,1.6,0,0,9.66,201925,33891092.0,0
Tragedy,Winter,1070,190.45,317708.39,11,3.26,0,0,2.8,42900,8170305.0,0
Family,Spring,1250,79.72,437808.95,2,3.7,0,1,5.63,19800,1578456.0,1
Tragedy,Fall,1809,222.1,29269.01,14,9.35,0,1,3.28,122488,27204584.8,0
Drama,Spring,1585,110.4,281483.63,29,10.0,0,1,8.26,364042,40190236.8,1
Musical,Winter,698,86.01,320203.63,25,2.29,1,0,2.69,130712,11242539.12,1
Comedy,Spring,290,68.9,466533.54,3,9.48,0,1,9.65,6890,474721.0,1
Family,Winter,1385,205.94,329296.18,3,7.36,0,1,7.45,32907,6776867.58,1
Musical,Spring,462,104.69,56001.19,24,5.49,1,0,6.01,74283,7776687.27,0
Experimental,Summer,358,133.76,77638.4,23,9.59,0,1,5.79,35686,4773359.36,0
Tragedy,Spring,1968,75.13,319703.24,18,7.42,0,1,4.26,260374,19561898.62,1
Musical,Winter,1053,179.37,111731.74,4,6.34,1,0,1.19,20745,3721030.65,0
Comedy,Summer,1371,200.73,464511.21,10,2.89,0,0,9.24,103775,20830755.75,1
Tragedy,Fall,591,101.37,460740.16,27,3.2,0,0,8.15,106625,10808576.25,0
Comedy,Spring,383,237.64,474584.65,6,9.2,0,1,2.21,18200,4325048.0,1
Musical,Summer,312,31.89,150011.54,8,2.94,1,0,2.1,16363,521816.07,0
Thriller,Winter,837,54.91,359890.2,15,1.29,0,0,3.77,93371,5127001.61,1
Thriller,Winter,206,157.48,333191.88,24,3.4,0,0,7.87,39156,6166286.88,1
Musical,Spring,956,182.82,22623.87,26,5.33,1,1,5.53,149308,27296488.56,0
Drama,Summer,784,81.4,136454.71,19,4.44,0,1,6.89,92322,7515010.8,0
Drama,Summer,1148,149.67,107349.53,16,9.42,0,1,1.06,94331,14118520.77,0
Thriller,Fall,1261,96.64,188550.26,13,4.77,0,0,9.31,120651,11659712.64,1
Family,Fall,755,149.67,476761.59,3,9.0,0,1,2.49,17938,2684780.46,1
Family,Spring,1019,173.35,423572.81,10,6.35,0,1,3.87,80704,13990038.4,1
Experimental,Winter,340,243.88,150245.17,8,5.72,0,0,9.52,9808,2391975.04,0
Family,Spring,743,127.53,267365.61,3,2.44,0,1,7.6,16425,2094680.25,1
Comedy,Summer,1960,170.85,100171.73,24,3.44,0,0,5.6,203773,34814617.05,0
Musical,Winter,1984,155.06,142329.83,12,8.8,1,0,8.77,188559,29237958.54,1
Thriller,Fall,1074,96.45,37176.61,17,8.02,0,0,1.55,100514,9694575.3,0
Experimental,Summer,1891,81.94,323090.22,8,5.03,0,1,1.69,71502,5858873.88,0
Experimental,Winter,1102,247.27,330175.78,19,9.18,0,0,2.4,96651,23898892.77,0
Drama,Summer,426,71.54,420058.3,6,8.37,0,1,3.38,20243,1448184.22,1
Drama,Fall,1762,202.81,436418.15,22,2.01,0,0,7.38,227805,46201132.05,0
Musical,Spring,947,57.98,84229.4,24,6.45,1,0,5.79,180005,10436689.9,1
Musical,Spring,1302,205.98,372805.27,11,8.19,1,1,4.83,113430,23364311.4,1
Tragedy,Summer,1367,66.79,71680.28,8,8.28,0,0,8.04,58473,3905411.67,0
Tragedy,Fall,754,242.61,189988.93,25,1.82,0,0,3.85,39108,9487991.88,0
Comedy,Winter,1520,179.35,260190.6,8,3.02,0,0,1.77,51383,9215541.05,0
Comedy,Summer,1102,45.28,29487.61,7,4.72,0,0,4.57,37495,1697773.6,0
Family,Winter,859,180.96,82598.04,12,3.26,0,0,7.9,59416,10751919.36,0
Tragedy,Fall,736,160.81,139202.47,30,1.98,0,0,5.27,67108,10791637.48,0
Family,Spring,1543,100.95,68133.45,15,6.66,0,0,9.79,166563,16814534.85,1
Experimental,Fall,648,83.67,467377.65,9,5.57,0,1,8.71,38905,3255181.35,0
Comedy,Fall,423,186.72,147718.0,17,2.39,0,0,8.12,39194,7318303.68,0
Drama,Summer,1787,191.81,253079.97,12,6.28,0,0,7.96,124641,23907390.21,0
Experimental,Summer,797,98.62,498284.45,21,1.56,0,0,6.23,72638,7163559.56,0
Thriller,Summer,1353,222.15,285488.13,15,4.45,0,0,9.11,109445,24313206.75,0
Comedy,Fall,1489,85.49,208690.41,19,8.13,0,1,6.31,224064,19155231.36,1
Thriller,Fall,1709,40.72,465247.24,15,9.01,0,1,4.35,203029,8267340.88,1
Tragedy,Summer,1326,159.97,115136.39,16,3.21,0,1,2.76,70700,11309879.0,0
Experimental,Summer,1474,49.09,93852.87,15,8.74,0,1,8.32,116227,5705583.43,0
Drama,Summer,1706,87.25,270005.36,13,9.03,0,1,4.34,175649,15325375.25,1
Experimental,Summer,1898,139.12,216514.36,30,6.46,0,1,8.12,285608,39733784.96,0
Experimental,Summer,284,89.43,399508.11,9,9.84,0,0,9.85,15402,1377400.86,0
Drama,Summer,1537,73.37,25794.97,26,3.22,0,0,4.59,157214,11534791.18,0
Drama,Fall,513,183.22,310774.28,23,1.62,0,0,4.07,52635,9643784.7,0
Tragedy,Spring,1804,148.07,356786.18,17,8.59,0,1,2.53,172763,25581017.41,0
Musical,Fall,287,213.95,486098.8,11,5.42,1,1,5.28,25003,5349391.85,1
Comedy,Spring,644,155.78,77152.78,16,4.12,0,0,6.89,51605,8039026.9,0
Tragedy,Summer,545,133.78,126890.39,27,1.5,0,0,3.82,47982,6419031.96,0
Experimental,Winter,1286,83.78,466559.4,7,1.58,0,0,5.37,46342,3882532.76,0
Experimental,Winter,207,203.21,317161.28,19,1.82,0,0,5.83,16267,3305617.07,0
Drama,Fall,230,69.3,23834.27,24,2.65,0,0,3.48,25427,1762091.1,0
Experimental,Fall,1107,79.5,43285.28,21,9.73,0,1,1.21,122849,9766495.5,0
Musical,Spring,1948,214.36,393793.08,6,3.53,1,0,2.94,72852,15616554.72,0
Family,Summer,1150,191.77,285899.88,17,8.35,0,1,8.23,154836,29692899.72,1
Family,Fall,1002,162.9,284880.66,7,1.17,0,0,3.5,38142,6213331.8,0
Experimental,Winter,1384,33.76,440533.49,29,3.9,0,0,1.12,178665,6031730.4,0
Drama,Fall,1193,53.63,124343.47,12,9.16,0,1,4.82,113382,6080676.66,1
Experimental,Winter,892,137.49,84413.34,14,2.67,0,0,7.14,34622,4760178.78,0
Musical,Summer,1259,192.93,308833.94,27,3.56,1,0,7.77,214556,41394289.08,0
Tragedy,Spring,205,129.42,441799.43,14,8.44,0,1,4.73,22569,2920879.98,1
Tragedy,Spring,640,28.89,136299.07,7,2.09,0,0,6.15,22681,655254.09,0
Comedy,Fall,1413,66.46,342240.71,28,1.48,0,0,7.71,313346,20824975.16,1
Musical,Fall,814,157.47,80427.62,21,9.69,1,1,9.0,135384,21318918.48,1
Family,Summer,297,181.2,90094.8,20,4.64,0,0,6.76,27914,5058016.8,0
Comedy,Winter,423,32.52,451247.48,4,6.92,0,0,7.22,13400,435768.0,1
Thriller,Fall,1759,34.75,63392.67,15,2.14,0,1,1.89,153324,5328009.0,0
Comedy,Summer,793,83.79,17051.04,15,2.98,0,1,4.78,60188,5043152.52,0
Comedy,Spring,240,43.79,388595.52,9,5.14,0,1,9.0,17107,749115.53,1
Experimental,Fall,1511,146.94,184442.23,18,7.08,0,1,2.45,138174,20303287.56,0
Musical,Fall,1154,52.83,201345.98,9,3.64,1,0,3.79,80074,4230309.42,1
Family,Spring,1012,170.85,400929.48,16,8.96,0,1,7.1,128240,21909804.0,1
Family,Summer,1810,199.88,94068.22,26,8.03,0,0,9.12,275618,55090525.84,0
Comedy,Summer,764,243.37,326911.84,24,5.96,0,1,1.53,99202,24142790.74,0
Drama,Fall,1230,238.39,160196.52,10,5.13,0,1,8.83,72586,17303776.54,0
Musical,Spring,1540,86.51,56612.89,8,6.58,1,0,2.98,76484,6616630.84,0
Experimental,Winter,1295,31.62,345310.54,2,7.58,0,1,8.75,19045,602202.9,1
Experimental,Summer,574,99.12,162738.75,12,2.21,0,1,9.0,26786,2655028.32,0
Drama,Summer,1426,184.41,433969.03,2,8.67,0,1,7.98,22587,4165268.67,1
Musical,Spring,1538,38.46,459922.65,5,5.4,1,0,9.31,60904,2342367.84,1
Musical,Winter,420,105.94,425280.62,31,9.42,1,1,9.65,103118,10924320.92,1
Musical,Spring,497,92.06,164564.11,27,9.6,1,1,9.33,106278,9783952.68,1
Family,Winter,1414,74.35,122108.4,18,1.28,0,0,5.62,172340,12813479.0,0
Experimental,Summer,414,183.88,446936.32,25,4.46,0,0,5.17,42101,7741531.88,0
Drama,Winter,1784,173.3,229208.76,16,5.74,0,0,1.95,139947,24252815.1,0
Family,Spring,397,145.49,355331.16,20,5.86,0,0,2.94,57745,8401320.05,1
Drama,Spring,1953,229.92,414446.28,29,8.4,0,1,6.87,416254,95705119.68,1
Comedy,Winter,1408,48.21,142454.89,4,2.27,0,1,2.15,40237,1939825.77,1
Thriller,Winter,997,58.68,63953.23,12,6.6,0,1,9.48,94754,5560164.72,1
Family,Fall,683,111.28,314289.64,5,9.48,0,1,3.04,27046,3009678.88,1
Experimental,Spring,820,172.57,297145.17,25,9.97,0,1,1.79,107275,18512446.75,0
Musical,Winter,1547,156.42,138749.04,26,1.09,1,0,3.12,210212,32881361.04,0
Drama,Summer,1555,41.66,294429.83,23,9.75,0,1,1.44,283258,11800528.28,1
Drama,Winter,575,240.65,396226.84,20,2.1,0,0,2.49,46063,11085060.95,0
Comedy,Winter,1177,93.64,178255.44,16,5.83,0,0,6.29,148751,13929043.64,1
Experimental,Winter,1987,105.77,124947.27,2,3.22,0,0,3.6,13586,1436991.22,0
Family,Fall,663,165.32,363875.6,25,6.46,0,0,8.21,131274,21702217.68,1
Comedy,Fall,1448,237.66,394006.65,28,1.33,0,0,4.64,207359,49280939.94,0
Experimental,Fall,509,174.1,477373.27,30,3.14,0,0,7.43,75979,13227943.9,0
Tragedy,Spring,1701,239.82,78054.98,12,3.71,0,0,7.37,60227,14443639.14,0
Tragedy,Summer,506,67.21,445185.73,8,9.24,0,1,2.22,29360,1973285.6,1
Tragedy,Fall,735,164.23,383723.91,21,6.25,0,0,1.51,75695,12431389.85,0
Drama,Winter,1026,211.5,352440.45,2,7.37,0,0,8.58,16251,3437086.5,1
Experimental,Fall,867,139.53,159961.55,3,7.08,0,0,7.31,12400,1730172.0,0
Musical,Fall,506,106.49,15985.51,26,4.53,1,0,2.57,69135,7362186.15,0
Drama,Spring,1353,246.57,256237.49,30,1.13,0,0,7.12,127311,31391073.27,0
Drama,Summer,235,56.72,146455.84,14,1.96,0,0,3.97,16723,948528.56,0
Drama,Fall,1970,117.46,148461.4,17,5.13,0,0,1.51,195536,22967658.56,0
Musical,Winter,293,221.51,463933.6,18,9.47,1,1,3.06,41770,9252472.7,1
Musical,Summer,800,227.61,80719.6,6,3.24,1,0,7.8,20154,4587251.94,0
Thriller,Spring,1873,245.59,467445.03,8,7.28,0,0,4.52,111020,27265401.8,1
Experimental,Summer,479,224.09,254384.32,10,8.44,0,1,5.9,21548,4828691.32,0
Musical,Spring,331,36.47,419948.24,27,9.16,1,1,2.23,70781,2581383.07,1
Comedy,Fall,1539,234.2,145375.85,15,3.64,0,0,1.83,93151,21815964.2,0
Tragedy,Fall,331,121.34,318790.73,23,9.38,0,1,3.15,52752,6400927.68,0
Experimental,Winter,1819,171.61,280511.26,7,6.47,0,1,5.25,61987,10637589.07,0
Thriller,Winter,1012,113.71,462462.21,30,5.58,0,0,8.62,240451,27341683.21,1
Family,Spring,1764,208.08,93752.72,28,8.01,0,1,7.87,380846,79246435.68,1
Thriller,Spring,641,154.58,106262.1,16,3.15,0,0,2.44,42132,6512764.56,0
Comedy,Summer,454,215.25,474737.38,8,8.31,0,1,1.64,28765,6191666.25,1
Drama,Spring,1932,68.6,53492.49,31,6.85,0,1,3.03,338745,23237907.0,0
Experimental,Winter,1571,66.62,319167.82,26,8.19,0,1,8.67,296867,19777279.54,1
Family,Spring,1839,124.08,34979.24,17,8.7,0,1,5.64,247602,30722456.16,1
Musical,Spring,775,26.07,43110.45,10,6.56,1,1,8.26,61380,1600176.6,1
Family,Winter,928,180.89,300588.63,20,1.33,0,0,4.33,100275,18138744.75,0
Musical,Winter,1239,91.61,277927.14,13,3.68,1,0,6.31,127567,11686412.87,1
Family,Spring,1007,150.39,288647.97,22,8.9,0,1,6.35,175459,26387279.01,1
Family,Summer,636,40.75,239457.79,26,6.64,0,1,6.64,130965,5336823.75,1
Musical,Fall,875,63.39,372467.87,16,9.01,1,1,5.23,110880,7028683.2,1
Tragedy,Fall,1295,165.14,496133.33,3,4.46,0,0,3.15,20461,3378929.54,0
Musical,Winter,268,93.77,141511.72,18,5.54,1,0,4.86,38206,3582576.62,1
Tragedy,Summer,804,73.31,165102.64,27,8.76,0,1,9.77,151354,11095761.74,0
Experimental,Spring,727,76.49,164909.52,8,7.86,0,1,3.45,29688,2270835.12,0
Musical,Summer,326,73.33,382818.13,30,4.4,1,1,7.52,77457,5679921.81,1
Comedy,Fall,420,165.14,177267.67,12,1.2,0,0,9.5,29074,4801280.36,0
Experimental,Fall,1092,62.73,339984.85,22,8.92,0,1,6.1,155465,9752319.45,0
Comedy,Fall,384,106.61,225714.34,23,8.08,0,1,5.4,69949,7457262.89,1
Musical,Winter,820,179.77,305863.31,7,5.04,1,0,2.09,44215,7948530.55,1
Tragedy,Winter,1209,140.58,415362.61,3,5.92,0,1,7.78,28679,4031693.82,1
Tragedy,Summer,1772,159.39,259459.05,30,2.84,0,0,9.2,249297,39735448.83,0
Thriller,Summer,377,81.45,240210.73,23,4.71,0,0,9.83,58182,4738923.9,0
Comedy,Fall,982,234.86,137152.42,20,2.47,0,0,2.81,70352,16522870.72,0
Experimental,Summer,385,118.12,260372.77,11,2.9,0,0,9.28,18639,2201638.68,0
Tragedy,Summer,971,89.57,134894.08,5,8.62,0,1,4.33,31808,2849042.56,0
Comedy,Spring,1064,228.47,422567.25,10,4.26,0,0,6.57,77154,17627374.38,1
Experimental,Summer,1638,172.44,197487.69,18,8.33,0,1,3.01,124920,21541204.8,0
Experimental,Fall,996,163.14,68908.28,22,5.27,0,1,3.24,62533,10201633.62,0
Tragedy,Winter,1883,224.52,123783.93,11,1.64,0,0,6.57,60620,13610402.4,0
Musical,Winter,447,38.17,269617.83,8,4.25,1,1,5.36,28321,1081012.57,1
Thriller,Summer,295,213.48,458562.32,9,2.42,0,1,9.68,17074,3644957.52,0
Tragedy,Spring,208,177.52,153777.94,30,7.24,0,0,3.38,32832,5828336.64,0
Drama,Spring,842,106.0,135871.17,20,9.2,0,0,8.9,119757,12694242.0,1
Thriller,Summer,547,82.68,206247.12,31,7.87,0,1,5.14,109390,9044365.2,0
Family,Fall,364,48.58,484038.47,2,8.01,0,1,2.21,5765,280063.7,1
Musical,Winter,624,236.74,423383.74,15,8.76,1,0,3.15,74131,17549772.94,1
Family,Winter,1954,56.93,79085.64,15,7.99,0,1,7.8,232135,13215445.55,1
Musical,Spring,1640,83.37,308807.88,14,6.12,1,0,8.44,181843,15160250.91,1
Family,Fall,233,180.5,396972.78,13,7.43,0,1,1.36,23989,4330014.5,1
Comedy,Summer,1847,184.78,385165.12,4,4.74,0,0,4.69,50582,9346541.96,0
Musical,Spring,569,61.17,246978.52,2,1.64,1,1,5.45,9012,551264.04,1
Experimental,Fall,930,208.18,367256.54,25,7.35,0,1,6.54,124655,25950677.9,0
Drama,Spring,789,139.81,293875.37,15,7.49,0,0,6.86,87502,12233654.62,1
Thriller,Summer,929,215.9,104715.27,6,3.01,0,0,8.48,19461,4201629.9,0
Drama,Fall,1569,44.64,32746.55,12,9.59,0,1,3.46,149117,6656582.88,1
Experimental,Summer,1482,34.64,187902.34,29,1.47,0,0,2.01,131937,4570297.68,0
Family,Fall,1269,168.32,35659.81,16,7.62,0,0,2.68,120347,20256807.04,0
Family,Summer,1328,58.76,200531.63,31,9.72,0,1,9.43,326050,19158698.0,1
Tragedy,Winter,1509,143.11,415295.11,6,3.78,0,1,5.92,71707,10261988.77,1
Tragedy,Spring,531,28.17,422925.6,5,9.21,0,1,2.97,21027,592330.59,1
Thriller,Spring,912,200.48,21866.59,18,8.44,0,0,8.07,91329,18309637.92,0
Family,Fall,393,227.39,39420.06,22,7.7,0,1,6.28,60273,13705477.47,0
Family,Summer,1467,213.75,336584.21,31,9.58,0,1,4.31,360177,76987833.75,1
Musical,Fall,987,240.63,252499.35,15,6.89,1,1,1.16,95903,23077138.89,0
Thriller,Spring,1347,228.2,78932.4,8,5.45,0,1,8.05,58830,13425006.0,0
Musical,Fall,1216,124.9,403737.16,18,7.08,1,1,7.46,173352,21651664.8,1
Comedy,Winter,692,114.63,112165.6,11,4.71,0,0,3.36,41075,4708427.25,0
Family,Spring,449,226.64,43683.88,7,3.92,0,1,3.39,12147,2752996.08,0
Drama,Summer,1951,233.56,376006.03,4,1.74,0,0,3.44,27038,6314995.28,0
Family,Winter,727,243.89,306022.36,23,4.4,0,1,7.03,132430,32298352.7,1
Tragedy,Fall,397,197.87,200249.16,21,8.23,0,1,3.65,56251,11130385.37,0
Drama,Spring,750,70.45,347899.47,6,9.51,0,1,3.79,35640,2510838.0,1
Comedy,Spring,1824,237.61,456133.44,18,9.78,0,1,4.39,260029,61785490.69,1
Tragedy,Winter,670,238.11,21920.31,28,2.86,0,1,9.82,73613,17527991.43,0
Family,Winter,1976,174.88,315701.32,26,6.14,0,1,5.14,406897,71158147.36,1
Thriller,Summer,1029,217.89,112992.81,15,6.18,0,0,4.4,62201,13552975.89,0
Experimental,Summer,1751,151.26,239698.19,3,2.58,0,0,5.23,14691,2222160.66,0
Experimental,Winter,1375,237.43,214870.66,21,6.23,0,0,7.47,152707,36257223.01,0
Family,Spring,279,46.14,198039.94,17,4.26,0,0,8.95,37564,1733202.96,1
Thriller,Spring,1116,219.39,99226.27,29,9.48,0,1,9.92,234866,51527251.74,1
Comedy,Winter,950,37.49,402311.72,18,3.3,0,1,5.37,135432,5077345.68,1
Comedy,Spring,562,101.3,192862.69,24,8.51,0,1,5.14,106824,10821271.2,1
Musical,Winter,1189,55.45,444162.15,17,9.07,1,1,3.97,160086,8876768.7,1
Comedy,Summer,385,132.81,180560.8,18,7.62,0,0,8.01,49379,6558024.99,1
Experimental,Winter,1456,77.26,420658.11,11,2.93,0,0,6.9,86463,6680131.38,0
Comedy,Spring,1679,239.22,274510.83,14,3.34,0,0,4.27,97793,23394041.46,0
Musical,Winter,366,150.85,195884.49,10,9.74,1,0,5.67,28987,4372688.95,1
Thriller,Spring,1062,226.99,353495.95,15,1.68,0,0,2.85,68839,15625764.61,0
Experimental,Spring,1379,87.56,394394.04,30,2.05,0,0,7.25,190425,16673613.0,0
Experimental,Fall,311,30.84,243931.94,12,9.81,0,0,3.27,23677,730198.68,0
Drama,Fall,900,199.52,215583.11,15,7.99,0,1,4.15,85541,17067140.32,0
Tragedy,Winter,664,183.03,290822.39,30,7.72,0,1,1.61,109673,20073449.19,0
Tragedy,Spring,270,147.74,294655.87,6,2.44,0,0,2.98,7121,1052056.54,0
Drama,Spring,1647,208.45,215612.21,9,5.4,0,0,2.75,63792,13297442.4,0
Drama,Fall,1000,214.02,380043.12,16,8.57,0,0,7.62,126720,27120614.4,1
Drama,Winter,1553,157.28,202862.12,14,3.96,0,0,7.25,129284,20333787.52,0
Experimental,Summer,1256,242.33,229234.18,12,2.73,0,0,5.84,49887,12089116.71,0
Family,Winter,1776,186.94,304632.52,25,1.1,0,0,4.48,265918,49710710.92,0
Family,Winter,1994,177.3,493490.21,16,6.6,0,0,9.0,252679,44799986.7,1
Family,Winter,1283,106.32,134039.62,12,3.64,0,0,8.96,121936,12964235.52,1
Experimental,Fall,833,25.51,119816.64,16,8.77,0,1,6.43,80714,2059014.14,0
Musical,Fall,961,79.21,92559.2,28,3.55,1,0,6.92,180860,14325920.6,0
Experimental,Fall,1685,196.88,346274.89,31,2.36,0,0,8.17,216062,42538286.56,0
Musical,Fall,967,184.72,227301.85,9,9.64,1,0,7.5,68927,12732195.44,1
Tragedy,Fall,1135,99.48,197360.14,3,9.68,0,1,3.02,19841,1973782.68,0
Thriller,Fall,549,165.76,106024.74,2,7.17,0,1,5.53,7723,1280164.48,0
Comedy,Summer,1982,68.94,446113.5,15,9.36,0,1,2.37,235461,16232681.34,1
Drama,Fall,1371,84.32,224370.65,20,2.46,0,0,8.28,176411,14874975.52,0
Drama,Winter,794,238.17,305808.19,3,5.14,0,0,6.88,14195,3380823.15,0
Family,Winter,1253,117.97,60702.14,17,2.84,0,0,9.81,152535,17994553.95,1
Comedy,Fall,922,80.12,58446.25,13,5.31,0,1,2.23,83264,6671111.68,0
Comedy,Spring,478,134.6,38340.5,29,8.12,0,1,5.59,109787,14777330.2,1
Experimental,Fall,1774,112.08,186836.31,20,8.6,0,0,7.52,207761,23285852.88,0
Drama,Summer,1794,189.14,239078.87,14,1.04,0,0,8.81,103149,19509601.86,0
Experimental,Spring,1702,241.48,126066.18,19,4.51,0,1,8.68,131495,31753412.6,0
Experimental,Spring,863,158.14,178090.37,6,9.95,0,1,2.82,24278,3839322.92,0
Thriller,Fall,661,158.01,8098.72,16,6.3,0,1,9.84,70128,11080925.28,0
Drama,Winter,289,107.09,178788.79,11,3.67,0,1,9.83,22819,2443686.71,1
Drama,Fall,1516,152.04,63989.81,7,4.5,0,1,9.72,73985,11248679.4,0
Drama,Summer,790,96.85,68550.32,13,3.9,0,0,6.52,46055,4460426.75,0
Thriller,Spring,1805,25.25,7230.52,21,5.03,0,1,8.49,240548,6073837.0,0
Drama,Fall,1765,219.87,349708.38,19,5.0,0,1,1.68,206223,45342251.01,0
Tragedy,Spring,430,121.62,465985.47,30,5.56,0,0,3.3,76004,9243606.48,0
Musical,Winter,1850,135.72,312665.05,10,5.18,1,1,1.83,146520,19885694.4,1
Tragedy,Winter,452,43.79,52620.02,22,5.65,0,0,5.55,54041,2366455.39,0
Musical,Winter,1082,213.35,494876.48,18,1.25,1,0,9.68,154249,32909024.15,1
Thriller,Summer,1053,63.33,487914.66,28,1.49,0,0,6.84,233513,14788378.29,1
Musical,Spring,1921,117.39,236776.1,29,4.34,1,0,5.15,441215,51794228.85,1
Drama,Summer,1383,214.06,58395.26,23,8.96,0,1,8.14,194409,41615190.54,0
Drama,Winter,1775,128.0,361765.96,14,8.12,0,1,5.95,196812,25191936.0,1
Family,Spring,1272,234.51,480926.76,18,1.99,0,1,5.12,178967,41969551.17,1
Musical,Winter,1685,72.1,390456.3,21,5.45,1,0,6.66,280249,20205952.9,1
Tragedy,Spring,1733,185.93,313980.41,26,6.44,0,1,5.61,284899,52971271.07,0
Thriller,Spring,1747,245.05,307361.79,8,5.33,0,0,6.77,82784,20286219.2,0
Tragedy,Spring,940,148.66,489069.47,28,7.28,0,1,8.22,208454,30988771.64,1
Thriller,Winter,887,180.74,41194.07,26,9.98,0,1,5.16,180685,32657006.9,1
Family,Fall,1972,113.48,79030.23,4,1.87,0,1,4.74,46209,5243797.32,0
Comedy,Summer,1561,194.05,416251.67,10,5.64,0,1,6.03,121903,23655277.15,1
Family,Fall,1851,229.5,76830.97,9,5.61,0,0,9.14,90390,20744505.0,0
Comedy,Fall,1239,183.19,194731.76,19,6.06,0,1,4.81,162546,29776801.74,0
Experimental,Fall,1872,235.58,144342.13,8,2.5,0,0,8.63,23824,5612457.92,0
Tragedy,Fall,1495,157.45,125505.13,11,6.75,0,1,6.55,97435,15341140.75,0
Family,Spring,1536,154.86,17732.37,7,1.4,0,0,1.11,32664,5058347.04,0
Experimental,Summer,520,93.54,285294.38,4,7.67,0,0,5.29,10736,1004245.44,0
Family,Fall,1220,184.67,203613.56,15,6.97,0,1,2.89,129108,23842374.36,1
Family,Spring,1516,223.44,278037.16,11,3.97,0,1,2.35,102965,23006499.6,0
Tragedy,Summer,1569,170.42,155731.56,17,9.9,0,1,3.11,138681,23634016.02,0
Musical,Spring,1923,77.43,471023.12,8,8.46,1,1,7.41,121841,9434148.63,1
Tragedy,Winter,788,147.42,297716.86,10,5.86,0,1,6.65,51484,7589771.28,0
Drama,Spring,744,195.09,480797.49,28,9.91,0,1,5.83,164989,32187704.01,1
Experimental,Spring,1945,236.36,178252.95,26,8.47,0,1,5.46,176516,41721321.76,0
Drama,Fall,1975,60.23,6133.32,9,2.24,0,0,4.5,72516,4367638.68,0
Drama,Spring,523,53.69,391726.45,6,6.32,0,1,8.98,24852,1334303.88,1
Drama,Summer,881,117.91,414552.53,31,6.23,0,1,9.39,216303,25504286.73,1
Thriller,Summer,1906,53.26,34058.18,22,6.88,0,1,7.88,263098,14012599.48,0
Tragedy,Spring,559,245.6,314557.77,16,9.47,0,1,3.59,49751,12218845.6,0
Experimental,Winter,1609,120.47,332203.84,22,5.43,0,0,9.22,202816,24433243.52,0
Comedy,Fall,402,145.06,77138.26,8,1.7,0,0,8.37,18793,2726112.58,0
Drama,Spring,520,76.09,278499.65,14,5.31,0,1,2.12,48551,3694245.59,0
Musical,Fall,1612,126.05,125383.45,13,8.09,1,0,4.08,165971,20920644.55,1
Musical,Fall,1293,246.56,13143.59,23,4.23,1,0,3.95,97033,23924456.48,0
Comedy,Fall,1198,134.95,434120.99,7,1.24,0,0,7.57,62840,8480258.0,1
Experimental,Fall,1741,26.99,248389.11,16,3.73,0,0,5.72,125761,3394289.39,0
Tragedy,Winter,752,79.57,391941.05,27,7.14,0,0,3.4,135866,10810857.62,0
Experimental,Summer,1105,245.15,362832.05,7,1.77,0,0,3.08,16686,4090572.9,0
Musical,Summer,1295,247.54,496884.1,5,4.38,1,0,5.12,48893,12102973.22,1
Musical,Fall,1531,72.36,221786.93,26,2.2,1,0,6.99,311408,22533482.88,1
Family,Winter,797,163.43,216637.55,28,5.28,0,1,5.58,176742,28884945.06,1
Musical,Fall,1340,42.3,144469.01,14,2.27,1,0,3.35,133783,5659020.9,1
Musical,Spring,1007,154.92,314447.87,3,1.98,1,1,6.58,23926,3706615.92,1
Comedy,Summer,1175,53.33,245625.69,18,7.28,0,1,9.99,167508,8933201.64,1
Experimental,Fall,1752,209.2,365736.76,10,2.42,0,0,2.59,57538,12036949.6,0
Thriller,Spring,908,236.4,181473.29,19,2.39,0,1,5.76,70282,16614664.8,0
Musical,Winter,1402,63.92,69768.15,6,6.33,1,0,4.38,66623,4258542.16,1
Family,Winter,1895,129.11,431905.55,26,1.39,0,0,2.97,385199,49733042.89,1
Family,Winter,1572,47.96,414883.24,22,1.3,0,0,8.88,273905,13136483.8,1
Family,Spring,1979,101.31,178745.09,21,4.88,0,0,9.62,329147,33345882.57,1
Experimental,Fall,1250,39.65,346724.1,17,4.29,0,0,4.15,122579,4860257.35,0
Drama,Fall,707,84.52,248739.44,8,5.9,0,1,4.13,44795,3786073.4,1
Experimental,Fall,1984,247.8,381681.19,30,9.94,0,1,1.83,263698,65344364.4,0
Comedy,Winter,1360,35.04,198115.52,9,4.91,0,1,6.56,96940,3396777.6,1
Family,Summer,634,218.27,270141.42,12,6.18,0,1,1.24,48977,10690209.79,0
Thriller,Fall,770,42.43,33618.97,29,9.27,0,1,5.47,176853,7503872.79,1
Family,Fall,672,144.02,91580.44,3,5.35,0,0,2.38,11261,1621809.22,0
Thriller,Winter,1700,126.73,391973.98,5,8.03,0,0,7.05,67320,8531463.6,1
Thriller,Winter,366,234.6,193874.91,24,5.94,0,0,9.36,52943,12420427.8,0
Thriller,Summer,1531,69.79,22377.18,13,6.73,0,0,1.8,97457,6801524.03,0
Family,Winter,1197,65.43,87979.96,19,9.39,0,1,8.0,180124,11785513.32,1
Family,Spring,332,193.46,208741.03,19,1.01,0,0,8.48,35411,6850612.06,0
Musical,Summer,1304,188.29,360366.99,26,9.11,1,0,2.59,268519,50559442.51,1
Family,Fall,1555,182.32,184925.1,20,5.48,0,1,9.3,234400,42735808.0,1
Tragedy,Spring,1506,30.88,373866.95,14,6.46,0,1,6.59,162646,5022508.48,1
Comedy,Summer,1151,83.49,429739.99,18,5.05,0,0,5.81,164086,13699540.14,1
Tragedy,Fall,803,213.98,173862.62,24,3.35,0,0,7.04,72147,15438015.06,0
Experimental,Fall,494,160.19,401185.91,13,1.59,0,0,3.59,28124,4505183.56,0
Experimental,Spring,222,160.49,67805.93,7,9.51,0,1,1.23,6686,1073036.14,0
Family,Summer,847,91.58,210565.34,16,6.61,0,0,4.98,89720,8216557.6,0
Tragedy,Spring,1338,83.54,53293.39,31,8.86,0,1,7.69,242519,20260037.26,0
Family,Fall,267,237.97,31001.35,5,3.62,0,0,9.27,6001,1428057.97,0
Comedy,Summer,1997,188.74,36941.05,7,3.5,0,0,4.87,50010,9438887.4,0
Thriller,Fall,1254,53.54,56852.25,31,4.02,0,0,3.37,231545,12396919.3,0
Thriller,Fall,730,235.98,418684.33,26,3.08,0,0,2.18,111160,26231536.8,0
Drama,Winter,1931,156.03,274120.18,5,5.48,0,1,9.42,76467,11931146.01,1
Drama,Spring,531,100.01,473957.15,8,9.43,0,0,3.08,33644,3364736.44,1
Musical,Winter,1923,114.36,271310.15,22,8.88,1,1,9.2,335063,38317804.68,1
Musical,Spring,707,188.22,316212.11,25,5.46,1,1,2.65,139986,26348164.92,1
Tragedy,Spring,883,109.66,96319.56,24,4.14,0,1,1.16,77151,8460378.66,0
Tragedy,Spring,965,155.22,272587.61,27,6.51,0,0,3.02,104841,16273420.02,0
Drama,Spring,1990,184.86,195724.76,17,6.51,0,1,5.44,215122,39767452.92,0
Comedy,Winter,651,68.96,466060.49,28,7.15,0,1,4.14,144365,9955410.4,1
Thriller,Spring,1951,237.45,467291.0,19,5.82,0,0,9.17,262665,62369804.25,1
Drama,Fall,824,105.14,103256.81,16,1.24,0,1,5.91,65626,6899917.64,0
Comedy,Summer,713,119.36,311964.78,21,1.68,0,0,2.06,76893,9177948.48,0
Comedy,Spring,1348,182.17,320897.02,14,9.76,0,1,6.63,149466,27228221.22,1
Tragedy,Summer,1448,161.98,283454.86,20,7.72,0,1,4.5,161744,26199293.12,0
Comedy,Spring,821,124.03,66543.21,27,9.53,0,1,7.11,175562,21774954.86,1
Family,Summer,441,171.19,328737.58,30,4.06,0,1,8.08,88978,15232143.82,0
Comedy,Fall,912,228.14,400547.22,19,5.81,0,0,9.87,137237,31309249.18,1
Tragedy,Fall,1172,205.06,175886.89,2,3.9,0,0,6.19,9213,1889217.78,0
Comedy,Summer,272,210.46,259703.09,20,9.18,0,0,4.3,34004,7156481.84,0
Drama,Winter,341,83.14,62582.33,9,3.59,0,0,4.9,17917,1489619.38,0
Thriller,Fall,1852,119.37,465690.91,9,7.24,0,0,4.62,132010,15758033.7,1
Drama,Summer,264,149.61,59221.24,28,2.58,0,0,5.05,22382,3348571.02,0
Comedy,Summer,932,34.94,108146.67,15,1.95,0,0,1.27,63378,2214427.32,0
Family,Spring,1575,198.2,152746.85,25,2.4,0,1,3.23,184937,36654513.4,0
Experimental,Winter,790,97.78,413766.17,13,5.77,0,0,9.89,68729,6720321.62,0
Thriller,Winter,1090,88.58,351824.68,20,8.6,0,1,9.35,172656,15293868.48,1
Experimental,Summer,355,83.34,8472.15,21,9.99,0,1,1.43,34313,2859645.42,0
Family,Fall,1629,88.76,95862.97,28,6.6,0,1,9.82,361247,32064283.72,1
Tragedy,Fall,1341,101.05,376324.83,7,5.8,0,0,8.13,65381,6606750.05,0
Family,Fall,1732,161.09,204898.07,18,8.08,0,1,1.02,242104,39000533.36,1
Comedy,Spring,1754,156.3,17975.7,14,1.57,0,0,9.22,115577,18064685.1,0
Tragedy,Winter,831,82.54,482138.85,15,8.28,0,1,9.64,98722,8148513.88,1
Tragedy,Winter,274,71.45,79860.29,27,7.83,0,1,6.66,51835,3703610.75,0
Experimental,Winter,823,210.93,257680.99,6,5.77,0,0,8.09,22920,4834515.6,0
Family,Winter,461,45.86,127916.47,18,1.21,0,0,3.99,52717,2417601.62,0
Tragedy,Winter,1159,140.39,370047.31,13,2.82,0,0,6.15,87009,12215193.51,0
Thriller,Fall,463,142.13,389479.42,28,4.33,0,0,7.58,94740,13465396.2,1
Drama,Spring,1859,154.18,201624.1,8,9.47,0,1,6.05,117786,18160245.48,1
Family,Summer,1284,224.27,330932.56,8,6.75,0,1,3.74,66755,14971143.85,0
Tragedy,Spring,655,165.38,454991.42,4,5.59,0,0,6.84,16803,2778880.14,0
Tragedy,Spring,1858,244.07,408330.51,15,5.4,0,0,8.55,143855,35110689.85,0
Family,Winter,1585,221.05,210374.37,2,8.02,0,1,8.52,25106,5549681.3,1
Thriller,Winter,987,73.32,223530.65,17,3.91,0,0,2.19,114015,8359579.8,0
Musical,Fall,463,79.27,444004.75,8,1.85,1,0,5.01,29335,2325385.45,1
Comedy,Fall,818,102.57,22014.54,14,7.09,0,0,1.35,74350,7626079.5,0
Drama,Spring,1251,113.09,16291.73,20,3.96,0,1,6.69,133827,15134495.43,0
Family,Spring,1578,149.42,106868.69,22,3.93,0,0,3.18,185913,27779120.46,0
Musical,Winter,671,77.32,414672.71,3,5.09,1,0,9.37,15942,1232635.44,1
Drama,Summer,1536,75.03,80840.53,6,3.18,0,0,6.56,45429,3408537.87,0
Thriller,Fall,709,110.81,146213.25,11,9.3,0,0,4.61,54880,6081252.8,0
Thriller,Summer,644,176.21,316389.0,17,8.62,0,1,7.58,86268,15201284.28,1
Tragedy,Spring,1004,179.83,96200.19,28,9.92,0,1,2.87,148219,26654222.77,0
Experimental,Winter,489,244.63,155042.59,6,9.68,0,1,1.82,13559,3316938.17,0
Experimental,Winter,928,70.54,236121.8,4,3.83,0,0,1.79,14199,1001597.46,0
Musical,Fall,844,113.39,117914.1,20,4.43,1,0,6.25,133689,15158995.71,1
Experimental,Summer,704,242.05,496244.77,31,7.28,0,1,9.0,100083,24225090.15,0
Thriller,Fall,1596,180.25,85905.78,26,1.14,0,0,3.0,125673,22652558.25,0
Thriller,Winter,797,158.26,425718.87,18,9.94,0,1,7.84,113620,17981501.2,1
Musical,Fall,1451,146.42,237699.42,2,1.1,1,0,1.34,15450,2262189.0,0
Thriller,Summer,1496,41.99,68916.22,19,5.78,0,1,4.18,174502,7327338.98,0
Family,Summer,1398,226.01,63650.65,15,7.02,0,1,6.88,126550,28601565.5,0
Thriller,Fall,684,165.74,252646.55,15,9.23,0,0,8.44,81259,13467866.66,1
Musical,Summer,1692,153.63,179992.48,16,6.8,1,0,9.49,214410,32939808.3,1
Tragedy,Fall,625,146.39,121128.14,18,6.37,0,0,6.69,52950,7751350.5,0
Experimental,Spring,698,113.18,479674.87,23,3.7,0,0,5.16,78052,8833925.36,0
Family,Spring,1774,82.3,234372.97,7,6.32,0,1,1.55,98350,8094205.0,1
Musical,Winter,811,194.95,464761.44,4,7.75,1,1,3.48,25692,5008655.4,1
Experimental,Summer,1454,139.65,86179.86,3,5.64,0,0,9.31,12803,1787938.95,0
Experimental,Summer,276,32.64,95815.7,14,8.02,0,1,6.25,20663,674440.32,0
Drama,Fall,1305,114.8,300033.71,17,1.63,0,0,4.08,112929,12964249.2,0
Family,Summer,1763,233.94,138588.44,25,4.02,0,0,3.24,142715,33386747.1,0
Comedy,Winter,1475,109.13,96544.24,15,9.64,0,0,2.02,160418,17506416.34,1
Thriller,Spring,1248,117.98,51869.27,17,3.91,0,0,7.76,114915,13557671.7,0
Tragedy,Winter,1728,165.39,42753.98,31,6.6,0,1,4.71,268799,44456666.61,0
Family,Spring,736,205.38,377818.35,24,5.68,0,0,9.43,139898,28732251.24,1
Experimental,Summer,878,175.4,144670.76,22,9.43,0,1,5.09,75917,13315841.8,0
Family,Fall,324,216.26,489317.48,12,2.46,0,0,8.37,30792,6659077.92,1
Experimental,Winter,1457,50.64,95644.96,6,3.69,0,0,2.17,29366,1487094.24,0
Experimental,Spring,1502,233.03,180451.09,29,8.76,0,0,2.36,148138,34520598.14,0
Musical,Fall,1552,228.38,190579.77,18,7.0,1,1,3.46,209820,47918691.6,1
Drama,Spring,1547,141.81,252575.63,4,5.89,0,1,2.72,34757,4928890.17,0
Family,Spring,429,165.57,435964.76,16,4.55,0,0,9.79,54362,9000716.34,1
Thriller,Winter,1399,72.88,418211.25,4,4.7,0,0,8.27,44320,3230041.6,1
Musical,Fall,1573,125.79,9928.38,31,9.41,1,1,4.14,386202,48580349.58,1
Musical,Summer,566,70.61,207581.26,17,7.04,1,0,5.68,76206,5380905.66,1
Tragedy,Fall,1057,29.94,414828.68,25,9.36,0,1,5.8,209286,6266022.84,1
Thriller,Summer,1843,245.7,5097.91,16,9.75,0,1,6.46,172861,42471947.7,0
Drama,Summer,946,83.31,269151.59,2,5.92,0,0,1.93,11079,922991.49,0
Drama,Summer,1555,158.45,133440.43,21,6.49,0,1,4.14,164469,26060113.05,0
Musical,Summer,1154,92.56,209320.43,21,6.91,1,1,1.77,191933,17765318.48,1
Tragedy,Winter,1383,108.39,213050.83,8,8.55,0,0,9.27,71374,7736227.86,0
Musical,Summer,1327,114.5,198918.45,23,6.93,1,1,4.63,241726,27677627.0,1
Thriller,Summer,1371,100.39,446515.31,8,2.03,0,1,7.54,85909,8624404.51,1
Tragedy,Fall,1602,168.41,270549.49,22,9.48,0,1,9.29,279132,47008620.12,1
Tragedy,Winter,1827,241.21,452354.63,24,6.95,0,0,3.78,266326,64240494.46,0
Thriller,Summer,732,121.44,364737.49,6,8.83,0,0,1.79,29625,3597660.0,0
Tragedy,Winter,1870,244.0,178804.44,10,4.82,0,1,4.03,85198,20788312.0,0
Family,Summer,1330,175.25,249314.02,6,5.27,0,1,7.04,61455,10769988.75,1
Family,Fall,1272,161.61,197979.98,23,7.2,0,0,5.5,191955,31021847.55,0
Experimental,Winter,789,78.35,415144.27,9,7.99,0,1,1.67,47257,3702585.95,0
Family,Summer,950,39.16,97860.92,21,1.71,0,0,1.63,114293,4475713.88,0
Tragedy,Spring,1372,216.69,468524.08,14,4.67,0,1,7.3,117559,25473859.71,0
Tragedy,Fall,854,154.15,292310.12,4,7.93,0,1,7.63,20468,3155142.2,0
Drama,Spring,717,118.24,307820.19,28,9.93,0,1,1.99,156916,18553747.84,1
Thriller,Summer,1674,207.69,260816.69,23,1.1,0,0,8.15,129560,26908316.4,0
Musical,Winter,947,94.88,279475.76,9,3.38,1,1,4.11,67502,6404589.76,1
Experimental,Summer,1360,201.31,335499.33,28,5.18,0,0,1.61,95458,19216649.98,0
Family,Fall,256,98.79,329242.45,23,3.01,0,0,4.0,46632,4606775.28,1
Musical,Fall,339,232.2,111002.81,26,1.24,1,0,7.57,41285,9586377.0,0
Family,Spring,1726,85.29,293307.88,7,5.86,0,0,6.9,95689,8161314.81,1
Musical,Summer,455,55.95,180540.09,2,6.84,1,1,5.33,7207,403231.65,1
Family,Fall,1632,182.07,320330.0,3,4.74,0,1,3.52,36984,6733676.88,1
Musical,Spring,1820,61.64,276178.12,18,4.33,1,0,4.76,259459,15993052.76,1
Tragedy,Summer,1066,238.61,93941.57,25,9.87,0,1,4.43,147211,35126016.71,0
Thriller,Summer,1792,172.5,368693.29,29,5.3,0,0,4.51,320080,55213800.0,0
Family,Winter,969,76.94,231221.66,30,8.18,0,1,5.41,230234,17714203.96,1
Comedy,Spring,1913,71.98,277963.57,19,3.58,0,0,5.1,254480,18317470.4,0
Experimental,Winter,626,232.87,337958.22,20,8.47,0,1,1.92,58916,13719768.92,0
Family,Summer,970,161.77,328171.53,10,8.41,0,1,3.61,76635,12397243.95,1
Drama,Fall,900,226.09,375719.77,2,3.41,0,1,2.16,11449,2588504.41,0
Thriller,Fall,1611,49.8,107342.11,7,6.9,0,0,6.42,76927,3830964.6,0
Family,Summer,278,233.21,59643.66,3,7.14,0,1,4.81,4857,1132700.97,0
Comedy,Winter,1690,142.01,336243.89,22,4.98,0,0,7.05,294465,41816974.65,1
Family,Spring,242,175.39,121812.55,17,7.96,0,0,1.79,21076,3696519.64,0
Experimental,Spring,768,108.9,61729.41,25,3.76,0,1,4.1,78819,8583389.1,0
Family,Winter,1272,38.31,69962.56,6,5.36,0,1,2.62,60445,2315647.95,1
Family,Fall,461,240.54,159836.06,29,9.91,0,1,1.83,89166,21447989.64,0
Thriller,Winter,1082,248.78,495934.59,23,2.61,0,1,7.96,196553,48898455.34,1
Drama,Summer,1994,107.02,82843.86,29,2.33,0,0,2.18,171704,18375762.08,0
Family,Spring,1681,237.37,152775.6,21,2.28,0,0,2.57,110463,26220602.31,0
Comedy,Spring,254,62.74,460763.41,12,9.98,0,1,4.3,24140,1514543.6,1
Tragedy,Summer,1265,59.8,481837.49,20,2.44,0,0,3.63,127245,7609251.0,0
Comedy,Spring,1275,41.45,118277.46,20,2.71,0,0,9.28,170497,7067100.65,0
Comedy,Winter,322,113.04,440824.09,7,7.25,0,1,9.9,17851,2017877.04,1
Drama,Spring,1370,36.77,73764.38,5,7.84,0,1,4.8,52995,1948626.15,1
Experimental,Winter,1137,113.8,381960.52,21,5.74,0,1,2.81,138235,15731143.0,0
Drama,Spring,1427,56.14,11439.04,4,9.84,0,1,5.48,43096,2419409.44,1
Musical,Spring,735,189.37,206276.72,5,1.35,1,0,5.46,18765,3553528.05,0
Experimental,Summer,660,212.51,127430.93,4,6.59,0,1,5.19,8053,1711343.03,0
Tragedy,Spring,1524,179.76,353483.97,20,6.46,0,0,1.18,135131,24291148.56,0
Tragedy,Summer,1498,70.11,12947.79,29,3.89,0,0,2.16,174934,12264622.74,0
Family,Summer,491,197.54,235126.34,16,9.09,0,1,2.27,59956,11843708.24,1
Comedy,Fall,589,81.14,349880.87,6,5.98,0,0,4.17,27989,2271027.46,1
Musical,Fall,1255,195.88,28118.91,17,3.22,1,1,6.23,108057,21166205.16,0
Family,Spring,1692,152.66,449213.09,16,1.8,0,0,8.9,196883,30056158.78,1
Drama,Spring,563,107.51,183792.72,19,1.96,0,0,3.01,43856,4714958.56,0
Tragedy,Spring,594,43.79,86806.59,14,9.08,0,1,7.94,60670,2656739.3,1
Experimental,Spring,1654,211.19,116604.93,17,3.25,0,0,3.04,62239,13144254.41,0
Experimental,Spring,1454,236.42,172758.43,11,9.16,0,1,1.29,61807,14612410.94,0
Comedy,Summer,1824,174.83,103195.68,29,2.08,0,0,6.85,223958,39154577.14,0
Family,Fall,1610,242.02,257736.48,18,9.86,0,1,2.93,227014,54941928.28,1
Thriller,Summer,1915,235.18,318301.21,11,8.5,0,0,9.28,157147,36957831.46,1
Tragedy,Summer,540,68.79,219547.9,2,2.05,0,0,9.4,5163,355162.77,0
Musical,Summer,689,189.52,216380.91,22,1.77,1,0,1.95,62751,11892569.52,0
Comedy,Fall,628,103.59,391941.26,13,8.23,0,1,2.75,64658,6697922.22,1
Thriller,Summer,299,134.69,154003.27,9,1.7,0,0,2.89,10094,1359560.86,0
Experimental,Spring,1602,60.32,313270.57,16,3.36,0,0,9.2,156692,9451661.44,0
Musical,Summer,1391,244.33,446996.18,16,8.21,1,1,1.7,174328,42593560.24,1
Family,Spring,354,188.38,114649.61,26,9.17,0,1,7.76,72895,13731960.1,1
Family,Summer,556,85.05,311850.86,18,7.91,0,1,3.59,79263,6741318.15,1
Experimental,Winter,543,108.58,474246.03,23,9.01,0,1,6.24,91016,9882517.28,1
Comedy,Summer,925,120.06,267248.65,21,6.04,0,0,2.6,117389,14093723.34,0
Musical,Spring,1019,193.2,488564.37,27,8.02,1,1,8.26,217902,42098666.4,1
Drama,Fall,720,233.28,158472.79,2,4.1,0,0,7.04,6338,1478528.64,0
Family,Spring,1874,97.32,284325.48,13,8.07,0,0,1.19,192947,18777602.04,1
Experimental,Spring,582,131.31,158962.7,23,7.12,0,0,3.13,50619,6646780.89,0
Thriller,Spring,1211,158.47,6841.12,6,6.17,0,1,5.2,39767,6301876.49,0
Musical,Winter,988,113.5,498667.51,15,9.93,1,1,5.78,117374,13321949.0,1
Musical,Winter,897,138.44,123829.73,14,5.23,1,0,8.45,99459,13769103.96,1
Tragedy,Fall,1686,48.78,486685.48,26,6.57,0,0,4.48,347181,16935489.18,1
Thriller,Fall,1961,62.73,328251.25,30,5.59,0,0,9.34,465933,29227977.09,1
Musical,Fall,210,115.25,452447.14,5,3.34,1,0,2.74,8316,958419.0,1
Thriller,Fall,1034,230.86,483765.36,8,3.97,0,1,8.72,63762,14720095.32,1
Tragedy,Fall,414,103.61,286075.46,25,9.81,0,1,9.14,81972,8493118.92,1
Musical,Winter,980,81.2,499847.22,7,4.53,1,0,6.64,54331,4411677.2,1
Musical,Fall,1310,192.14,384828.31,16,7.11,1,0,9.71,166003,31895816.42,1
Tragedy,Spring,940,238.55,264288.21,30,6.1,0,0,4.7,121548,28995275.4,0
Family,Summer,756,128.3,329196.93,31,9.01,0,1,7.29,185613,23814147.9,1
Family,Winter,761,26.94,101164.32,30,7.82,0,1,1.09,180813,4871102.22,1
Tragedy,Summer,739,179.83,10461.15,6,1.73,0,0,3.47,8198,1474246.34,0
Comedy,Spring,786,118.39,132110.73,6,4.2,0,0,6.1,26586,3147516.54,0
Experimental,Winter,873,176.57,220310.58,7,7.41,0,1,8.88,38899,6868396.43,0
Tragedy,Fall,1438,87.49,117886.03,25,2.45,0,0,9.58,179494,15703930.06,0
Comedy,Fall,372,25.54,259447.77,7,5.53,0,1,6.21,20623,526711.42,1
Tragedy,Summer,273,102.51,330682.35,14,3.86,0,0,8.7,21820,2236768.2,0
Musical,Spring,1130,183.58,329617.96,26,1.58,1,0,8.19,199991,36714347.78,0
Comedy,Summer,1427,113.45,447413.39,16,9.97,0,1,7.96,180829,20515050.05,1
Tragedy,Summer,665,74.31,483327.95,30,9.36,0,0,2.0,128600,9556266.0,0
Experimental,Winter,562,129.4,445894.03,16,7.73,0,0,5.31,51842,6708354.8,0
Family,Summer,1324,194.28,311986.6,13,2.81,0,0,5.38,83588,16239476.64,0
Family,Spring,891,51.87,106853.26,31,9.9,0,1,8.09,218758,11346977.46,1
Tragedy,Summer,1524,180.64,472008.32,18,6.68,0,0,6.27,170094,30725780.16,0
Musical,Winter,463,175.15,91555.9,7,9.69,1,1,8.38,25668,4495750.2,1
Comedy,Summer,418,108.42,79956.55,21,1.38,0,0,9.61,41245,4471782.9,0
Experimental,Summer,1194,243.33,162196.82,25,2.56,0,0,5.99,76049,18505003.17,0
Musical,Fall,906,226.31,288934.75,27,7.1,1,1,8.13,193739,43845073.09,1
Experimental,Fall,1512,96.14,342328.95,2,9.16,0,1,6.05,19591,1883478.74,0
Thriller,Summer,1111,32.0,11579.88,5,2.58,0,0,6.63,23865,763680.0,0
Drama,Winter,838,94.37,390121.02,20,3.85,0,0,5.28,130046,12272441.02,1
Family,Fall,487,71.06,91634.68,24,6.29,0,1,9.64,92568,6577882.08,1
Family,Spring,494,148.13,151760.0,21,10.0,0,1,8.36,82162,12170657.06,1
Musical,Summer,1560,231.72,164432.93,13,8.2,1,1,7.77,160617,37218171.24,1
Musical,Winter,607,220.83,169560.77,24,9.31,1,1,3.97,115378,25478923.74,1
Thriller,Summer,1104,93.81,381381.96,19,7.08,0,1,5.37,166129,15584561.49,1
Experimental,Fall,1672,121.43,25267.46,29,8.9,0,1,8.77,253281,30755911.83,0
Musical,Fall,1816,33.22,102276.32,13,5.56,1,0,9.43,186975,6211309.5,1
Thriller,Fall,681,147.44,16048.02,24,2.12,0,0,9.98,71785,10583980.4,0
Musical,Winter,397,39.26,390258.23,6,7.39,1,1,7.61,18865,740639.9,1
Thriller,Spring,1594,236.19,491942.56,23,6.41,0,0,7.58,290363,68580836.97,1
Thriller,Fall,1437,220.06,331475.84,23,5.37,0,1,1.84,203599,44803995.94,0
Musical,Fall,796,73.19,297118.89,9,3.47,1,1,7.76,56738,4152654.22,1
Thriller,Spring,1268,182.36,454492.78,3,8.06,0,1,4.12,30127,5493959.72,1
Experimental,Fall,539,152.8,131202.22,31,8.38,0,0,8.78,93085,14223388.0,0
Experimental,Spring,1461,205.31,37898.84,4,4.28,0,0,1.1,14852,3049264.12,0
Musical,Summer,1509,132.02,257435.1,16,9.35,1,1,9.41,191220,25244864.4,1
Drama,Summer,738,68.15,133872.61,2,4.33,0,0,5.35,6644,452788.6,0
Drama,Spring,1043,168.96,228285.4,14,1.97,0,0,2.15,42593,7196513.28,0
Tragedy,Winter,801,43.06,230868.43,26,2.5,0,0,6.41,127560,5492733.6,0
Drama,Spring,256,156.53,162821.75,17,5.45,0,1,7.23,28298,4429485.94,0
Family,Summer,429,72.86,245730.67,9,1.72,0,0,8.02,24504,1785361.44,0
Family,Winter,1927,179.11,193175.18,13,7.47,0,0,7.32,198403,35535961.33,1
Family,Winter,1020,211.31,60964.37,4,8.16,0,1,5.98,28679,6060159.49,0
Drama,Spring,465,49.64,434029.23,19,5.95,0,0,1.74,69973,3473459.72,1
Musical,Summer,279,115.06,352130.49,2,9.04,1,1,8.77,4419,508450.14,1
Experimental,Fall,836,190.04,25447.89,12,9.59,0,1,9.85,45154,8581066.16,0
Comedy,Winter,1969,61.83,62314.28,3,5.03,0,0,8.0,45037,2784637.71,1
Thriller,Winter,892,152.47,52774.66,9,1.8,0,0,1.31,22882,3488818.54,0
Experimental,Fall,1999,176.16,35563.06,4,3.08,0,0,7.8,24036,4234181.76,0
Musical,Spring,1080,104.83,34233.1,29,6.92,1,1,3.43,248054,26003500.82,1
Musical,Winter,1575,212.2,82770.6,25,4.65,1,0,9.66,287273,60959330.6,1
Musical,Spring,1613,139.9,424695.36,29,7.17,1,1,1.57,370473,51829172.7,1
Drama,Spring,250,166.07,414975.48,22,7.0,0,1,1.83,39934,6631839.38,1
Musical,Fall,210,56.7,392657.51,16,6.45,1,0,2.63,26611,1508843.7,1
Family,Fall,1860,30.21,309279.72,7,2.42,0,0,7.78,103118,3115194.78,1
Thriller,Spring,1878,36.42,363129.31,30,3.57,0,0,6.86,446212,16251041.04,1
Experimental,Spring,438,228.38,370548.2,29,4.4,0,1,7.55,52451,11978759.38,0
Family,Fall,1362,223.59,445209.87,14,8.42,0,1,4.18,151018,33766114.62,1
Experimental,Summer,1862,206.71,367509.8,8,7.14,0,0,8.92,65163,13469843.73,0
Drama,Fall,1911,69.91,369547.36,13,6.8,0,0,5.02,196756,13755211.96,1
Comedy,Summer,733,143.23,403020.18,13,7.05,0,1,2.21,74055,10606897.65,1
Family,Fall,1671,204.13,280395.65,29,5.53,0,1,7.91,383795,78344073.35,1
Drama,Summer,1363,176.8,110449.25,4,1.36,0,0,5.77,18678,3302270.4,0
Musical,Summer,1870,50.99,46848.53,20,2.81,1,1,6.34,269467,13740122.33,1
Thriller,Summer,464,226.5,212426.56,25,2.26,0,0,4.47,41011,9288991.5,0
Family,Fall,1281,61.15,50384.41,24,1.58,0,0,7.4,188181,11507268.15,0
Experimental,Fall,244,63.65,88805.5,7,3.88,0,1,1.32,7254,461717.1,0
Experimental,Fall,843,227.73,16800.81,14,8.09,0,0,5.42,40339,9186400.47,0
Musical,Fall,220,134.04,153602.11,12,2.04,1,0,4.84,12833,1720135.32,0
Family,Spring,997,108.9,485148.92,14,2.0,0,0,7.72,110547,12038568.3,1
Family,Winter,1659,149.57,192570.98,4,2.12,0,0,3.39,39161,5857310.77,0
Thriller,Fall,1384,245.81,124241.84,4,3.43,0,0,3.1,14725,3619552.25,0
Family,Fall,770,51.92,204707.49,2,2.82,0,0,3.88,9785,508037.2,0
Family,Winter,968,195.31,154162.57,31,1.13,0,0,5.32,131682,25718811.42,0
Tragedy,Winter,861,100.22,338569.03,14,3.49,0,0,2.89,69096,6924801.12,0
Musical,Fall,1517,51.34,319061.05,8,9.97,1,1,7.16,96117,4934646.78,1
Tragedy,Winter,679,119.94,18534.74,25,4.03,0,0,3.98,74017,8877598.98,0
Drama,Summer,365,148.47,258104.96,16,2.9,0,1,4.79,36033,5349819.51,0
Musical,Fall,1112,71.34,22918.85,12,5.46,1,1,6.02,104029,7421428.86,1
Musical,Summer,1693,116.19,340294.82,5,3.06,1,0,4.39,58157,6757261.83,0
Thriller,Fall,1058,168.03,468225.12,13,6.04,0,1,7.31,108931,18303675.93,1
Tragedy,Spring,567,154.7,454206.5,21,4.61,0,1,6.91,83870,12974689.0,1
Tragedy,Winter,282,187.71,106827.5,20,9.07,0,0,7.81,30307,5688926.97,0
Family,Spring,1899,213.19,372609.35,13,9.35,0,1,5.71,195521,41683121.99,1
Tragedy,Fall,1569,117.06,397567.66,20,7.42,0,1,4.31,248529,29092804.74,1
Thriller,Spring,479,120.17,432861.93,25,2.94,0,0,2.81,69454,8346287.18,0
Musical,Spring,333,136.76,133501.34,29,5.27,1,0,4.93,58405,7987467.8,0
Family,Winter,432,152.43,228163.25,17,3.75,0,0,8.86,49304,7515408.72,0
Tragedy,Winter,877,49.37,114644.69,8,8.18,0,1,2.09,51248,2530113.76,1
Drama,Spring,1661,95.34,17033.18,5,1.26,0,0,2.94,31113,2966313.42,0
Family,Spring,487,63.68,331211.25,6,6.96,0,0,6.99,23142,1473682.56,1
Family,Winter,1673,111.82,218574.49,2,3.91,0,1,6.17,26500,2963230.0,1
Musical,Winter,203,244.0,127817.86,18,5.33,1,1,9.25,28939,7061116.0,1
Drama,Spring,1529,156.11,424316.45,8,3.91,0,0,1.26,85056,13278092.16,0
Musical,Fall,708,121.61,250361.92,8,4.28,1,1,8.91,44858,5455181.38,1
Drama,Summer,1928,152.34,497355.55,23,7.07,0,0,7.53,311504,47454519.36,0
Musical,Fall,1056,175.54,397712.12,11,6.36,1,0,7.98,91998,16149328.92,1
Thriller,Summer,686,122.86,435259.54,26,3.2,0,0,4.41,100735,12376302.1,0
Tragedy,Spring,637,125.73,387799.46,6,1.39,0,0,3.77,16894,2124082.62,0
Experimental,Summer,1687,182.82,57432.82,12,8.7,0,0,1.13,30408,5559190.56,0
Family,Fall,925,38.69,37189.36,3,5.43,0,0,8.09,21978,850328.82,1
Thriller,Winter,833,146.52,457963.99,18,6.57,0,0,2.45,112624,16501668.48,1
Tragedy,Spring,1524,148.15,73407.61,5,5.4,0,1,3.04,37427,5544810.05,0
Musical,Winter,1167,195.27,198656.94,9,6.57,1,0,3.49,71000,13864170.0,0
Musical,Fall,1394,246.1,306905.95,24,6.64,1,1,8.83,264971,65209363.1,1
Thriller,Winter,1002,204.04,109889.68,28,1.14,0,0,3.59,83687,17075495.48,0
Musical,Winter,315,138.35,116516.1,18,5.8,1,0,4.83,42785,5919304.75,1
Musical,Spring,210,63.13,235789.46,30,5.52,1,1,7.73,49896,3149934.48,1
Drama,Spring,270,157.36,183643.07,24,1.86,0,0,9.03,32076,5047479.36,0
Experimental,Winter,1234,212.72,339904.96,24,7.71,0,1,8.12,163775,34838218.0,0
Tragedy,Spring,1124,234.79,42162.72,31,3.12,0,0,5.82,71730,16841486.7,0
Thriller,Spring,1545,210.69,246935.54,4,1.49,0,0,1.02,21190,4464521.1,0
Comedy,Summer,1810,67.52,91258.66,8,8.23,0,1,2.42,92573,6250528.96,0
Drama,Winter,514,185.33,305328.88,15,8.79,0,1,3.28,61063,11316805.79,1
Comedy,Winter,1923,223.03,62525.58,20,3.17,0,1,4.72,186444,41582605.32,0
Musical,Fall,1876,178.23,102827.77,31,7.19,1,0,4.26,388176,69184608.48,0
Family,Spring,1308,179.29,402925.05,4,1.04,0,0,5.63,33431,5993843.99,0
Drama,Summer,1154,137.54,121407.66,8,7.49,0,1,4.71,52067,7161295.18,0
Comedy,Fall,517,168.32,369847.34,10,5.18,0,0,7.53,40946,6892030.72,1
Experimental,Spring,520,91.24,140166.04,22,8.13,0,1,1.47,46861,4275597.64,0
Thriller,Fall,233,44.98,121338.62,30,4.54,0,1,9.95,55360,2490092.8,1
Tragedy,Spring,1362,211.24,153081.62,30,4.16,0,1,8.59,190462,40233192.88,0
Tragedy,Summer,979,237.21,441061.33,24,8.57,0,1,4.01,138196,32781473.16,0
Family,Spring,545,217.79,201597.0,25,1.35,0,0,4.57,64366,14018271.14,0
Drama,Fall,440,100.13,125661.46,14,2.68,0,0,9.67,34277,3432156.01,0
Thriller,Winter,314,46.04,270636.54,20,4.71,0,1,9.42,49737,2289891.48,1
Experimental,Spring,1353,88.03,195892.5,7,6.37,0,0,4.54,34144,3005696.32,0
Thriller,Winter,1433,214.64,396147.77,17,1.05,0,0,1.54,115793,24853809.52,0
Tragedy,Fall,1336,172.56,495270.58,10,6.18,0,0,9.89,98111,16930034.16,1
Drama,Winter,399,242.51,265654.35,29,4.41,0,0,6.88,61751,14975235.01,0
Drama,Winter,274,102.1,228615.7,13,6.67,0,1,7.24,28211,2880343.1,1
Experimental,Spring,391,149.08,174802.52,13,9.16,0,1,3.47,23064,3438381.12,0
Tragedy,Fall,1552,202.76,486802.67,14,4.97,0,0,8.37,164595,33373282.2,1
Comedy,Fall,1531,77.65,244225.22,29,5.99,0,1,6.02,351640,27304846.0,1
Comedy,Spring,730,241.92,93108.45,29,5.17,0,1,5.23,112879,27307687.68,0
Thriller,Summer,299,158.29,484761.87,14,2.07,0,0,7.67,24352,3854678.08,0
Tragedy,Winter,775,26.78,480636.65,31,8.14,0,1,4.35,190278,5095644.84,1
Thriller,Fall,1657,30.66,220683.9,24,8.97,0,1,4.86,314962,9656734.92,1
Drama,Summer,458,223.5,177352.08,27,8.3,0,1,6.87,76115,17011702.5,0
Thriller,Summer,1633,170.19,341816.54,29,9.53,0,1,6.76,375067,63832652.73,1
Tragedy,Winter,1034,196.69,415317.44,11,5.21,0,0,9.74,74909,14733851.21,0
Experimental,Summer,454,201.4,251773.41,18,6.87,0,1,6.07,31189,6281464.6,0
Drama,Spring,1881,119.6,168752.43,10,2.52,0,0,3.89,63964,7650094.4,0
Drama,Fall,1133,204.69,154190.04,11,9.79,0,1,3.59,82095,16804025.55,0
Tragedy,Winter,1408,235.94,166666.37,15,6.22,0,0,5.81,84167,19858361.98,0
Tragedy,Spring,373,63.74,63426.31,3,3.35,0,0,2.08,3549,226213.26,0
Thriller,Summer,868,196.93,390417.12,8,8.25,0,1,6.29,54996,10830362.28,1
Comedy,Summer,1338,94.25,56955.13,26,6.28,0,0,4.51,214359,20203335.75,0
Experimental,Spring,1361,97.34,202165.67,6,9.55,0,1,4.17,38059,3704663.06,0
Tragedy,Fall,313,117.87,418296.95,20,7.93,0,1,2.73,46990,5538711.3,1
Musical,Summer,1287,219.34,205032.42,24,8.9,1,1,5.46,234374,51407593.16,1
Musical,Spring,1900,29.96,150907.09,9,5.92,1,1,1.34,135432,4057542.72,1
Experimental,Summer,1615,122.63,474385.59,15,5.66,0,1,6.46,121857,14943323.91,0
Musical,Winter,573,178.01,67639.16,28,7.82,1,1,3.57,125307,22305899.07,1
Experimental,Winter,1842,49.84,443002.68,27,1.95,0,1,9.15,349810,17434530.4,0
Drama,Fall,1429,203.26,35728.02,29,1.49,0,0,5.74,133844,27205131.44,0
Musical,Summer,302,236.93,209697.06,20,9.85,1,1,8.03,47836,11333783.48,1
Comedy,Winter,430,45.46,317701.92,28,9.25,0,0,8.66,95356,4334883.76,1
Thriller,Spring,1858,59.41,188169.0,13,9.6,0,1,8.91,191299,11365073.59,1
Comedy,Fall,577,244.17,269630.18,20,1.56,0,0,8.84,66022,16120591.74,0
Family,Fall,374,69.52,105980.82,22,3.42,0,0,3.03,54084,3759919.68,0
Thriller,Fall,1011,42.76,286672.09,31,9.11,0,0,3.73,248220,10613887.2,1
Comedy,Spring,1146,239.24,71606.56,13,1.81,0,0,7.37,45280,10832787.2,0
Thriller,Fall,1231,225.84,399067.68,28,5.06,0,0,5.84,207162,46785466.08,0
Experimental,Fall,1385,172.54,293976.01,17,4.07,0,1,6.48,115640,19952525.6,0
Comedy,Winter,1997,149.07,243556.4,5,8.92,0,1,7.1,79081,11788604.67,1
Drama,Spring,1566,231.83,32060.06,21,5.66,0,1,2.03,117838,27318383.54,0
Comedy,Fall,246,172.49,252388.3,31,3.61,0,0,2.51,52186,9001563.14,0
Family,Winter,359,173.14,283966.87,15,5.72,0,0,6.74,42649,7384247.86,1
Drama,Summer,200,214.83,136505.42,18,2.01,0,0,6.63,12952,2782478.16,0
Experimental,Fall,911,171.98,340407.22,29,7.58,0,0,8.36,133508,22960705.84,0
Thriller,Spring,830,138.33,42998.75,29,6.57,0,0,7.24,129790,17953850.7,0
Thriller,Fall,1880,112.69,108301.1,14,6.41,0,0,2.87,161505,18199998.45,0
Comedy,Fall,859,138.21,370086.52,24,4.94,0,0,1.63,162411,22446824.31,1
Experimental,Spring,255,142.56,77875.0,20,3.65,0,1,4.52,16010,2282385.6,0
Musical,Spring,1790,106.19,126546.67,21,1.59,1,0,4.34,199585,21193931.15,0
Comedy,Fall,668,125.83,327173.4,23,9.52,0,1,7.91,121682,15311246.06,1
Comedy,Spring,1842,205.42,365776.64,11,4.75,0,1,7.04,148061,30414690.62,1
Tragedy,Summer,1594,118.72,30487.18,11,5.46,0,1,8.85,73688,8748239.36,0
Tragedy,Spring,1784,30.75,67661.76,2,4.38,0,0,5.54,15589,479361.75,0
Drama,Winter,1675,88.68,225828.41,27,9.89,0,1,3.6,358182,31763579.76,1
Drama,Fall,457,77.14,298433.5,10,8.17,0,1,5.54,36194,2792005.16,1
Musical,Winter,1327,203.56,229621.71,22,1.86,1,0,2.94,163236,33228320.16,0
Thriller,Spring,941,126.09,325299.65,22,6.47,0,1,1.54,135924,17138657.16,0
Comedy,Spring,1331,88.07,379216.49,23,5.36,0,0,5.5,242377,21346142.39,1
Tragedy,Fall,1542,207.41,475024.2,27,8.14,0,0,4.72,280229,58122296.89,0
Thriller,Fall,1101,29.32,178190.95,28,9.98,0,1,1.29,244157,7158683.24,1
Thriller,Winter,762,64.21,85736.86,2,7.7,0,1,7.49,12070,775014.7,1
Tragedy,Winter,1849,211.06,135721.58,27,8.78,0,0,6.8,290910,61399464.6,0
Thriller,Winter,1393,148.9,78341.4,8,5.52,0,0,1.66,49752,7408072.8,0
Thriller,Spring,1793,199.07,200151.59,21,4.36,0,1,7.39,224011,44593869.77,0
Thriller,Summer,626,213.59,436920.8,22,6.79,0,0,1.75,77580,16570312.2,0
Thriller,Winter,1708,236.94,176794.65,3,7.74,0,1,5.66,34872,8262571.68,0
Comedy,Fall,782,39.27,78667.24,10,3.05,0,0,6.6,55826,2192287.02,1
Drama,Winter,1028,204.83,263703.28,29,5.53,0,1,5.49,184530,37797279.9,0
Family,Fall,1748,184.47,496012.19,6,2.02,0,0,7.73,83064,15322816.08,1
Comedy,Spring,838,71.58,98149.7,8,2.95,0,0,4.47,41737,2987534.46,0
Tragedy,Summer,650,234.63,390048.1,4,8.94,0,1,2.92,16939,3974397.57,0
Drama,Winter,1847,115.95,412562.68,7,2.3,0,0,5.38,81429,9441692.55,0
Tragedy,Fall,1935,224.71,203662.48,21,8.3,0,0,4.08,198799,44672123.29,0
Tragedy,Spring,759,161.15,311677.96,27,4.35,0,0,2.36,88072,14192802.8,0
Thriller,Spring,751,143.52,219024.86,19,6.97,0,1,5.24,105068,15079359.36,1
Tragedy,Winter,609,60.89,134851.83,10,9.19,0,1,2.81,41030,2498316.7,0
Comedy,Winter,242,230.72,215928.81,27,8.03,0,1,5.23,51749,11939529.28,1
Experimental,Winter,1195,150.25,52168.62,13,8.43,0,1,6.33,81831,12295107.75,0
Tragedy,Spring,658,26.37,354943.28,11,3.35,0,1,8.04,57324,1511633.88,1
Family,Fall,1728,29.11,415450.55,17,4.26,0,1,8.68,232657,6772645.27,1
Family,Winter,508,199.97,157162.97,6,7.6,0,0,7.01,20581,4115582.57,0
Tragedy,Fall,1343,61.44,285406.03,12,8.0,0,1,9.04,127638,7842078.72,1
Experimental,Fall,1112,159.72,119913.52,25,8.11,0,0,6.02,117575,18779079.0,0
Musical,Summer,1301,178.24,68092.92,20,7.66,1,1,7.39,189763,33823357.12,1
Experimental,Spring,402,87.86,333491.19,31,3.08,0,1,7.93,67056,5891540.16,0
Family,Summer,1039,153.1,71383.26,25,3.6,0,0,8.42,117563,17998895.3,0
Tragedy,Fall,1326,79.06,392079.64,12,9.48,0,1,7.77,126023,9963378.38,1
Family,Spring,813,237.92,139518.5,25,5.98,0,0,9.12,123781,29449975.52,0
Tragedy,Spring,1774,218.54,410164.13,27,7.79,0,0,5.26,300186,65602648.44,0
Drama,Summer,1153,89.81,187409.76,20,6.39,0,0,9.58,163128,14650525.68,1
Family,Winter,852,143.98,187577.08,24,9.32,0,1,4.6,161948,23317273.04,1
Drama,Fall,255,137.64,376533.52,17,8.82,0,0,1.63,33043,4548038.52,1
Comedy,Fall,503,241.01,257581.56,29,3.35,0,0,2.64,75769,18261086.69,0
Tragedy,Fall,1057,113.66,104483.83,9,8.96,0,1,6.02,65215,7412336.9,0
Family,Spring,920,151.5,425952.23,14,3.7,0,0,1.13,84080,12738120.0,0
Comedy,Summer,1768,233.96,173375.84,9,4.97,0,1,2.42,68254,15968705.84,0
Tragedy,Spring,1614,61.63,55874.5,5,8.66,0,1,4.37,47215,2909860.45,0
Musical,Winter,486,148.86,210920.52,20,3.92,1,0,6.62,76982,11459540.52,1
Musical,Winter,1264,48.78,289111.07,5,3.62,1,1,2.49,50054,2441634.12,1
Musical,Summer,1017,163.94,306893.24,8,7.02,1,0,6.17,64437,10563801.78,1
Musical,Summer,382,107.28,418625.88,24,10.0,1,1,6.97,72610,7789600.8,1
Experimental,Summer,1398,242.72,272996.38,9,2.18,0,1,7.87,32880,7980633.6,0
Family,Winter,1166,118.47,115736.69,27,7.31,0,1,6.94,249337,29538954.39,1
Family,Summer,357,55.64,134524.83,3,5.74,0,1,3.25,7920,440668.8,1
Musical,Winter,1042,212.65,54916.09,15,4.7,1,0,9.98,109075,23194798.75,0
Musical,Summer,1517,209.7,369282.52,4,7.75,1,1,8.99,48058,10077762.6,1
Drama,Fall,788,181.34,57441.07,3,5.99,0,1,4.36,10194,1848579.96,0
Tragedy,Fall,842,193.48,304877.25,25,8.18,0,1,1.26,154112,29817589.76,1
Comedy,Summer,398,84.56,300488.96,4,7.69,0,1,5.76,12608,1066132.48,1
Tragedy,Winter,567,169.46,393824.26,28,9.87,0,1,8.79,125737,21307392.02,1
Drama,Fall,1966,33.55,41941.7,19,8.3,0,1,8.4,295843,9925532.65,1
Family,Winter,1317,69.3,105441.12,16,1.6,0,0,9.08,153404,10630897.2,1
Comedy,Winter,516,234.76,455233.38,29,8.02,0,1,9.73,118514,27822346.64,1
Musical,Spring,1068,191.33,288257.23,13,6.85,1,1,7.42,109961,21038838.13,1
Family,Spring,546,76.9,231556.66,13,1.81,0,1,2.46,53710,4130299.0,1
Experimental,Fall,996,50.06,375099.75,14,6.45,0,1,1.33,86169,4313620.14,0
Musical,Summer,462,238.51,451752.57,21,7.76,1,1,2.36,76839,18326869.89,1
Tragedy,Summer,1313,50.24,135189.77,27,2.77,0,0,2.81,113923,5723491.52,0
Family,Spring,1226,82.84,451230.44,18,4.91,0,0,1.55,174778,14478609.52,1
Thriller,Summer,1340,66.09,58803.84,10,5.88,0,1,5.08,94733,6260903.97,1
Family,Summer,998,26.68,488953.11,28,4.72,0,1,8.05,221316,5904710.88,1
Comedy,Summer,714,95.68,86601.65,19,8.88,0,0,1.04,72075,6896136.0,0
Comedy,Fall,649,244.19,136787.0,26,2.52,0,0,8.23,71193,17384618.67,0
Thriller,Fall,587,101.93,52814.0,14,7.94,0,1,9.33,65086,6634215.98,1
Drama,Summer,972,138.47,402819.87,7,8.0,0,1,2.37,50921,7051030.87,1
Drama,Spring,1012,192.84,492194.87,30,5.03,0,1,1.19,208084,40126918.56,0
Thriller,Fall,1412,148.99,152003.37,22,5.86,0,0,5.31,188437,28075228.63,0
Thriller,Spring,294,192.31,166177.92,11,2.38,0,0,8.82,15427,2966766.37,0
Musical,Summer,707,173.87,143095.05,27,2.76,1,0,7.63,98077,17052647.99,0
Tragedy,Summer,1734,161.93,81639.91,2,5.78,0,1,1.31,11239,1819931.27,0
Comedy,Spring,1847,171.17,394784.89,29,3.02,0,0,7.06,406507,69581803.19,1
Tragedy,Summer,1875,204.81,35056.32,19,8.26,0,0,8.36,149775,30675417.75,0
Experimental,Summer,751,184.79,484048.19,19,6.55,0,1,3.44,73255,13536791.45,0
Musical,Winter,446,203.15,464021.18,2,1.51,1,0,6.88,7064,1435051.6,1
Experimental,Winter,556,57.76,63627.35,7,4.22,0,1,5.45,20827,1202967.52,0
Tragedy,Spring,437,177.48,267114.31,23,8.73,0,0,2.85,54905,9744539.4,0
Family,Fall,1918,190.83,496461.42,18,3.5,0,1,9.11,273430,52178646.9,1
Comedy,Fall,1790,92.49,427046.53,5,7.48,0,0,3.01,70884,6556061.16,1
Comedy,Summer,1659,221.78,358991.19,21,1.84,0,0,8.56,174817,38770914.26,0
Family,Summer,1513,93.56,16118.17,24,9.37,0,1,7.31,287591,26907013.96,1
Thriller,Winter,817,79.86,38846.84,10,5.04,0,1,2.99,54938,4387348.68,0
Drama,Summer,1056,220.1,398038.46,22,5.42,0,0,7.4,142177,31293157.7,0
Thriller,Spring,1714,80.58,191340.2,31,6.13,0,1,1.23,403285,32496705.3,1
Family,Summer,1665,118.49,335873.78,16,4.27,0,0,3.13,169329,20063793.21,0
Comedy,Summer,1133,107.78,370894.91,8,7.53,0,1,3.57,71786,7737095.08,1
Experimental,Summer,1707,227.06,213981.17,30,1.13,0,0,9.0,126677,28763279.62,0
Thriller,Spring,824,127.43,75973.97,29,2.46,0,0,9.24,141382,18016308.26,0
Comedy,Spring,944,181.22,196413.78,15,2.7,0,0,3.44,66905,12124524.1,0
Musical,Winter,1711,203.66,436168.98,14,6.72,1,0,5.27,189715,38637356.9,1
Thriller,Spring,877,166.28,168887.46,27,9.02,0,0,9.83,179550,29855574.0,1
Drama,Fall,1553,237.33,36011.47,2,1.57,0,0,6.99,8047,1909794.51,0
Family,Fall,1015,205.56,479770.05,11,8.67,0,1,1.63,88426,18176848.56,1
Tragedy,Fall,736,115.05,341935.07,18,8.38,0,1,4.52,90997,10469204.85,0
Tragedy,Winter,593,238.93,272724.09,21,1.69,0,0,4.79,43196,10320820.28,0
Drama,Spring,1292,143.03,415408.14,20,2.29,0,0,3.76,148288,21209632.64,0
Thriller,Summer,1063,30.08,208524.54,13,4.15,0,1,5.68,100177,3013324.16,1
Drama,Spring,864,83.5,492632.32,28,2.03,0,0,7.62,191600,15998600.0,1
Comedy,Fall,1537,164.89,429498.67,21,7.82,0,1,7.22,255633,42151325.37,1
Family,Fall,201,60.28,143869.65,18,5.54,0,1,4.16,28654,1727263.12,1
Experimental,Winter,365,156.42,188668.75,30,4.7,0,1,7.63,51775,8098645.5,0
Experimental,Summer,1931,106.36,141492.77,4,7.52,0,0,5.81,31895,3392352.2,0
Experimental,Spring,1394,145.24,331373.72,23,3.64,0,0,7.93,134826,19582128.24,0
Tragedy,Winter,1189,25.42,321469.31,29,8.84,0,1,2.03,273089,6941922.38,1
Drama,Fall,226,215.89,263640.41,21,6.89,0,0,4.64,27397,5914738.33,0
Family,Winter,1277,106.43,483090.99,18,4.12,0,1,4.55,182049,19375475.07,1
Family,Summer,982,56.54,238776.27,12,5.86,0,1,4.17,93329,5276821.66,1
Experimental,Summer,1279,123.53,392942.59,10,3.34,0,1,7.28,67013,8278115.89,0
Thriller,Summer,273,134.39,330757.08,18,9.86,0,1,6.01,38918,5230190.02,1
Musical,Fall,1191,168.42,261501.55,28,4.92,1,0,4.47,226750,38189235.0,0
Tragedy,Spring,1240,143.03,25837.08,15,9.07,0,1,5.83,106969,15299776.07,0
Tragedy,Winter,722,34.79,330460.04,5,9.8,0,0,7.34,28591,994680.89,1
Family,Spring,298,221.09,323084.57,16,5.82,0,0,7.08,35154,7772197.86,1
Comedy,Summer,1948,127.71,66812.63,4,7.57,0,1,7.85,58587,7482145.77,1
Comedy,Summer,1476,42.32,398977.91,30,6.15,0,0,8.66,350697,14841497.04,1
Musical,Fall,1319,198.89,236162.07,18,1.82,1,0,7.65,156771,31180184.19,0
Family,Fall,1580,173.53,165452.28,8,9.57,0,0,2.62,100108,17371741.24,1
Family,Winter,1407,171.12,412859.9,20,5.11,0,1,8.62,222868,38137172.16,1
Musical,Winter,441,121.06,174968.62,18,9.05,1,1,3.99,62868,7610800.08,1
Tragedy,Spring,1018,117.36,312816.14,17,6.9,0,1,6.99,120395,14129557.2,0
Tragedy,Spring,1799,145.68,310867.83,19,1.95,0,1,9.92,190689,27779573.52,0
Tragedy,Winter,718,36.38,31138.96,29,4.75,0,0,3.65,82629,3006043.02,0
Experimental,Summer,1949,92.27,214302.65,27,2.76,0,0,3.43,151137,13945410.99,0
Drama,Spring,315,247.28,115275.48,9,2.53,0,0,2.64,5334,1318991.52,0
Comedy,Winter,795,173.99,103787.48,9,7.44,0,1,9.86,56667,9859491.33,1
Drama,Fall,830,119.26,329206.13,31,1.27,0,0,4.84,123706,14753177.56,0
Drama,Spring,1311,75.03,10647.95,21,9.7,0,1,8.05,206252,15475087.56,1
Experimental,Winter,516,192.67,484694.09,2,5.05,0,1,1.44,4983,960074.61,0
Experimental,Fall,612,83.57,200718.55,17,5.41,0,0,2.62,47266,3950019.62,0
Musical,Fall,1391,61.53,152907.75,5,3.69,1,1,1.57,55083,3389256.99,1
Thriller,Winter,712,59.77,460387.33,2,1.77,0,0,8.34,11278,674086.06,1
Drama,Summer,1782,189.08,245902.71,7,6.29,0,0,1.96,50217,9495030.36,0
Drama,Summer,1766,169.63,309091.0,9,4.1,0,0,9.31,86861,14734231.43,0
Comedy,Fall,744,40.71,349446.12,4,6.62,0,0,6.97,23569,959493.99,1
Drama,Spring,1207,50.88,436348.58,27,6.0,0,1,9.19,258104,13132331.52,1
Tragedy,Spring,799,167.62,69222.28,15,2.95,0,0,4.68,42668,7152010.16,0
Experimental,Winter,820,153.5,45418.32,18,5.15,0,0,5.73,52056,7990596.0,0
Thriller,Spring,1406,179.35,496886.84,27,3.77,0,1,1.25,260170,46661489.5,0
Family,Fall,727,65.06,9397.48,27,3.16,0,0,5.19,99057,6444648.42,0
Tragedy,Summer,468,188.48,355556.4,26,7.93,0,1,6.32,78574,14809627.52,0
Musical,Spring,666,235.62,307477.35,7,1.11,1,0,1.91,17739,4179663.18,0
Musical,Fall,1872,160.24,278512.76,24,3.42,1,0,9.83,355829,57018038.96,1
Drama,Winter,666,69.13,393984.84,31,5.78,0,0,1.04,157450,10884518.5,1
Drama,Summer,854,177.9,496274.11,2,5.29,0,1,3.41,10287,1830057.3,0
Family,Spring,1331,102.19,28208.48,28,9.46,0,1,6.54,295162,30162604.78,1
Family,Spring,382,36.09,309192.59,27,8.59,0,1,5.48,81686,2948047.74,1
Family,Spring,683,93.03,359804.95,27,7.76,0,1,3.15,146052,13587217.56,1
Thriller,Winter,514,228.76,156439.96,13,5.63,0,1,9.88,48521,11099663.96,1
Tragedy,Summer,1863,117.51,446966.39,7,4.86,0,1,2.7,80174,9421246.74,0
Thriller,Summer,1878,219.55,231211.46,23,1.33,0,0,6.12,155336,34104018.8,0
Comedy,Spring,1560,139.45,86416.84,20,8.4,0,1,2.04,205704,28685422.8,0
Thriller,Summer,644,141.32,427931.87,23,4.88,0,0,1.51,82731,11691544.92,0
Family,Winter,1309,26.17,471748.18,9,3.89,0,0,5.39,93305,2441791.85,1
Family,Summer,1392,168.35,54259.88,7,6.46,0,0,8.24,46874,7891237.9,0
Thriller,Fall,1764,49.26,377082.03,29,7.79,0,1,5.78,405155,19957935.3,1
Musical,Spring,481,132.72,111432.04,17,5.71,1,1,3.64,55447,7358925.84,0
Family,Spring,1525,83.57,8327.5,27,2.35,0,0,1.15,167191,13972151.87,0
Comedy,Fall,549,113.29,134003.84,29,9.29,0,1,9.46,126094,14285189.26,1
Family,Spring,1223,145.84,428180.37,15,2.02,0,0,2.91,111625,16279390.0,0
Tragedy,Summer,1782,28.25,74886.02,9,9.73,0,0,6.17,100072,2827034.0,0
Experimental,Summer,311,89.03,69681.1,28,4.98,0,1,1.14,28597,2545990.91,0
Comedy,Spring,466,247.66,370828.61,23,9.52,0,1,1.87,75989,18819435.74,1
Experimental,Fall,1663,37.91,206148.02,21,9.23,0,1,2.53,200980,7619151.8,0
Family,Winter,233,96.86,78500.61,30,4.66,0,0,2.01,42785,4144155.1,0
Comedy,Spring,1433,97.32,118850.19,9,8.2,0,1,5.78,102144,9940654.08,1
Tragedy,Winter,1102,110.36,398327.95,12,1.81,0,0,4.57,71039,7839864.04,0
Tragedy,Fall,823,179.08,313518.05,3,1.74,0,1,8.21,13665,2447128.2,0
Family,Fall,1752,80.74,381659.74,13,4.2,0,1,2.05,180385,14564284.9,1
Thriller,Spring,1728,128.56,53397.75,15,6.49,0,0,4.88,127866,16438452.96,0
Family,Winter,786,170.09,231761.62,15,1.08,0,0,4.85,63396,10783025.64,0
Comedy,Spring,207,97.52,399567.59,6,5.64,0,1,3.08,9836,959206.72,1
Tragedy,Winter,430,238.47,136567.41,26,9.78,0,1,1.86,66995,15976297.65,0
Tragedy,Fall,393,245.43,88748.54,16,8.73,0,1,1.1,25897,6355900.71,0
Experimental,Summer,1968,51.93,193983.03,15,3.09,0,0,1.17,95628,4965962.04,0
Comedy,Spring,1274,102.36,170023.09,27,5.75,0,0,4.59,239402,24505188.72,0
Thriller,Fall,1418,71.79,96809.03,16,2.54,0,0,1.49,100532,7217192.28,0
Musical,Spring,615,67.03,477202.74,28,3.37,1,0,4.55,136382,9141685.46,1
Family,Fall,1731,135.47,244133.71,8,9.31,0,0,4.94,109676,14857807.72,1
Comedy,Winter,1500,151.86,305997.8,27,9.98,0,1,5.01,320760,48710613.6,1
Comedy,Summer,1553,120.77,64947.92,31,3.18,0,1,2.72,280958,33931297.66,0
Thriller,Spring,1042,86.32,306967.37,24,2.91,0,0,5.49,173235,14953645.2,0
Tragedy,Spring,1456,87.69,279884.73,28,4.45,0,0,4.53,232964,20428613.16,0
Family,Spring,1179,248.23,466305.02,24,5.01,0,1,9.91,224104,55629335.92,1
Tragedy,Spring,892,232.83,209096.82,20,1.8,0,0,1.41,34583,8051959.89,0
Tragedy,Spring,1270,42.08,392120.74,24,2.33,0,0,1.48,144078,6062802.24,0
Musical,Fall,783,172.72,155569.58,30,4.82,1,0,8.42,164693,28445774.96,0
Musical,Summer,1915,127.8,291575.48,20,3.12,1,0,3.39,254102,32474235.6,0
Comedy,Winter,1490,179.98,463850.35,22,8.6,0,1,2.65,259617,46725867.66,1
Experimental,Winter,1530,159.32,314410.3,4,7.76,0,0,8.87,37187,5924632.84,0
Experimental,Winter,1490,225.08,357023.55,30,5.83,0,0,5.79,193810,43622754.8,0
Thriller,Fall,1007,40.07,438612.34,25,4.89,0,1,6.54,199386,7989397.02,1
Thriller,Summer,1911,103.66,463085.06,6,8.48,0,1,1.07,90810,9413364.6,1
Comedy,Winter,574,246.74,108096.06,10,2.49,0,0,3.35,14972,3694191.28,0
Drama,Spring,1223,66.01,101939.83,8,8.99,0,0,3.33,66607,4396728.07,0
Musical,Summer,324,53.65,277485.68,11,1.44,1,0,7.85,28226,1514324.9,1
Comedy,Summer,730,189.02,497780.61,28,9.31,0,1,4.47,161884,30599313.68,1
Comedy,Fall,1234,199.92,247625.4,15,2.25,0,0,6.2,84425,16878246.0,0
Drama,Fall,1081,176.26,168797.96,14,8.31,0,1,9.39,119861,21126699.86,1
Drama,Winter,1894,199.64,270944.33,25,1.16,0,0,9.86,275228,54946517.92,0
Musical,Winter,1304,181.09,36875.91,13,8.34,1,1,2.15,104097,18850925.73,0
Thriller,Summer,940,55.55,92717.35,28,6.26,0,1,6.0,193126,10728149.3,1
Experimental,Winter,968,161.85,78715.61,24,1.17,0,0,7.29,48907,7915597.95,0
Thriller,Spring,1300,199.8,18818.19,9,7.97,0,0,8.04,67722,13530855.6,0
Tragedy,Winter,1624,219.74,362495.09,20,1.91,0,0,9.28,131733,28947009.42,0
Comedy,Spring,697,80.4,166109.9,16,5.86,0,1,7.56,88323,7101169.2,1
Comedy,Winter,1252,53.67,88425.47,12,3.99,0,1,7.21,118990,6386193.3,1
Musical,Summer,1234,200.75,258560.67,29,7.83,1,1,1.49,282207,56653055.25,1
Thriller,Winter,216,82.72,165104.98,13,8.68,0,1,5.9,22239,1839610.08,1
Tragedy,Spring,1842,32.18,199543.8,5,5.18,0,1,6.39,71912,2314128.16,1
Musical,Summer,1225,210.67,161188.25,14,7.82,1,0,7.27,108887,22939224.29,0
Comedy,Winter,635,138.85,6971.84,17,9.25,0,1,6.25,85496,11871119.6,1
Drama,Spring,1340,98.49,345722.79,5,7.2,0,0,4.69,49638,4888846.62,1
Drama,Summer,1420,27.57,59791.79,24,3.9,0,0,5.39,168911,4656876.27,0
Thriller,Spring,1847,32.95,113475.49,8,5.17,0,1,9.71,117025,3855973.75,1
Tragedy,Summer,261,203.34,99206.94,4,3.07,0,0,3.96,2221,451618.14,0
Thriller,Summer,944,135.18,169026.81,18,5.13,0,1,8.06,114610,15492979.8,0
Thriller,Fall,524,58.69,84297.85,6,3.21,0,0,6.47,19690,1155606.1,0
Experimental,Summer,1234,105.66,176741.3,25,8.27,0,1,4.99,168815,17836992.9,0
Family,Spring,1102,62.19,125415.85,4,6.49,0,0,4.73,32916,2047046.04,1
Thriller,Spring,1054,50.4,35301.48,14,6.7,0,1,5.84,111356,5612342.4,1
Experimental,Winter,1967,87.17,435928.67,3,1.99,0,0,8.2,34007,2964390.19,0
Tragedy,Winter,1156,148.64,156262.65,13,1.01,0,0,2.1,45014,6690880.96,0
Experimental,Spring,939,72.25,52164.66,29,8.1,0,1,9.2,145893,10540769.25,0
Family,Spring,321,102.33,263155.56,21,5.88,0,1,7.97,53388,5463194.04,1
Thriller,Spring,721,132.53,66021.38,18,9.38,0,0,4.14,81760,10835652.8,0
Experimental,Winter,1815,119.51,387681.13,6,5.84,0,1,1.09,61998,7409380.98,0
Tragedy,Fall,1013,53.94,35481.08,11,2.93,0,0,1.95,40947,2208681.18,0
Family,Winter,1838,33.74,234994.8,13,7.29,0,0,2.3,189240,6384957.6,1
Drama,Summer,1158,32.98,472194.03,19,7.31,0,1,1.93,169942,5604687.16,1
Experimental,Fall,1186,103.79,83689.68,8,1.59,0,0,1.93,25704,2667818.16,0
Thriller,Spring,973,186.73,104677.5,31,7.24,0,0,9.64,189682,35419319.86,0
Family,Fall,1201,54.53,302230.13,21,2.91,0,1,6.93,199750,10892367.5,1
Tragedy,Fall,320,202.07,490027.77,11,3.29,0,0,8.39,18435,3725160.45,0
Experimental,Summer,303,186.03,195988.7,5,1.28,0,0,6.07,3349,623014.47,0
Musical,Fall,1056,25.89,326079.32,19,6.65,1,0,6.58,158906,4114076.34,1
Musical,Fall,1276,31.02,80396.95,15,7.59,1,1,8.93,151588,4702259.76,1
Tragedy,Summer,1191,68.88,322491.58,22,3.07,0,0,3.36,138883,9566261.04,0
Family,Spring,972,37.63,130067.72,19,8.13,0,0,7.25,146266,5503989.58,1
Family,Spring,729,144.55,308577.37,21,7.86,0,0,9.09,121247,17526253.85,1
Tragedy,Winter,1476,33.92,48887.3,27,4.69,0,0,9.43,256809,8710961.28,0
Thriller,Summer,1288,205.6,264859.67,17,1.61,0,0,5.0,88684,18233430.4,0
Tragedy,Summer,284,135.92,122515.47,23,3.52,0,1,8.71,32185,4374585.2,0
Experimental,Fall,1014,188.79,342445.81,12,2.49,0,0,5.53,44909,8478370.11,0
Thriller,Summer,1479,193.91,375096.54,30,9.63,0,1,3.32,346989,67284636.99,1
Comedy,Summer,1611,139.02,424830.55,14,8.36,0,0,3.26,178627,24832725.54,1
Experimental,Fall,716,233.21,496235.71,22,1.71,0,0,5.07,60653,14144886.13,0
Musical,Fall,1864,247.8,232380.62,31,5.62,1,0,3.32,340409,84353350.2,0
Experimental,Fall,1373,105.82,336944.24,12,3.4,0,1,1.27,76119,8054912.58,0
Drama,Spring,987,53.32,14119.74,5,1.29,0,1,1.95,21076,1123772.32,0
Comedy,Summer,1328,106.73,453018.08,8,3.9,0,0,8.64,84142,8980475.66,1
Family,Summer,1768,75.25,309792.86,9,2.15,0,0,8.94,117780,8862945.0,1
Family,Fall,608,144.48,213565.76,3,3.0,0,1,8.86,14446,2087158.08,1
Experimental,Spring,470,110.14,219984.81,18,3.94,0,0,5.98,37977,4182786.78,0
Family,Spring,992,133.1,380207.84,10,4.68,0,0,9.42,78566,10457134.6,1
Thriller,Winter,351,196.72,417567.65,4,5.22,0,1,5.49,11119,2187329.68,1
Comedy,Fall,1704,86.65,404912.32,6,5.68,0,1,5.16,80974,7016397.1,1
Musical,Winter,1946,145.93,257739.4,10,4.33,1,1,5.27,154123,22491169.39,1
Musical,Summer,1290,100.41,188717.59,13,5.49,1,0,3.29,115470,11594342.7,0
Comedy,Winter,1963,201.62,473041.98,31,4.76,0,1,6.52,481955,97171767.1,1
Musical,Summer,323,168.9,318928.76,23,9.68,1,1,5.04,58837,9937569.3,1
Tragedy,Fall,1338,26.91,274108.44,23,1.61,0,0,9.77,201804,5430545.64,0
Family,Spring,997,173.51,301167.87,22,6.27,0,0,2.55,170965,29664137.15,1
Experimental,Winter,699,63.29,316783.92,26,2.74,0,0,1.69,90448,5724453.92,0
Tragedy,Summer,761,188.01,357971.08,11,4.38,0,0,4.16,40443,7603688.43,0
Experimental,Winter,1181,152.65,278826.42,4,5.92,0,1,2.94,24986,3814112.9,0
Experimental,Summer,1354,115.33,438300.9,17,7.84,0,1,9.93,135780,15659507.4,0
Experimental,Winter,495,181.16,430558.54,2,9.8,0,1,6.03,6321,1145112.36,0
Tragedy,Summer,1306,217.73,223917.58,8,5.44,0,0,4.24,33671,7331186.83,0
Comedy,Spring,1867,200.22,88425.38,24,3.31,0,1,6.78,217640,43575880.8,0
Experimental,Spring,218,147.71,290444.58,17,8.12,0,1,5.08,21414,3163061.94,0
Drama,Fall,1781,187.61,312266.06,22,2.99,0,0,2.88,215144,40363165.84,0
Comedy,Spring,1293,118.13,264072.89,17,5.57,0,1,4.55,174089,20565133.57,1
Musical,Summer,815,202.53,445836.02,18,8.62,1,1,3.58,116186,23531150.58,1
Family,Fall,1522,211.54,51045.03,11,4.63,0,0,6.74,85332,18051131.28,0
Thriller,Summer,1312,55.89,147272.16,8,6.01,0,0,8.35,74309,4153130.01,1
Musical,Spring,1583,78.56,433565.97,9,2.08,1,0,3.36,106500,8366640.0,1
Drama,Fall,346,85.75,470009.59,25,1.5,0,0,6.59,65277,5597502.75,1
Tragedy,Fall,306,62.37,215832.91,31,9.88,0,1,7.38,75129,4685795.73,1
Tragedy,Fall,1355,113.32,100358.77,4,2.61,0,0,4.33,20326,2303342.32,0
Family,Winter,746,68.43,213063.1,18,4.02,0,0,5.39,106349,7277462.07,1
Drama,Spring,628,159.0,230802.39,16,5.54,0,0,4.23,51553,8196927.0,0
Experimental,Summer,958,47.86,262186.84,18,4.37,0,0,4.36,62163,2975121.18,0
Tragedy,Spring,1505,85.73,140804.77,8,1.88,0,0,5.02,44011,3773063.03,0
Family,Winter,523,174.74,159750.57,2,2.77,0,0,3.66,4590,802056.6,0
Drama,Fall,1951,114.67,329515.88,8,5.44,0,1,5.39,116146,13318461.82,1
Musical,Spring,957,119.83,312788.1,7,4.95,1,0,7.77,53056,6357700.48,1
Musical,Fall,471,204.53,332740.74,3,8.18,1,0,4.55,11190,2288690.7,1
Comedy,Spring,328,246.52,191756.07,12,3.81,0,0,9.51,22321,5502572.92,0
Experimental,Summer,1743,152.14,171546.14,22,9.46,0,0,2.96,130029,19782612.06,0
Musical,Fall,403,42.79,179011.64,30,3.55,1,1,5.05,95752,4097228.08,1
Comedy,Fall,954,48.15,475832.36,21,3.98,0,0,6.42,158669,7639912.35,1
Musical,Winter,1403,242.91,200646.33,7,9.54,1,1,5.89,77782,18894025.62,1
Experimental,Fall,1123,177.83,305035.54,12,8.56,0,1,9.52,91930,16347911.9,0
Thriller,Winter,672,194.31,263807.38,11,3.85,0,0,3.92,40192,7809707.52,0
Family,Fall,394,177.05,438729.8,8,4.56,0,0,4.4,22984,4069317.2,1
Thriller,Spring,1480,65.41,187712.82,31,8.58,0,0,6.36,363369,23767966.29,1
Thriller,Spring,1082,125.88,219901.5,21,1.77,0,0,6.37,121105,15244697.4,0
Family,Winter,286,204.57,422183.17,16,3.65,0,0,8.09,36241,7413821.37,1
Musical,Spring,526,219.93,84674.02,15,5.78,1,0,8.15,54452,11975628.36,0
Experimental,Summer,1212,78.4,299175.8,11,8.46,0,1,1.1,59626,4674678.4,0
Family,Spring,503,159.09,202954.56,14,6.08,0,0,7.88,55772,8872767.48,1
Family,Summer,904,60.35,492966.82,21,5.41,0,1,7.46,150353,9073803.55,1
Comedy,Fall,424,240.61,362085.14,29,9.66,0,0,6.27,97384,23431564.24,1
Family,Spring,1634,81.75,10225.35,16,2.05,0,0,3.85,110881,9064521.75,0
Comedy,Summer,1334,188.49,420539.58,7,8.02,0,1,9.16,73956,13939966.44,1
Musical,Winter,1611,77.0,353073.93,30,2.14,1,1,7.64,382773,29473521.0,1
Experimental,Spring,294,163.61,282675.65,11,7.6,0,1,3.32,12592,2060177.12,0
Drama,Spring,876,173.33,121883.6,4,5.89,0,1,3.75,19579,3393628.07,0
Musical,Summer,681,98.9,78911.74,18,3.38,1,0,7.39,76046,7520949.4,0
Thriller,Winter,1320,209.24,316057.78,25,5.89,0,1,9.26,255159,53389469.16,1
Drama,Summer,1678,224.21,222770.44,9,8.91,0,1,5.41,97034,21755993.14,0
Experimental,Fall,609,217.39,431502.05,10,5.25,0,1,8.91,37852,8228646.28,0
Tragedy,Spring,1585,99.43,134874.92,10,1.06,0,0,4.44,50826,5053629.18,0
Musical,Fall,1244,192.48,320572.39,26,1.51,1,0,4.56,185147,35637094.56,0
Experimental,Spring,1683,150.89,128177.3,30,6.69,0,0,7.17,229758,34668184.62,0
Tragedy,Fall,346,158.34,319976.95,27,7.1,0,0,1.45,51214,8109224.76,0
Drama,Spring,1983,132.42,28930.6,8,4.62,0,0,2.25,59485,7877003.7,0
Thriller,Winter,982,160.06,198895.18,27,3.19,0,0,7.56,168463,26964187.78,0
Tragedy,Summer,704,55.52,90479.38,11,7.44,0,1,3.18,42391,2353548.32,0
Musical,Spring,528,116.99,304937.33,28,3.74,1,1,2.58,117089,13698242.11,1
Family,Summer,1972,64.98,161780.39,31,1.67,0,0,1.8,296711,19280280.78,0
Comedy,Spring,1790,88.02,386908.65,23,4.69,0,1,3.02,326066,28700329.32,1
Thriller,Spring,436,53.76,61724.21,30,5.85,0,1,3.25,94405,5075212.8,1
Experimental,Fall,1000,72.81,280325.47,6,9.69,0,1,4.07,31282,2277642.42,0
Thriller,Summer,1520,200.93,298870.54,21,6.33,0,1,9.44,245269,49281900.17,1
Thriller,Summer,1263,148.71,15941.53,3,2.87,0,0,6.8,13104,1948695.84,0
Drama,Winter,540,30.32,22812.93,21,8.49,0,1,7.24,89812,2723099.84,1
Drama,Spring,848,202.42,157578.89,12,3.62,0,0,2.19,43410,8787052.2,0
Comedy,Summer,862,229.63,306492.34,31,9.63,0,1,2.73,189693,43559203.59,1
Family,Spring,719,223.1,481501.85,16,3.93,0,0,9.09,91111,20326864.1,1
Tragedy,Summer,1929,210.18,49937.84,24,9.19,0,1,6.71,216235,45448272.3,0
Comedy,Summer,565,248.25,353065.57,11,8.91,0,1,8.29,46909,11645159.25,1
Family,Spring,1471,156.94,347894.48,4,8.78,0,1,4.22,46601,7313560.94,1
Family,Spring,1841,241.58,336389.75,24,1.35,0,1,6.19,267136,64534714.88,0
Experimental,Winter,1630,238.49,260492.93,8,8.65,0,1,5.52,76360,18211096.4,0
Comedy,Spring,1639,95.48,483578.85,23,7.49,0,0,2.85,298560,28506508.8,1
Thriller,Winter,485,219.27,253378.69,15,4.01,0,0,8.42,44105,9670903.35,0
Thriller,Winter,439,203.31,419957.05,31,5.41,0,1,4.0,107783,21913361.73,1
Tragedy,Summer,1609,199.55,134947.7,12,6.76,0,1,5.2,74487,14863880.85,0
Comedy,Summer,1544,226.66,404122.71,14,9.49,0,1,2.2,167069,37867859.54,1
Musical,Winter,1535,111.44,498290.14,24,8.02,1,0,6.75,291772,32515071.68,1
Drama,Winter,953,115.01,455492.56,25,4.86,0,1,8.12,188694,21701696.94,1
Tragedy,Spring,1142,169.01,155515.5,5,6.81,0,1,4.69,28338,4789405.38,0
Experimental,Winter,227,191.01,423847.95,24,2.67,0,1,9.8,32786,6262453.86,0
Experimental,Winter,723,222.94,52152.28,16,4.82,0,0,3.32,35146,7835449.24,0
Drama,Spring,1151,222.07,340465.24,31,8.12,0,1,8.86,282593,62755427.51,1
Thriller,Spring,426,187.3,174362.39,20,6.46,0,1,7.49,55688,10430362.4,0
Musical,Fall,434,240.3,331041.69,25,8.05,1,1,9.35,85932,20649459.6,1
Thriller,Spring,281,65.19,209063.26,12,5.59,0,0,7.67,24653,1607129.07,1
Comedy,Fall,577,238.83,9471.41,10,4.42,0,0,5.45,22928,5475894.24,0
Tragedy,Spring,1987,39.44,119481.89,25,7.68,0,0,4.72,263260,10382974.4,0
Family,Fall,1452,150.01,25981.19,2,1.84,0,0,8.46,12909,1936479.09,0
Comedy,Spring,1906,45.29,216498.61,19,9.81,0,1,8.56,286814,12989806.06,1
Family,Spring,662,152.8,420835.29,31,9.54,0,0,6.3,162534,24835195.2,1
Tragedy,Spring,1277,112.77,370308.4,31,8.92,0,0,7.32,303949,34276328.73,1
Experimental,Spring,1805,43.36,395511.53,23,8.96,0,1,5.17,299964,13006439.04,1
Thriller,Fall,833,170.83,404563.83,16,5.6,0,0,2.97,88185,15064643.55,0
Comedy,Spring,1382,189.52,189110.2,26,5.48,0,0,1.45,174268,33027271.36,0
Family,Winter,1447,64.19,255482.74,2,8.38,0,1,6.88,22920,1471234.8,1
Comedy,Fall,1698,181.25,256683.33,25,3.55,0,0,7.02,263310,47724937.5,0
Tragedy,Summer,1945,65.29,61038.22,7,8.65,0,0,6.99,81318,5309252.22,0
Musical,Winter,1307,55.91,301080.35,24,2.81,1,0,6.06,248434,13889944.94,1
Musical,Fall,1248,58.16,361488.99,12,8.91,1,1,4.08,118609,6898299.44,1
Thriller,Fall,1763,159.79,307429.07,24,5.87,0,0,3.18,300901,48080970.79,1
Drama,Spring,1432,200.23,374253.14,20,8.59,0,1,1.59,189207,37884917.61,0
Experimental,Fall,851,159.3,63851.18,29,5.44,0,0,2.33,88964,14171965.2,0
Family,Fall,1334,207.1,381897.43,25,6.48,0,1,6.65,264132,54701737.2,1
Thriller,Winter,1188,158.08,108029.35,29,9.34,0,1,7.91,272859,43133550.72,1
Family,Summer,611,204.4,439029.28,6,4.76,0,1,9.17,29034,5934549.6,1
Thriller,Fall,1128,244.72,126241.0,13,2.98,0,1,1.76,41110,10060439.2,0
Musical,Summer,1322,112.97,248536.23,15,1.82,1,1,8.33,138722,15671424.34,0
Comedy,Spring,1826,58.74,246196.82,2,6.31,0,1,6.38,28923,1698937.02,1
Tragedy,Spring,1244,55.46,138080.91,2,6.5,0,1,3.71,15904,882035.84,0
Experimental,Winter,496,159.43,184046.24,3,6.59,0,0,7.53,6874,1095921.82,0
Drama,Fall,1977,148.1,96870.39,25,1.33,0,0,9.9,230497,34136605.7,0
Tragedy,Summer,1240,66.45,287199.85,15,1.25,0,0,4.41,67957,4515742.65,0
Comedy,Fall,716,223.47,456948.87,24,9.06,0,0,6.65,136097,30413596.59,1
Musical,Spring,1557,240.27,161720.75,27,7.26,1,1,3.35,276410,66413030.7,0
Musical,Spring,892,81.97,256490.99,3,2.02,1,0,2.85,16988,1392506.36,0
Comedy,Fall,866,71.55,431630.9,27,1.67,0,0,2.34,164282,11754377.1,0
Musical,Fall,1710,73.13,228987.03,8,2.46,1,0,1.29,94053,6878095.89,0
Musical,Winter,1761,112.17,416473.86,14,8.26,1,1,7.51,195259,21902202.03,1
Comedy,Winter,1143,216.98,225963.38,30,7.51,0,1,2.31,251808,54637299.84,1
Drama,Summer,871,159.09,222920.02,11,6.75,0,1,7.09,54083,8604064.47,0
Tragedy,Winter,1753,40.2,82833.78,30,6.77,0,0,8.83,364934,14670346.8,0
Musical,Summer,511,131.42,66864.52,17,8.73,1,1,8.62,68801,9041827.42,1
Comedy,Winter,1544,45.32,307690.89,2,4.0,0,0,3.69,24456,1108345.92,1
Tragedy,Spring,1251,116.4,414530.09,26,3.9,0,0,2.12,172687,20100766.8,0
Experimental,Spring,1737,115.79,72026.21,3,4.83,0,1,4.99,22662,2624032.98,0
Thriller,Spring,957,170.88,455496.5,21,9.91,0,1,2.63,159168,27198627.84,1
Experimental,Winter,1697,148.63,182645.5,15,5.99,0,0,4.36,104975,15602434.25,0
Comedy,Spring,227,221.82,215502.32,6,5.92,0,1,6.12,8484,1881920.88,0
Tragedy,Winter,1564,28.66,447754.43,17,8.29,0,0,6.8,210576,6035108.16,1
Comedy,Fall,325,199.15,448666.74,12,2.6,0,0,2.96,24080,4795532.0,0
Experimental,Spring,1356,30.1,264805.14,4,4.65,0,0,3.05,24854,748105.4,0
Experimental,Winter,551,93.47,141998.65,18,6.77,0,1,8.79,61951,5790559.97,0
Experimental,Spring,1934,222.92,90110.04,3,9.89,0,1,9.5,30261,6745782.12,0
Family,Spring,1584,180.34,139432.12,18,2.39,0,0,6.78,157718,28442864.12,0
Tragedy,Fall,388,63.7,391410.56,8,5.07,0,0,6.01,20892,1330820.4,0
Tragedy,Summer,1805,135.43,165672.45,26,9.15,0,0,6.92,267188,36185270.84,0
Experimental,Summer,653,187.43,348807.92,30,7.53,0,1,2.16,88532,16593552.76,0
Drama,Spring,1182,235.9,101624.41,29,6.52,0,1,9.07,192891,45502986.9,0
Comedy,Fall,353,167.72,241859.3,30,3.31,0,0,2.88,57879,9707465.88,0
Experimental,Spring,390,30.55,179292.58,5,2.68,0,0,7.03,8319,254145.45,0
Comedy,Spring,634,137.43,254288.1,17,4.37,0,0,3.0,72903,10019059.29,0
Drama,Fall,1161,59.42,287122.92,8,3.3,0,0,7.35,71073,4223157.66,1
Tragedy,Summer,1177,35.75,495512.81,4,8.28,0,0,7.78,35908,1283711.0,1
Comedy,Fall,1740,159.66,450448.05,13,7.49,0,0,7.67,179150,28603089.0,1
Experimental,Spring,497,199.81,349453.91,14,8.52,0,1,4.86,39466,7885701.46,0
Experimental,Fall,1549,33.11,81103.02,10,2.54,0,0,6.46,71171,2356471.81,0
Comedy,Winter,210,201.31,459919.14,5,3.79,0,0,6.38,8316,1674093.96,1
Tragedy,Summer,723,183.94,446830.11,14,7.92,0,0,7.48,64609,11884179.46,0
Experimental,Summer,515,194.2,443918.2,6,2.47,0,0,5.49,12807,2487119.4,0
Family,Fall,423,80.06,242113.35,3,2.31,0,0,5.57,9111,729426.66,1
Drama,Fall,1252,113.56,89499.82,15,4.45,0,0,7.16,106062,12044400.72,0
Thriller,Spring,1821,51.94,378429.59,3,2.68,0,0,2.53,38344,1991587.36,0
Thriller,Fall,1400,78.75,197314.94,30,1.71,0,0,6.87,247253,19471173.75,0
Thriller,Spring,1737,93.13,175561.3,27,3.81,0,0,2.33,284036,26452272.68,0
Musical,Fall,1264,96.87,198437.1,29,8.88,1,0,7.52,290315,28122814.05,1
Comedy,Winter,296,64.38,281739.93,5,1.51,0,0,4.5,10740,691441.2,1
Family,Fall,822,67.46,170091.82,15,6.09,0,0,8.56,97653,6587671.38,1
Drama,Winter,1682,227.83,346510.7,26,6.07,0,0,1.8,203918,46458637.94,0
Comedy,Summer,279,201.38,325623.28,19,5.78,0,0,5.14,32928,6631040.64,0
Comedy,Winter,374,102.51,256886.99,11,5.55,0,1,2.5,32582,3339980.82,1
Drama,Winter,1700,238.22,31716.75,26,1.16,0,0,8.82,134223,31974603.06,0
Drama,Winter,313,78.76,468588.63,11,1.43,0,0,2.13,21469,1690898.44,0
Comedy,Fall,1926,116.53,208789.66,31,5.6,0,0,5.37,430342,50147753.26,1
Experimental,Fall,1565,208.04,227479.33,5,9.71,0,1,1.95,36776,7650879.04,0
Musical,Fall,1397,124.65,230736.09,23,4.67,1,0,8.18,254477,31720558.05,1
Drama,Winter,1165,77.79,185688.84,2,5.25,0,0,3.54,16129,1254674.91,0
Musical,Winter,360,107.92,338921.02,29,9.84,1,1,6.35,82684,8923257.28,1
Tragedy,Summer,946,137.66,11889.26,12,8.01,0,1,2.53,47571,6548623.86,0
Drama,Spring,1653,164.64,437386.62,2,7.93,0,0,4.16,24433,4022649.12,1
Family,Spring,1826,116.26,55707.32,27,5.54,0,0,2.02,262694,30540804.44,0
Thriller,Spring,1004,122.04,499858.27,31,9.08,0,1,5.96,246502,30083104.08,1
Family,Spring,1710,84.39,315900.9,29,6.23,0,0,1.03,369980,31222612.2,1
Thriller,Spring,1597,145.45,37792.0,16,6.91,0,1,9.94,163351,23759402.95,0
Tragedy,Spring,303,74.38,283406.34,3,8.09,0,1,4.75,6630,493139.4,1
Experimental,Winter,1316,220.19,168997.36,8,4.66,0,0,6.67,30896,6802990.24,0
Tragedy,Spring,1308,193.16,476756.4,2,9.58,0,1,3.58,19436,3754257.76,1
Experimental,Fall,1177,117.31,378958.15,3,9.89,0,1,3.28,20978,2460929.18,0
Experimental,Summer,1590,193.13,255972.26,6,6.28,0,0,8.62,40604,7841850.52,0
Thriller,Spring,1801,26.57,217739.81,18,3.0,0,0,7.82,233976,6216742.32,1
Thriller,Fall,1190,102.51,497955.09,24,7.97,0,1,6.79,226195,23187249.45,1
Drama,Winter,776,124.07,335355.12,19,3.9,0,0,7.77,107136,13292363.52,1
Family,Winter,1969,130.7,259395.22,8,6.19,0,0,2.58,119595,15631066.5,1
Thriller,Winter,1934,193.46,201982.34,20,1.78,0,0,9.41,205752,39804781.92,0
Experimental,Fall,1434,241.63,165668.51,8,8.27,0,1,5.09,55107,13315504.41,0
Drama,Fall,1353,110.5,354182.61,15,9.63,0,1,8.82,160736,17761328.0,1
Family,Spring,387,103.88,296003.33,28,1.85,0,0,7.62,75971,7891867.48,0
Tragedy,Winter,922,162.37,424851.49,6,7.58,0,1,3.57,43573,7074948.01,1
Drama,Fall,556,88.28,279012.56,28,8.75,0,0,6.12,123298,10884747.44,1
Drama,Summer,1126,56.8,293254.04,10,1.99,0,0,9.7,79128,4494470.4,0
Tragedy,Summer,1687,241.35,241291.46,22,3.22,0,0,1.33,90460,21832521.0,0
Comedy,Fall,604,207.14,382497.37,9,4.53,0,0,4.84,33920,7026188.8,0
Musical,Spring,1994,240.66,210421.13,6,8.53,1,1,6.58,94754,22803497.64,1
Comedy,Winter,433,74.01,426710.1,15,5.44,0,1,4.06,51440,3807074.4,1
Thriller,Summer,377,29.01,166887.16,13,2.23,0,0,3.86,27423,795541.23,0
Comedy,Spring,1954,123.38,347849.4,17,3.31,0,0,7.74,251188,30991575.44,1
Experimental,Summer,380,235.06,447020.6,9,5.21,0,1,9.25,15626,3673047.56,0
Family,Winter,1523,56.12,385691.56,31,1.35,0,0,5.84,373926,20984727.12,1
Tragedy,Summer,1574,51.37,174591.03,22,6.68,0,0,9.53,206907,10628812.59,0
Experimental,Fall,794,40.51,354637.81,27,1.23,0,0,1.91,85276,3454530.76,0
Tragedy,Winter,315,197.13,107457.48,25,8.03,0,1,3.05,36799,7254186.87,0
Musical,Spring,755,201.83,33791.71,23,7.6,1,1,1.79,114655,23140818.65,0
Musical,Winter,323,181.46,396733.96,6,8.79,1,1,4.92,15348,2785048.08,1
Experimental,Summer,1410,36.99,404964.51,19,2.42,0,0,6.64,111302,4117060.98,0
Experimental,Fall,1799,187.74,16350.81,28,6.42,0,0,2.8,125907,23637780.18,0
Family,Spring,1994,125.94,474158.53,4,8.03,0,1,5.04,63169,7955503.86,1
Musical,Spring,1640,60.53,225720.41,15,5.64,1,0,7.16,194832,11793180.96,1
Comedy,Winter,1594,91.4,453109.71,7,2.18,0,0,6.76,88371,8077109.4,1
Musical,Winter,1786,137.76,395146.39,25,1.89,1,0,6.66,353628,48715793.28,1
Musical,Winter,1585,99.17,450823.5,29,6.45,1,1,6.45,364042,36102045.14,1
Drama,Fall,1370,243.19,417520.94,3,5.48,0,1,9.88,32551,7916077.69,1
Thriller,Summer,1993,131.82,487127.71,26,9.37,0,1,7.43,410398,54098664.36,1
Musical,Spring,780,108.73,316405.0,12,8.5,1,1,9.17,74131,8060263.63,1
Experimental,Summer,942,176.46,117493.13,30,7.51,0,0,9.57,93886,16567123.56,0
Tragedy,Fall,1831,171.37,197833.75,2,9.84,0,1,8.74,29003,4970244.11,1
Drama,Summer,759,25.55,377180.23,7,7.25,0,1,1.86,42078,1075092.9,1
Tragedy,Summer,737,164.16,82699.79,23,1.83,0,0,5.76,34116,5600482.56,0
Family,Spring,473,79.85,465271.96,25,1.7,0,0,4.43,93654,7478271.9,1
Comedy,Summer,695,109.43,106613.06,4,8.34,0,1,1.87,20689,2263997.27,1
Musical,Spring,1268,183.93,438607.5,6,4.25,1,1,6.08,60255,11082702.15,1
Musical,Spring,1795,150.41,244443.35,12,9.32,1,0,2.92,170596,25659344.36,1
Family,Spring,445,107.95,421106.97,3,2.06,0,0,6.24,9573,1033405.35,1
Musical,Fall,1425,62.67,479356.37,25,2.79,1,0,8.36,282150,17682340.5,1
Thriller,Summer,1579,138.73,213962.99,22,7.96,0,0,4.54,218266,30280042.18,0
Comedy,Spring,1812,96.86,349819.25,24,8.63,0,1,9.55,344424,33360908.64,1
Family,Fall,1550,230.41,117225.21,16,8.8,0,1,7.9,196416,45256210.56,1
Musical,Spring,480,145.23,401388.93,21,1.89,1,0,8.24,77060,11191423.8,1
Experimental,Spring,1080,219.84,410863.2,19,4.44,0,1,2.01,89270,19625116.8,0
Thriller,Spring,1914,112.79,151146.62,22,6.82,0,0,9.48,282076,31815352.04,0
Tragedy,Summer,1835,211.17,16949.68,15,9.27,0,1,1.31,122918,25956594.06,0
Drama,Winter,1302,37.72,218446.6,21,3.15,0,0,8.6,199344,7519255.68,1
Experimental,Spring,1933,92.08,89150.26,21,6.4,0,0,1.27,155997,14364203.76,0
Comedy,Summer,1402,42.59,410182.78,21,2.29,0,0,2.46,214181,9121968.79,1
Tragedy,Spring,316,32.12,134243.15,28,7.73,0,0,3.84,47956,1540346.72,0
Comedy,Summer,1845,231.74,472127.93,12,2.15,0,0,7.64,127070,29447201.8,0
Drama,Fall,502,186.3,486045.44,28,10.0,0,1,9.09,111323,20739474.9,1
Comedy,Summer,885,165.65,454873.78,2,1.83,0,0,7.0,11153,1847494.45,0
Drama,Fall,628,144.81,301809.17,16,7.17,0,1,7.55,78774,11407262.94,1
Musical,Winter,1495,153.15,137376.86,15,7.99,1,1,3.61,177606,27200358.9,1
Comedy,Winter,253,168.71,404592.92,28,3.32,0,0,9.78,56105,9465474.55,1
Musical,Fall,1352,210.98,352289.71,3,3.29,1,0,4.67,27716,5847521.68,0
Comedy,Fall,1755,159.3,488698.33,8,6.37,0,1,9.22,111196,17713522.8,1
Experimental,Winter,1617,193.43,191739.74,16,6.67,0,1,8.01,137493,26595270.99,0
Drama,Winter,752,88.22,34090.16,26,7.48,0,0,4.31,116247,10255310.34,0
Musical,Summer,1814,244.77,499201.23,15,6.22,1,0,4.09,215503,52748669.31,1
Musical,Spring,851,32.18,419940.5,21,2.57,1,0,7.12,141538,4554692.84,1
Tragedy,Spring,1424,111.98,114637.4,7,9.32,0,1,9.46,66658,7464362.84,0
Drama,Winter,1112,223.46,364185.79,30,2.5,0,1,7.05,208958,46693754.68,0
Tragedy,Fall,321,65.62,5341.64,25,6.09,0,1,8.72,53567,3515066.54,0
Musical,Summer,205,56.8,281115.48,3,9.28,1,1,9.7,4870,276616.0,1
Comedy,Summer,529,107.22,184604.93,23,9.22,0,0,3.97,79453,8518950.66,0
Comedy,Summer,1882,121.34,193759.86,5,2.51,0,0,5.85,45187,5482990.58,0
Tragedy,Winter,1917,235.01,126037.3,18,3.15,0,0,6.48,125500,29493755.0,0
Tragedy,Fall,938,213.13,141048.38,23,6.42,0,0,2.95,69276,14764793.88,0
Family,Winter,1943,129.42,230060.99,29,4.03,0,0,8.18,446268,57756004.56,1
Tragedy,Summer,289,243.92,127831.79,4,7.58,0,0,3.36,4841,1180816.72,0
Family,Summer,1941,169.51,235887.77,10,5.7,0,0,7.36,132227,22413798.77,0
Tragedy,Spring,615,221.57,290787.12,22,3.39,0,0,5.71,47751,10580189.07,0
Drama,Winter,266,80.36,357000.15,9,4.7,0,0,8.53,18960,1523625.6,1
Drama,Fall,1564,135.02,340187.1,23,7.22,0,1,5.6,284898,38466927.96,1
Comedy,Fall,888,31.69,124784.69,7,8.07,0,1,6.28,49230,1560098.7,1
Thriller,Summer,726,27.0,24398.85,6,4.33,0,0,2.63,21883,590841.0,0
Drama,Summer,1567,183.73,417177.52,18,1.94,0,0,8.27,142929,26260345.17,0
Experimental,Winter,799,51.62,436794.86,22,4.18,0,0,4.62,95563,4932962.06,0
Tragedy,Summer,1555,148.26,489550.31,8,6.67,0,1,6.22,88915,13182537.9,1
Experimental,Fall,551,181.6,480057.22,28,7.84,0,1,8.61,96476,17520041.6,0
Thriller,Spring,354,32.25,318737.94,28,8.92,0,0,5.31,78503,2531721.75,1
Comedy,Summer,784,125.97,447664.49,4,9.66,0,1,3.47,24837,3128716.89,1
Drama,Winter,1297,178.93,226764.17,11,5.76,0,0,3.39,82038,14679059.34,0
Family,Spring,604,225.19,394731.14,18,8.92,0,1,6.1,86106,19390210.14,1
Comedy,Spring,457,92.33,477890.6,16,3.36,0,0,3.62,57911,5346922.63,1
Drama,Winter,1548,244.2,399157.89,9,6.04,0,0,4.05,86822,21201932.4,0
Experimental,Summer,1087,215.02,210803.86,17,5.85,0,1,3.11,67036,14414080.72,0
Tragedy,Summer,976,171.39,191990.83,30,7.92,0,0,5.02,135444,23213747.16,0
Musical,Fall,631,113.18,149313.66,11,7.96,1,1,5.19,54972,6221730.96,1
Tragedy,Spring,231,185.0,186696.44,8,3.57,0,0,5.73,6917,1279645.0,0
Tragedy,Spring,295,208.64,411185.45,24,8.97,0,1,6.34,51069,10655036.16,1
Experimental,Spring,1426,93.24,352242.66,19,9.02,0,1,6.29,163956,15287257.44,0
Thriller,Spring,344,248.39,128690.19,22,9.53,0,1,4.31,53715,13342268.85,1
Drama,Spring,644,229.44,357209.89,21,5.12,0,0,9.11,69374,15917170.56,0
Drama,Fall,1839,134.24,192800.76,24,9.89,0,1,5.6,349557,46924531.68,1
Thriller,Summer,819,187.64,281097.39,23,8.06,0,1,8.49,144700,27151508.0,1
Musical,Spring,1540,142.9,188332.79,20,6.88,1,1,6.02,243936,34858454.4,1
Comedy,Spring,817,196.21,263206.53,15,4.89,0,1,4.34,76027,14917257.67,0
Musical,Summer,1877,211.07,366252.93,15,8.58,1,1,7.65,222987,47065866.09,1
Musical,Winter,1679,30.23,366909.67,9,7.88,1,0,2.59,119679,3617896.17,1
Experimental,Summer,1045,42.8,377825.38,15,6.27,0,1,9.73,106465,4556702.0,0
Musical,Spring,1431,100.71,198564.2,20,9.97,1,1,6.15,226670,22827935.7,1
Musical,Spring,943,231.46,346795.24,23,3.25,1,0,1.94,127089,29416019.94,0
Experimental,Summer,1899,114.61,123162.26,25,6.78,0,1,4.79,184231,21114714.91,0
Drama,Spring,845,224.69,241327.07,13,3.89,0,0,7.41,55166,12395248.54,0
Family,Winter,1705,129.05,293637.92,23,5.12,0,0,1.61,310582,40080607.1,1
Musical,Winter,1309,89.99,344808.68,15,4.05,1,1,3.35,155509,13994254.91,1
Drama,Summer,1358,227.65,456438.02,12,4.01,0,0,9.32,106880,24331232.0,0
Musical,Winter,832,151.15,155860.48,6,4.39,1,0,4.21,30029,4538883.35,0
Thriller,Summer,1699,106.11,423416.53,9,1.51,0,0,2.43,78384,8317326.24,0
Thriller,Spring,1543,34.99,159006.5,22,1.36,0,0,1.89,176809,6186546.91,0
Tragedy,Winter,1667,49.96,278195.16,8,7.52,0,0,6.57,105621,5276825.16,1
Drama,Winter,1642,56.34,414909.42,4,3.8,0,0,6.02,52018,2930694.12,1
Musical,Summer,483,107.09,362959.05,10,1.19,1,0,6.83,32502,3480639.18,0
Tragedy,Fall,1776,161.65,432120.49,31,1.73,0,0,9.62,369613,59747941.45,0
Drama,Spring,1715,94.21,408366.19,6,2.76,0,0,1.54,60698,5718358.58,0
Thriller,Fall,637,39.74,141791.89,6,1.43,0,0,2.78,21165,841097.1,0
Thriller,Fall,1966,84.58,496503.65,14,9.52,0,1,3.1,217990,18437594.2,1
Family,Fall,1148,116.95,468814.22,13,6.12,0,0,4.84,118198,13823256.1,1
Tragedy,Fall,779,248.26,217936.44,29,4.55,0,1,2.09,81171,20151512.46,0
Musical,Fall,602,113.42,28368.69,9,5.79,1,0,4.69,42459,4815699.78,1
Drama,Fall,856,45.07,155230.85,14,2.02,0,0,8.35,82856,3734319.92,0
Family,Winter,267,155.75,418895.5,10,7.32,0,0,2.47,21146,3293489.5,1
Tragedy,Spring,1443,231.92,475680.86,9,9.73,0,0,9.25,88083,20428209.36,0
Thriller,Summer,1474,202.01,416677.62,11,2.18,0,0,9.2,79451,16049896.51,0
Tragedy,Summer,1402,213.15,201387.9,9,2.37,0,1,5.62,43426,9256251.9,0
Drama,Fall,1188,233.85,32985.57,23,6.66,0,1,8.74,186740,43669149.0,0
Experimental,Spring,852,168.22,261203.51,25,2.37,0,0,7.4,72178,12141783.16,0
Family,Summer,1503,248.86,191309.34,7,2.13,0,0,4.21,40502,10079327.72,0
Experimental,Winter,1768,32.49,65871.33,16,7.03,0,0,6.06,129730,4214927.7,0
Family,Spring,357,212.84,57397.41,9,6.57,0,0,2.05,12787,2721585.08,0
Comedy,Fall,889,217.83,80753.26,28,2.96,0,0,5.46,96695,21063071.85,0
Drama,Fall,1991,231.26,106882.72,5,8.41,0,1,8.47,76598,17714053.48,1
Drama,Summer,1751,132.59,378124.27,14,1.95,0,0,6.27,145842,19337190.78,0
Experimental,Spring,1989,202.25,193943.22,11,3.99,0,1,4.44,54279,10977927.75,0
Tragedy,Spring,529,68.89,221284.37,12,7.65,0,0,6.97,43258,2980043.62,0
Tragedy,Summer,1036,160.7,301198.76,30,6.53,0,1,9.79,175298,28170388.6,0
Experimental,Spring,434,105.7,480266.07,18,6.4,0,1,1.61,41565,4393420.5,0
Thriller,Spring,1758,159.14,379452.18,13,7.18,0,0,3.97,171426,27280733.64,1
Experimental,Spring,1133,177.0,324627.74,26,6.82,0,1,2.4,154799,27399423.0,0
Experimental,Spring,638,103.09,373196.91,25,8.87,0,1,9.61,119316,12300286.44,1
Musical,Winter,362,73.65,361049.8,6,6.12,1,1,5.91,17202,1266927.3,1
Comedy,Fall,1527,97.38,346673.38,15,4.61,0,1,2.17,181407,17665413.66,1
Family,Spring,1661,174.39,250721.52,14,7.89,0,1,6.51,184171,32117580.69,1
Family,Fall,1782,177.3,285589.3,15,3.33,0,0,5.5,154457,27385226.1,0
Drama,Spring,1948,191.8,233438.28,12,7.84,0,1,1.53,162908,31245754.4,0
Comedy,Summer,1666,53.47,200504.46,26,3.52,0,0,8.78,293587,15698096.89,0
Tragedy,Spring,1615,209.17,139030.2,31,5.32,0,1,7.38,244214,51082242.38,0
Family,Spring,1661,179.83,180830.53,2,7.65,0,0,1.05,19094,3433674.02,0
Musical,Spring,1997,31.86,217122.16,27,6.65,1,0,9.64,427038,13605430.68,1
Thriller,Summer,1033,100.51,291792.81,27,1.77,0,0,2.43,139026,13973503.26,0
Comedy,Summer,1565,130.01,252438.17,12,5.02,0,0,1.0,103434,13447454.34,0
Drama,Summer,1675,106.14,58434.73,16,8.31,0,1,4.85,163829,17388810.06,0
Tragedy,Fall,409,51.42,173286.96,5,9.97,0,1,2.27,14672,754434.24,1
Comedy,Fall,1443,71.65,191215.77,12,5.2,0,1,6.13,137142,9826224.3,1
Thriller,Fall,809,30.53,354928.35,9,1.77,0,0,3.8,57665,1760512.45,1
Comedy,Fall,438,45.94,169781.58,29,4.3,0,0,2.67,95941,4407529.54,1
Family,Fall,506,84.92,8938.13,5,5.41,0,0,9.87,19678,1671055.76,1
Musical,Summer,405,209.49,46746.63,12,1.66,1,0,3.99,10115,2118991.35,0
Experimental,Spring,1815,143.49,251014.22,16,8.78,0,1,4.73,162151,23267046.99,0
Musical,Summer,1589,120.51,98305.27,31,5.85,1,0,3.65,313323,37758554.73,0
Family,Spring,383,173.99,249838.09,26,4.75,0,0,8.53,76278,13271609.22,1
Comedy,Winter,1325,146.84,289231.66,30,4.57,0,1,2.77,290260,42621778.4,1
Comedy,Summer,1388,54.59,467051.76,11,1.25,0,0,2.15,109364,5970180.76,1
Musical,Winter,1134,75.09,329512.06,10,5.67,1,0,8.93,89812,6743983.08,1
Thriller,Winter,1290,75.07,20365.16,19,5.28,0,0,2.65,122300,9181061.0,0
Drama,Summer,1833,159.99,193461.61,12,4.11,0,0,8.72,119934,19188240.66,0
Thriller,Winter,1133,128.87,397761.2,2,6.93,0,0,6.2,17946,2312701.02,1
Family,Summer,1387,112.21,133978.42,26,4.7,0,1,8.41,265979,29845503.59,1
Family,Spring,1227,150.24,462861.67,4,6.15,0,0,1.63,37788,5677269.12,1
Thriller,Spring,913,243.28,266860.3,7,8.97,0,0,9.67,45179,10991147.12,1
Comedy,Spring,1803,95.69,50761.61,30,4.27,0,0,3.7,277413,26545649.97,0
Family,Winter,945,142.04,124626.92,23,4.58,0,0,1.53,124014,17614948.56,0
Family,Summer,1639,133.08,453618.1,21,8.79,0,0,7.88,272598,36277341.84,1
Comedy,Summer,1289,186.24,495772.58,5,4.22,0,1,2.61,50304,9368616.96,1
Musical,Summer,1432,189.32,432192.87,9,4.95,1,1,4.16,102072,19324271.04,1
Experimental,Summer,1568,189.04,163734.96,8,8.21,0,0,6.35,48461,9161067.44,0
Drama,Winter,1524,70.34,385565.41,21,6.33,0,1,1.62,253471,17829150.14,1
Thriller,Winter,1215,126.05,115002.68,17,9.4,0,1,2.82,162691,20507200.55,1
Drama,Spring,1307,207.51,195338.53,12,5.24,0,0,5.4,75680,15704356.8,0
Musical,Fall,1115,110.84,350098.22,24,5.31,1,1,4.8,211939,23491318.76,1
Family,Summer,810,246.46,484606.16,25,1.39,0,0,6.02,118102,29107418.92,0
Drama,Spring,1508,107.08,222403.15,24,2.78,0,0,7.56,208127,22286239.16,0
Thriller,Winter,1781,136.98,250439.03,5,5.86,0,1,4.18,69992,9587504.16,1
Thriller,Spring,1469,131.77,113983.42,20,2.68,0,1,4.64,172557,22737835.89,0
Musical,Spring,1589,122.57,204595.26,8,5.08,1,0,3.45,88390,10833962.3,0
Drama,Spring,1694,215.27,36194.21,10,3.55,0,1,4.06,69373,14933925.71,0
Family,Summer,861,59.94,430000.02,31,1.19,0,0,1.46,193606,11604743.64,1
Tragedy,Fall,312,152.72,16550.62,14,5.28,0,0,6.22,20220,3087998.4,0
Musical,Summer,807,164.19,343344.67,25,6.82,1,0,2.56,147232,24174022.08,1
Experimental,Spring,1558,216.52,140244.74,9,4.04,0,0,7.45,35390,7662642.8,0
Drama,Spring,1668,162.07,240674.17,31,7.99,0,1,1.38,319099,51716374.93,0
Musical,Winter,1124,241.0,144371.43,10,2.31,1,0,1.54,29881,7201321.0,0
Experimental,Winter,1601,221.24,203034.98,7,1.82,0,0,3.56,30823,6819280.52,0
Musical,Winter,334,103.47,275655.05,11,9.41,1,0,4.95,29098,3010770.06,1
Tragedy,Fall,1359,218.48,322242.24,7,9.29,0,1,7.24,67184,14678360.32,1
Experimental,Fall,1422,240.66,470441.64,19,4.66,0,1,7.23,120471,28992550.86,0
Thriller,Winter,1114,82.87,169439.45,6,4.78,0,1,9.76,52937,4386889.19,1
Thriller,Fall,1489,162.3,294504.47,8,8.66,0,1,4.16,94343,15311868.9,1
Comedy,Summer,1084,88.41,451352.46,23,5.77,0,1,1.53,197461,17457527.01,1
Musical,Summer,1142,171.15,148664.74,3,2.05,1,0,8.75,20017,3425909.55,0
Thriller,Summer,1287,46.07,433199.74,15,2.03,0,0,7.58,152895,7043872.65,1
Experimental,Spring,1628,190.19,478989.77,22,2.18,0,0,1.61,130376,24796211.44,0
Musical,Spring,647,119.46,424509.38,15,8.03,1,0,1.75,76863,9182053.98,1
Experimental,Fall,740,157.14,287080.95,2,6.42,0,0,5.29,5952,935297.28,0
Comedy,Winter,953,30.82,362447.19,6,3.7,0,1,4.07,45286,1395714.52,1
Tragedy,Spring,563,181.47,243127.6,31,2.46,0,0,6.37,69641,12637752.27,0
Drama,Spring,801,136.6,300641.62,25,2.11,0,0,2.97,95307,13018936.2,0
Thriller,Spring,831,165.68,487364.66,12,7.67,0,0,9.63,78978,13085075.04,1
Drama,Winter,765,96.03,129304.68,28,8.97,0,1,5.61,169646,16291105.38,1
Drama,Summer,938,57.81,397310.83,2,5.78,0,1,7.76,14857,858883.17,1
Family,Summer,1108,122.97,255585.41,3,7.95,0,0,2.13,25575,3144957.75,1
Musical,Spring,1452,237.4,92552.26,28,3.55,1,0,6.55,220011,52230611.4,0
Tragedy,Winter,745,76.25,323550.01,22,6.27,0,1,8.79,129808,9897860.0,1
Thriller,Summer,1721,177.06,397251.32,19,4.94,0,0,1.21,157105,27817011.3,0
Musical,Winter,1062,36.21,286534.13,12,1.79,1,0,5.86,100932,3654747.72,1
Comedy,Fall,1497,186.57,419529.24,26,5.39,0,0,3.22,282123,52635688.11,1
Comedy,Spring,406,78.65,186104.96,20,8.62,0,1,5.31,64310,5057981.5,1
Thriller,Winter,513,126.59,457315.31,15,1.47,0,0,8.34,60277,7630465.43,1
Experimental,Fall,1016,107.74,325918.45,13,5.29,0,0,7.21,66826,7199833.24,0
Family,Fall,859,50.39,402563.87,12,8.86,0,1,7.79,81639,4113789.21,1
Drama,Spring,1093,102.76,140127.64,19,8.11,0,1,2.91,144761,14875640.36,0
Musical,Winter,485,103.78,225833.51,21,5.44,1,1,8.49,80665,8371413.7,1
Musical,Winter,1052,142.47,455260.62,26,2.54,1,0,6.53,216627,30862848.69,1
Thriller,Summer,1436,243.78,30193.3,14,8.64,0,1,1.62,91642,22340486.76,0
Drama,Spring,1511,130.75,204970.95,9,2.38,0,0,8.76,79824,10436988.0,0
Drama,Winter,646,230.75,391257.74,18,3.49,0,0,1.5,65217,15048822.75,0
Family,Winter,819,128.85,373188.27,19,2.12,0,0,1.26,94788,12213433.8,0
Experimental,Fall,1145,49.2,426553.3,10,5.13,0,0,8.5,73672,3624662.4,0
Family,Fall,1132,76.78,370998.22,4,6.66,0,0,1.12,35861,2753407.58,1
Drama,Spring,1625,116.69,473810.61,11,8.44,0,0,1.8,139934,16328898.46,1
Thriller,Spring,902,98.21,251638.48,4,5.15,0,1,1.15,25595,2513684.95,1
Thriller,Winter,1407,219.81,314023.47,4,9.74,0,1,8.92,44573,9797591.13,1
Drama,Summer,1790,177.7,424614.35,30,6.36,0,1,1.4,324012,57576932.4,0
Tragedy,Summer,737,155.12,352337.02,25,6.44,0,0,4.35,107679,16703166.48,0
Tragedy,Fall,1681,135.53,55518.08,3,2.58,0,0,2.95,11820,1601964.6,0
Comedy,Spring,799,114.39,186663.24,12,2.71,0,0,4.07,55907,6395201.73,0
Family,Spring,801,162.74,278532.45,9,6.19,0,1,3.62,54670,8896995.8,1
Thriller,Spring,1376,53.04,378585.18,31,7.49,0,0,8.99,337835,17918768.4,1
Tragedy,Summer,1319,61.57,274065.95,15,2.84,0,1,7.92,114968,7078579.76,0
Family,Summer,1189,93.2,389886.87,9,5.36,0,1,8.97,84751,7898793.2,1
Family,Spring,616,63.52,419616.69,21,4.21,0,0,7.48,102453,6507814.56,1
Tragedy,Summer,373,177.35,136238.49,16,4.95,0,0,3.97,21807,3867471.45,0
Drama,Summer,1836,30.57,309968.6,7,3.0,0,0,2.67,79170,2420226.9,0
Family,Fall,1773,61.04,280769.64,11,2.27,0,0,5.77,152560,9312262.4,1
Family,Fall,1796,228.09,117522.04,5,3.88,0,0,4.21,37574,8570253.66,0
Experimental,Winter,1122,249.45,247489.65,22,8.82,0,1,6.79,122359,30522452.55,0
Drama,Winter,1792,134.71,276541.3,31,8.25,0,1,1.35,389111,52417142.81,0
Comedy,Summer,1052,136.46,409583.24,26,1.91,0,0,7.42,158471,21624952.66,0
Experimental,Winter,335,199.01,233189.74,13,1.79,0,0,3.7,13780,2742357.8,0
Tragedy,Fall,557,33.14,45053.41,16,5.44,0,0,5.16,51323,1700844.22,0
Experimental,Spring,690,121.08,246211.5,3,3.5,0,0,9.81,9782,1184404.56,0
Musical,Summer,878,47.46,419785.72,13,8.41,1,1,2.94,90398,4290289.08,1
Musical,Fall,1890,115.21,287771.45,2,5.38,1,0,2.06,29937,3449041.77,1
Family,Winter,799,246.36,162838.29,24,8.67,0,1,2.89,147042,36225267.12,1
Comedy,Summer,1302,194.57,460880.62,29,1.97,0,0,4.16,197938,38512796.66,0
Tragedy,Spring,687,246.64,82047.44,7,9.73,0,1,5.83,24528,6049585.92,0
Comedy,Spring,1357,192.86,166804.44,22,7.9,0,1,9.82,236443,45600396.98,1
Comedy,Spring,1221,161.82,221381.67,19,7.59,0,0,8.83,183604,29710799.28,1
Experimental,Fall,470,194.7,370299.05,14,9.46,0,1,7.43,44281,8621510.7,0
Musical,Fall,1032,173.3,418694.66,24,5.23,1,0,7.48,196162,33994874.6,1
Family,Summer,389,129.41,33987.44,22,2.34,0,0,3.55,22369,2894772.29,0
Experimental,Fall,1800,90.82,397057.73,10,5.47,0,1,9.35,115836,10520225.52,0
Thriller,Winter,1467,142.04,361661.57,25,8.34,0,1,5.86,290466,41257790.64,1
Comedy,Winter,1894,83.16,447852.89,21,8.74,0,0,2.46,315010,26196231.6,1
Drama,Spring,1776,134.5,450719.28,11,5.4,0,0,9.55,146361,19685554.5,1
Thriller,Fall,595,57.88,389875.15,24,7.59,0,0,5.56,113097,6546054.36,1
Tragedy,Winter,1473,152.21,99150.33,21,3.22,0,1,2.4,137930,20994325.3,0
Drama,Winter,380,80.19,160366.4,5,3.07,0,0,7.62,13063,1047521.97,0
Comedy,Summer,1929,91.06,468478.25,6,6.28,0,1,3.1,91666,8347105.96,1
Experimental,Summer,1613,137.28,301095.78,11,4.8,0,0,2.69,60883,8358018.24,0
Drama,Winter,1424,61.57,271686.56,3,2.45,0,1,3.41,33782,2079957.74,1
Drama,Spring,1990,241.54,458276.17,14,7.85,0,1,6.2,204751,49455556.54,1
Thriller,Fall,1724,125.56,437728.29,15,5.79,0,0,3.63,204811,25716069.16,1
Drama,Spring,1754,104.26,365110.6,25,5.68,0,1,1.37,328998,34301331.48,1
Experimental,Winter,380,31.57,441714.89,7,2.7,0,0,4.49,13109,413851.13,0
Experimental,Spring,242,214.73,61348.31,19,3.17,0,0,3.11,7392,1587284.16,0
Experimental,Spring,1929,165.81,379984.26,21,7.23,0,1,5.6,187632,31111261.92,0
Experimental,Summer,652,118.69,482991.9,15,8.67,0,1,5.14,57017,6767347.73,0
Drama,Spring,967,80.24,29243.51,29,2.59,0,0,1.7,92658,7434877.92,0
Drama,Summer,278,192.66,115407.6,11,8.31,0,0,3.21,14181,2732111.46,0
Comedy,Summer,1321,237.73,398014.35,14,8.09,0,1,3.53,142645,33910995.85,1
Tragedy,Summer,1677,110.68,262423.35,2,8.33,0,0,5.36,21070,2332027.6,0
Experimental,Fall,1715,55.35,47876.09,14,6.24,0,1,8.4,154242,8537294.7,0
Family,Fall,1246,49.57,137639.22,2,4.17,0,0,2.97,17632,874018.24,1
Thriller,Winter,1390,26.43,165409.5,31,7.94,0,1,2.42,341272,9019818.96,1
Experimental,Summer,1124,192.39,163926.05,9,5.32,0,1,1.01,27820,5352289.8,0
Thriller,Fall,1003,245.81,439448.01,26,3.0,0,0,6.46,143248,35211790.88,0
Comedy,Fall,1198,248.38,332708.05,5,4.62,0,1,3.93,41247,10244929.86,0
Comedy,Spring,1884,201.44,368784.05,10,5.12,0,0,7.03,132338,26658166.72,0
Tragedy,Fall,654,61.49,11717.19,5,5.55,0,0,7.21,17661,1085974.89,0
Musical,Winter,1046,244.98,216618.44,13,9.08,1,0,1.4,90320,22126593.6,0
Family,Summer,1282,98.76,162321.21,20,4.7,0,1,4.77,173867,17171104.92,0
Thriller,Spring,1226,100.06,426703.07,14,3.56,0,0,9.71,135938,13601956.28,1
Family,Summer,255,179.65,477165.48,20,9.66,0,1,3.48,40392,7256422.8,1
Tragedy,Summer,717,36.04,214553.72,26,3.18,0,0,5.77,73665,2654886.6,0
Family,Fall,1362,210.8,486665.0,3,1.1,0,0,5.84,27907,5882795.6,0
Experimental,Winter,1449,249.39,12107.81,14,8.65,0,1,3.34,62261,15527270.79,0
Tragedy,Fall,1521,199.39,166231.11,19,9.59,0,1,8.01,205646,41003755.94,1
Tragedy,Spring,1984,200.88,388590.93,17,7.14,0,0,1.03,181949,36549915.12,0
Musical,Summer,1411,112.82,183249.32,6,4.67,1,1,3.04,51257,5782814.74,0
Family,Fall,1243,39.83,460876.35,8,5.89,0,1,6.33,78756,3136851.48,1
Experimental,Summer,797,203.35,113140.12,13,8.49,0,1,9.26,46418,9439100.3,0
Thriller,Fall,866,159.36,398855.03,21,8.97,0,1,1.09,143656,22893020.16,1
Experimental,Fall,1687,229.6,104842.61,31,1.92,0,0,6.41,138420,31781232.0,0
Experimental,Summer,1043,51.09,102566.93,13,8.81,0,1,1.03,51690,2640842.1,0
Family,Fall,1487,93.65,225645.93,17,6.56,0,0,6.61,200209,18749572.85,1
Tragedy,Summer,423,106.15,472745.59,11,1.29,0,0,4.7,21205,2250910.75,0
Musical,Spring,430,178.74,294800.21,3,1.98,1,0,4.91,6945,1241349.3,0
Musical,Summer,587,202.24,319341.28,13,1.41,1,0,9.71,55887,11302586.88,1
Drama,Summer,551,241.23,9817.67,12,9.54,0,1,7.14,29397,7091438.31,0
Tragedy,Spring,1292,91.47,33024.53,6,4.84,0,0,2.77,26410,2415722.7,0
Family,Winter,1346,136.07,38132.34,22,7.44,0,0,9.98,234527,31912088.89,1
Tragedy,Fall,1204,31.52,410722.88,9,1.02,0,1,3.31,67610,2131067.2,0
Musical,Spring,720,81.92,122241.8,8,8.14,1,1,7.17,45619,3737108.48,1
Drama,Winter,1238,109.15,167774.9,13,5.34,0,0,7.12,109403,11941337.45,0
Experimental,Winter,414,158.61,306926.63,30,9.31,0,1,8.65,88337,14011131.57,1
Experimental,Spring,1051,130.94,294057.39,21,5.69,0,1,4.59,111636,14617617.84,0
Comedy,Spring,478,107.01,208212.1,14,8.1,0,0,7.26,51764,5539265.64,1
Family,Summer,338,165.42,7128.6,26,6.67,0,1,6.63,56285,9310664.7,0
Family,Fall,498,211.44,227553.27,2,5.68,0,1,4.93,7447,1574593.68,1
Experimental,Fall,400,79.38,370746.89,12,9.53,0,0,9.24,31569,2505947.22,0
Experimental,Summer,1060,102.15,121443.46,18,5.46,0,0,3.27,80878,8261687.7,0
Thriller,Fall,1182,183.61,355637.22,16,9.03,0,1,3.02,149783,27501656.63,1
Comedy,Spring,1293,200.04,12500.65,22,1.32,0,0,6.67,102747,20553509.88,0
Thriller,Fall,991,210.71,454463.86,23,6.92,0,1,2.71,180520,38037369.2,1
Comedy,Winter,517,72.1,475269.41,15,9.2,0,0,8.47,61419,4428309.9,1
Comedy,Fall,237,146.34,6218.43,29,9.09,0,1,4.06,52856,7734947.04,1
Thriller,Summer,1482,227.5,231620.11,29,5.37,0,0,4.79,199590,45406725.0,0
Tragedy,Summer,1968,113.19,209841.86,16,5.25,0,0,7.14,144564,16363199.16,0
Thriller,Winter,705,121.72,421732.26,29,8.29,0,1,8.97,161924,19709389.28,1
Comedy,Spring,568,246.59,272657.19,21,4.02,0,0,7.21,66464,16389357.76,0
Comedy,Summer,760,50.44,307625.91,6,9.43,0,0,1.85,36115,1821640.6,1
Musical,Spring,585,183.76,105240.47,5,3.26,1,0,4.04,13918,2557571.68,0
Thriller,Winter,602,216.29,43147.01,4,1.67,0,0,7.75,8277,1790232.33,0
Thriller,Summer,1090,58.93,347703.89,8,7.95,0,1,9.17,69062,4069823.66,1
Experimental,Winter,1613,185.75,312234.62,11,4.64,0,0,6.7,75728,14066476.0,0
Tragedy,Fall,1482,130.69,417002.72,4,4.2,0,0,6.37,41021,5361034.49,0
Tragedy,Fall,1927,216.9,423118.31,20,3.89,0,0,4.41,192616,41778410.4,0
Musical,Fall,843,229.18,317362.46,14,9.82,1,1,5.3,93471,21421683.78,1
Drama,Spring,1086,221.31,271488.88,20,6.15,0,0,4.89,96580,21374119.8,0
Comedy,Fall,884,39.49,457434.09,17,9.93,0,1,1.5,119021,4700139.29,1
Comedy,Fall,275,195.29,401625.75,10,4.09,0,1,1.2,18790,3669499.1,0
Comedy,Winter,899,232.34,441800.37,20,4.73,0,1,6.56,142401,33085448.34,1
Comedy,Fall,669,164.8,497941.24,30,2.91,0,0,5.59,158954,26195619.2,1
Family,Winter,1061,160.2,204735.36,11,4.87,0,0,3.2,75866,12153733.2,0
Musical,Winter,484,35.13,359882.66,11,1.56,1,0,9.03,42166,1481291.58,1
Comedy,Fall,1534,217.61,345593.57,17,1.01,0,0,2.86,127516,27748756.76,0
Drama,Summer,1716,35.44,91200.64,26,5.08,0,1,7.3,261832,9279326.08,0
Comedy,Spring,1929,95.54,320091.56,17,7.71,0,1,8.1,259720,24813648.8,1
Thriller,Summer,352,233.32,216904.19,26,4.93,0,1,8.56,49887,11639634.84,0
Musical,Winter,411,238.69,228064.62,4,5.66,1,1,8.56,13020,3107743.8,1
Comedy,Spring,1939,248.18,94168.3,4,5.01,0,1,8.15,44319,10999089.42,0
Musical,Summer,1726,132.19,373645.98,14,5.74,1,1,5.12,191378,25298257.82,1
Experimental,Fall,1259,64.92,350480.79,8,7.98,0,0,6.62,63245,4105865.4,0
Family,Spring,778,134.79,268483.62,2,8.23,0,1,8.72,12323,1661017.17,1
Drama,Winter,1131,48.02,82576.0,8,8.54,0,1,4.78,71660,3441113.2,1
Drama,Fall,1164,221.32,280648.07,10,2.91,0,1,7.04,69119,15297417.08,0
Musical,Spring,1725,151.12,54566.04,29,5.12,1,0,2.44,266083,40210462.96,0
Tragedy,Spring,1152,116.01,172989.15,25,8.48,0,1,6.08,177549,20597459.49,0
Family,Fall,249,42.89,189317.13,12,9.48,0,1,2.27,23664,1014948.96,1
Thriller,Winter,1459,116.18,442295.57,30,5.89,0,0,6.94,346658,40274726.44,1
Experimental,Winter,1598,219.89,210703.23,27,5.44,0,0,4.39,173099,38062739.11,0
Comedy,Winter,736,183.27,301242.58,9,7.88,0,1,3.05,52462,9614710.74,1
Drama,Spring,409,43.55,438015.6,16,9.93,0,1,4.25,51828,2257109.4,1
Tragedy,Fall,455,60.98,215750.92,29,4.83,0,1,7.31,79748,4863033.04,0
Drama,Spring,1713,113.27,442433.24,15,2.49,0,0,9.17,194923,22078928.21,1
Experimental,Spring,1005,47.81,72548.35,13,8.51,0,1,1.1,59169,2828869.89,0
Drama,Fall,1152,235.16,185597.36,29,7.39,0,1,2.51,197171,46366732.36,0
Tragedy,Summer,1929,171.77,51889.99,21,2.31,0,1,7.35,122035,20961951.95,0
Tragedy,Fall,310,46.34,282660.17,15,3.91,0,0,6.12,29945,1387651.3,0
Musical,Winter,570,202.31,478854.62,28,5.98,1,0,3.87,126403,25572590.93,1
Tragedy,Spring,1699,107.89,330191.16,24,7.58,0,1,6.87,302757,32664452.73,1
Tragedy,Fall,1172,80.1,314907.43,12,8.03,0,1,8.8,111386,8922018.6,1
Drama,Winter,249,153.25,142688.52,14,2.4,0,0,3.32,14725,2256606.25,0
Musical,Summer,1465,28.01,465897.85,3,2.95,1,0,5.37,34808,974972.08,1
Musical,Fall,449,129.71,238409.72,5,7.7,1,1,1.19,17780,2306243.8,1
Musical,Summer,1607,214.86,137166.02,30,2.05,1,0,9.51,250602,53844345.72,0
Tragedy,Winter,1636,233.81,493911.49,3,5.48,0,1,8.21,34581,8085383.61,1
Musical,Spring,1683,102.07,214446.35,27,5.91,1,1,5.55,359892,36734176.44,1
Experimental,Winter,1036,169.55,188892.0,8,4.05,0,0,9.93,41832,7092615.6,0
Drama,Winter,682,76.04,22305.83,18,8.17,0,0,2.98,74297,5649543.88,0
Thriller,Winter,1786,151.05,93256.01,23,1.5,0,0,7.7,182050,27498652.5,0
Thriller,Summer,1205,82.16,405549.72,31,8.0,0,1,7.93,295851,24307118.16,1
Tragedy,Fall,1343,153.56,243934.08,13,6.81,0,1,8.48,118531,18201620.36,0
Experimental,Summer,445,63.64,477662.99,29,5.56,0,0,7.17,73982,4708214.48,0
Musical,Summer,1322,236.78,46523.47,15,8.85,1,1,2.72,115878,27437592.84,0
Drama,Winter,1244,224.56,309892.0,28,2.82,0,0,1.82,181449,40746187.44,0
Drama,Fall,726,100.81,361392.15,5,8.21,0,1,2.62,28749,2898186.69,1
Musical,Fall,1580,199.75,312485.65,10,2.69,1,0,8.72,125136,24995916.0,1
Comedy,Spring,440,46.49,267289.39,20,9.91,0,1,4.62,69696,3240167.04,1
Comedy,Winter,1494,191.58,291257.67,23,1.29,0,0,5.92,210637,40353836.46,0
Family,Fall,1930,88.55,346327.05,26,5.98,0,0,1.23,397425,35191983.75,1
Comedy,Winter,1221,55.52,432315.45,12,2.51,0,0,5.42,116043,6442707.36,1
Experimental,Spring,388,177.59,171490.6,20,4.67,0,0,4.68,28247,5016384.73,0
Family,Fall,1195,130.71,232528.77,20,2.33,0,0,5.81,154357,20176003.47,0
Experimental,Fall,1152,144.28,319775.25,31,2.74,0,0,4.38,141271,20382579.88,0
Musical,Fall,1193,142.12,160536.9,5,1.55,1,0,1.68,31140,4425616.8,0
Experimental,Spring,690,38.38,93497.52,2,1.07,0,0,1.4,3916,150296.08,0
Thriller,Summer,1326,36.56,483253.53,19,7.47,0,1,9.55,199536,7295036.16,1
Experimental,Summer,675,160.26,101390.8,2,5.08,0,0,6.43,3768,603859.68,0
Comedy,Fall,1204,165.37,120202.88,7,1.41,0,0,6.79,44006,7277272.22,0
Experimental,Spring,1270,35.61,311249.62,17,9.45,0,1,9.24,151718,5402677.98,0
Thriller,Summer,1362,110.15,43297.31,10,6.99,0,1,5.96,83563,9204464.45,0
Musical,Fall,1636,162.89,21853.59,9,3.38,1,1,6.54,96671,15746739.19,0
Comedy,Spring,1788,172.75,36686.73,12,4.95,0,1,5.71,126518,21855984.5,0
Musical,Winter,1598,211.36,66015.5,22,5.4,1,1,2.58,230885,48799853.6,0
Experimental,Fall,1632,119.66,217452.45,12,6.13,0,1,3.8,94244,11277237.04,0
Comedy,Spring,1763,148.36,415484.02,25,8.72,0,0,8.96,349074,51788618.64,1
Drama,Spring,636,155.18,174276.09,6,6.31,0,1,4.99,23793,3692197.74,0
Tragedy,Winter,727,95.21,216628.05,5,9.81,0,1,2.84,27571,2625034.91,1
Comedy,Summer,1159,37.11,302124.29,6,7.54,0,1,8.45,55075,2043833.25,1
Musical,Winter,1038,25.95,154561.49,29,9.9,1,1,1.79,238407,6186661.65,1
Family,Summer,1463,213.13,219106.25,10,5.96,0,0,6.76,83910,17883738.3,0
Family,Summer,216,70.05,196224.28,2,7.11,0,0,7.3,3421,239641.05,1
Family,Summer,450,166.81,174232.35,11,7.64,0,1,3.73,34905,5822503.05,1
Thriller,Fall,1544,154.84,197254.62,22,7.79,0,1,2.5,238415,36916178.6,0
Comedy,Spring,1679,114.92,10503.27,12,1.22,0,0,5.03,81803,9400800.76,0
Tragedy,Summer,744,212.54,443699.03,13,2.15,0,0,7.8,48613,10332207.02,0
Tragedy,Summer,759,182.14,488786.66,4,3.05,0,0,8.98,16399,2986913.86,0
Drama,Spring,1210,30.12,431935.61,22,3.44,0,0,8.34,210830,6350199.6,1
Musical,Summer,1058,199.76,7842.43,8,9.15,1,1,1.99,50118,10011571.68,0
Drama,Fall,504,139.07,376688.35,4,7.5,0,1,3.0,15966,2220391.62,1
Tragedy,Fall,1100,103.08,288684.59,23,2.29,0,0,6.55,133719,13783754.52,0
Drama,Spring,1674,188.55,51616.58,30,4.84,0,0,7.39,220325,41542278.75,0
Musical,Winter,1513,179.36,466765.27,20,3.19,1,1,1.08,239659,42985238.24,1
Family,Winter,1671,94.88,389227.48,30,8.47,0,1,2.28,397029,37670111.52,1
Comedy,Fall,1358,246.18,76921.66,14,9.26,0,1,1.85,127636,31421430.48,0
Thriller,Winter,1779,170.96,482200.51,17,2.48,0,0,4.07,204533,34966961.68,0
Tragedy,Summer,649,161.3,67468.38,12,4.75,0,0,7.13,28623,4616889.9,0
Family,Winter,282,40.72,230066.54,17,9.58,0,1,9.49,37968,1546056.96,1
Family,Fall,405,87.85,83692.99,28,6.91,0,0,1.81,79871,7016667.35,1
Comedy,Fall,1986,125.57,79344.44,21,8.81,0,0,5.55,295172,37064748.04,1
Family,Spring,1352,166.89,484063.84,2,4.22,0,0,4.35,21415,3573949.35,1
Comedy,Fall,646,140.37,288200.78,19,2.89,0,0,4.58,80350,11278729.5,0
Family,Winter,1737,196.68,133291.58,13,7.22,0,1,1.61,152515,29996650.2,0
Comedy,Winter,756,84.08,389317.69,18,2.24,0,0,3.59,93538,7864675.04,0
Musical,Summer,1275,182.99,438245.98,18,8.56,1,1,3.27,181764,33260994.36,1
Family,Spring,648,208.73,459213.95,19,7.79,0,1,7.46,97511,20353471.03,1
Musical,Fall,370,197.14,466827.56,27,3.74,1,0,6.78,79120,15597716.8,1
Family,Spring,681,198.44,453263.01,27,5.49,0,0,6.73,145625,28897825.0,1
Musical,Spring,610,224.91,321271.54,31,8.19,1,1,5.67,149767,33684095.97,1
Drama,Fall,1194,43.94,174520.99,20,9.41,0,1,4.08,189129,8310328.26,1
Thriller,Winter,237,181.87,463156.0,10,4.17,0,0,3.19,15645,2845356.15,0
Experimental,Summer,631,242.95,65635.78,7,8.11,0,1,1.1,13317,3235365.15,0
Comedy,Summer,1221,154.07,88555.91,27,2.75,0,0,2.33,95761,14753897.27,0
Musical,Summer,908,73.9,219744.63,29,9.13,1,1,2.98,208549,15411771.1,1
Drama,Summer,1344,249.72,145414.15,3,7.18,0,0,9.78,21304,5320034.88,0
Experimental,Spring,1380,64.3,309787.74,8,2.37,0,0,9.73,62351,4009169.3,0
Family,Fall,1937,100.5,453124.45,22,7.66,0,1,7.91,337502,33918951.0,1
Musical,Fall,1704,63.71,248060.51,6,7.52,1,1,6.49,80974,5158853.54,1
Comedy,Summer,610,129.52,279165.94,3,7.68,0,1,7.02,14493,1877133.36,1
Drama,Summer,1446,119.25,214451.2,31,4.1,0,1,6.4,225383,26876922.75,0
Drama,Winter,1329,135.53,355246.73,4,7.66,0,0,6.82,42102,5706084.06,1
Family,Spring,1269,233.8,54840.95,8,8.44,0,0,2.97,45882,10727211.6,0
Thriller,Spring,1638,132.62,29051.99,31,4.12,0,1,9.79,307688,40805582.56,0
Drama,Spring,465,140.79,322462.54,5,2.87,0,0,7.81,14564,2050465.56,0
Thriller,Winter,875,224.5,269764.88,25,8.99,0,1,3.11,167356,37571422.0,1
Comedy,Summer,1669,209.0,206642.22,18,6.59,0,0,5.62,153977,32181193.0,0
Musical,Spring,1805,78.94,170326.36,18,5.14,1,0,8.1,257320,20312840.8,1
Tragedy,Winter,267,27.91,30644.68,26,8.92,0,1,9.2,46699,1303369.09,0
Drama,Spring,1048,166.64,341875.3,2,2.22,0,0,4.45,9510,1584746.4,0
Drama,Summer,675,215.09,213626.43,3,8.3,0,1,5.35,11465,2466006.85,0
Experimental,Spring,502,149.39,225407.68,7,5.42,0,1,3.79,13369,1997194.91,0
Thriller,Fall,302,72.51,447255.2,16,1.38,0,0,4.39,37972,2753349.72,1
Musical,Fall,1168,191.8,370086.2,30,9.75,1,0,3.05,277516,53227568.8,1
Family,Winter,1401,175.65,113624.36,4,8.0,0,1,1.27,44383,7795873.95,1
Thriller,Summer,1156,152.13,330297.42,14,2.93,0,0,4.75,82030,12479223.9,0
Experimental,Summer,863,219.25,70466.38,14,9.31,0,1,5.24,36477,7997582.25,0
Family,Winter,1588,201.45,101061.61,7,9.42,0,1,8.02,88038,17735255.1,1
Comedy,Winter,1373,175.29,358503.87,12,8.2,0,0,5.7,130489,22873416.81,1
Tragedy,Spring,1835,174.57,67315.76,8,2.14,0,0,3.94,33388,5828543.16,0
Tragedy,Fall,824,174.0,143696.01,6,2.68,0,0,5.17,18065,3143310.0,0
Family,Winter,630,143.16,449539.83,17,7.79,0,1,8.17,84823,12143260.68,1
Drama,Fall,1020,129.38,370466.16,29,9.22,0,1,5.33,234273,30310240.74,1
Comedy,Fall,1112,184.66,465082.46,14,2.94,0,1,6.0,123298,22768208.68,1
Drama,Spring,1024,162.36,441507.5,21,5.15,0,0,2.56,131561,21360243.96,0
Comedy,Spring,1698,135.25,159726.81,22,2.39,0,0,1.07,176145,23823611.25,0
Drama,Spring,282,53.5,318026.83,27,5.3,0,1,9.37,60302,3226157.0,1
Musical,Spring,1149,182.93,192454.36,26,6.78,1,0,3.41,214533,39244521.69,1
Experimental,Winter,974,170.35,350066.64,29,1.17,0,0,4.13,114737,19545447.95,0
Musical,Fall,579,102.01,177486.23,26,6.79,1,0,2.03,117737,12010351.37,1
Experimental,Winter,1353,105.17,5652.1,29,6.76,0,0,5.62,157966,16613284.22,0
Musical,Summer,1642,80.51,51499.42,30,5.1,1,0,7.63,360486,29022727.86,1
Family,Winter,1182,241.43,386651.1,24,9.06,0,1,7.17,224674,54243043.82,1
Comedy,Spring,352,218.55,46582.6,16,2.21,0,0,8.7,21989,4805695.95,0
Tragedy,Winter,335,151.24,301714.23,11,1.46,0,0,3.58,15194,2297940.56,0
Drama,Spring,958,115.37,429600.36,19,5.46,0,1,3.83,144159,16631623.83,1
Tragedy,Spring,1402,190.79,371845.11,26,5.8,0,1,9.69,230460,43969463.4,0
Tragedy,Spring,764,143.74,209652.2,24,3.4,0,0,5.11,87066,12514866.84,0
Tragedy,Winter,755,244.57,108259.09,17,9.65,0,0,8.51,64509,15776966.13,0
Comedy,Summer,1748,37.4,461656.06,4,3.28,0,0,6.5,55376,2071062.4,1
Tragedy,Summer,225,32.71,285367.84,10,3.43,0,0,2.63,10153,332104.63,0
Family,Summer,343,152.94,205682.93,19,8.3,0,1,9.62,51614,7893845.16,1
Tragedy,Winter,480,70.74,471318.56,13,9.31,0,0,3.92,46745,3306741.3,1
Comedy,Summer,1970,160.97,111433.78,15,5.83,0,1,6.78,213808,34416673.76,1
Musical,Spring,1095,200.82,223929.53,11,1.17,1,0,3.29,61569,12364286.58,0
Comedy,Summer,484,56.07,58779.63,4,4.2,0,0,6.18,10770,603873.9,0
Musical,Summer,758,124.14,66815.73,15,3.02,1,1,5.87,75521,9375176.94,0
Drama,Fall,1944,179.95,202305.15,15,5.6,0,0,3.35,151053,27181987.35,0
Experimental,Winter,1449,212.62,351331.88,25,7.14,0,0,9.9,225379,47920082.98,0
Musical,Spring,602,136.68,172752.5,5,4.53,1,0,2.27,19819,2708860.92,0
Tragedy,Winter,633,71.38,346351.0,16,5.84,0,0,4.99,80213,5725603.94,1
Family,Spring,334,156.8,403569.28,27,7.84,0,0,1.28,66915,10492272.0,1
Experimental,Fall,1591,127.27,439401.07,10,3.22,0,1,7.14,90684,11541352.68,0
Drama,Summer,447,198.68,27136.15,11,2.76,0,1,5.16,12814,2545885.52,0
Drama,Summer,715,150.0,387997.17,4,8.25,0,0,6.04,19501,2925150.0,0
Comedy,Summer,827,87.87,77835.35,19,1.33,0,0,7.29,92948,8167340.76,0
Tragedy,Summer,1317,194.74,350639.84,27,2.36,0,0,7.88,157666,30703876.84,0
Experimental,Winter,1291,141.49,188972.92,16,1.11,0,0,9.69,88580,12533184.2,0
Drama,Winter,1638,64.95,355357.68,14,6.0,0,0,8.78,181621,11796283.95,1
Drama,Winter,735,151.69,110843.0,24,6.4,0,1,3.91,115958,17589669.02,0
Drama,Summer,894,238.37,324270.41,15,5.78,0,1,7.55,77415,18453413.55,0
Experimental,Fall,899,183.74,67129.47,13,4.73,0,1,1.68,30906,5678668.44,0
Musical,Summer,284,92.23,89024.05,24,5.76,1,1,2.23,45570,4202921.1,0
Comedy,Winter,1527,184.95,309158.65,10,2.75,0,0,5.14,75936,14044363.2,0
Musical,Fall,1163,88.59,171701.89,27,8.44,1,0,5.14,248695,22031890.05,1
Drama,Summer,1056,147.1,353370.15,10,9.83,0,1,5.55,83635,12302708.5,1
Experimental,Summer,1991,143.48,344153.92,17,5.87,0,0,5.28,130291,18694152.68,0
Musical,Summer,521,80.66,312708.83,9,4.37,1,1,6.77,37136,2995389.76,1
Comedy,Fall,1944,103.27,366617.57,20,8.13,0,1,9.59,307929,31799827.83,1
Experimental,Fall,1424,236.99,397997.94,15,2.74,0,0,2.55,76119,18039441.81,0
Thriller,Summer,597,81.38,456154.52,9,3.89,0,1,4.22,38417,3126375.46,1
Musical,Winter,1421,205.23,44855.34,24,9.46,1,1,1.67,246109,50508950.07,1
Tragedy,Winter,1560,175.16,287916.76,30,2.68,0,1,2.8,243317,42619405.72,0
Experimental,Summer,852,144.84,375644.53,2,2.01,0,0,9.89,7412,1073554.08,0
Comedy,Winter,820,55.94,112386.02,19,5.92,0,0,1.36,118735,6642035.9,1
Tragedy,Spring,1703,71.03,135492.47,23,6.29,0,0,2.92,218999,15555498.97,0
Tragedy,Winter,488,65.27,137147.35,23,6.37,0,0,4.84,79106,5163248.62,1
Thriller,Summer,224,157.03,288304.82,8,2.48,0,0,3.63,7886,1238338.58,0
Drama,Fall,1398,244.01,186254.43,5,7.49,0,0,5.91,42861,10458512.61,0
Family,Summer,1831,222.38,334716.9,17,3.18,0,0,9.91,182579,40601918.02,0
Experimental,Summer,1101,30.68,307068.64,21,9.53,0,1,7.34,172406,5289416.08,1
Musical,Summer,442,86.59,330270.36,10,3.05,1,0,4.65,33930,2937998.7,1
Family,Fall,1170,60.38,129897.22,13,1.16,0,0,7.15,104162,6289301.56,0
Family,Spring,653,244.53,384848.83,17,6.11,0,0,8.85,87919,21498833.07,1
Family,Winter,1689,78.01,333697.6,15,2.83,0,0,3.06,185125,14441601.25,1
Comedy,Winter,1301,70.3,69671.56,16,6.66,0,1,7.45,164862,11589798.6,1
Tragedy,Fall,805,164.7,104085.56,22,3.06,0,1,6.53,80075,13188352.5,0
Family,Fall,1324,150.14,153977.75,31,4.85,0,1,7.6,325068,48805709.52,1
Drama,Fall,1400,75.82,468340.55,25,2.62,0,0,1.76,275575,20894096.5,1
Family,Spring,1421,175.83,166543.18,2,4.86,0,0,7.6,17000,2989110.0,0
Experimental,Fall,859,46.83,14840.15,12,2.23,0,0,8.09,45684,2139381.72,0
Thriller,Spring,1227,29.36,75104.74,2,4.04,0,0,7.19,15557,456753.52,0
Comedy,Fall,276,43.54,20925.05,28,2.79,0,0,2.78,39735,1730061.9,0
Tragedy,Summer,926,107.1,204405.43,21,8.34,0,1,2.45,106088,11362024.8,0
Musical,Fall,880,244.38,399590.93,8,7.56,1,0,7.65,55756,13625651.28,1
Experimental,Winter,1162,148.13,227965.71,27,2.5,0,0,6.83,128044,18967157.72,0
Comedy,Spring,1910,194.81,420302.1,18,1.75,0,0,9.85,238971,46553940.51,0
Musical,Fall,1916,97.34,28527.01,3,1.23,1,0,5.09,25557,2487718.38,0
Family,Summer,1069,186.85,237512.82,6,3.04,0,0,3.06,28344,5296076.4,0
Thriller,Summer,1363,242.39,394602.31,26,5.32,0,1,7.93,243604,59047173.56,0
Thriller,Fall,394,105.5,338987.5,10,4.6,0,1,7.74,31204,3292022.0,1
Musical,Winter,1068,249.79,427148.64,17,9.74,1,1,5.7,143795,35918553.05,1
Family,Spring,1438,168.64,140548.19,28,8.13,0,1,7.71,318890,53777609.6,1
Thriller,Winter,1429,193.43,252921.14,10,1.7,0,0,3.8,74267,14365465.81,0
Family,Winter,1934,81.74,340054.9,2,2.43,0,1,2.94,30634,2504023.16,1
Family,Fall,1039,169.7,88402.53,4,1.24,0,1,2.13,14549,2468965.3,0
Drama,Fall,1834,139.98,408824.32,29,2.24,0,0,3.61,331974,46469720.52,0
Drama,Summer,1961,240.19,159177.68,19,5.76,0,0,6.89,173916,41772884.04,0
Experimental,Spring,1229,228.55,51187.12,11,1.69,0,0,3.33,14780,3377969.0,0
Tragedy,Fall,364,114.25,384022.14,4,1.54,0,0,8.95,8494,970439.5,0
Tragedy,Winter,877,238.05,353983.9,22,2.06,0,0,3.25,75801,18044428.05,0
Comedy,Spring,1576,224.08,442421.48,3,7.02,0,0,7.16,37445,8390675.6,1
Thriller,Fall,1245,157.84,446577.0,4,1.17,0,0,5.75,31097,4908350.48,0
Family,Fall,1885,43.48,142870.26,19,9.73,0,1,2.9,283654,12333275.92,1
Musical,Winter,1668,61.18,322474.57,21,4.43,1,0,6.01,277421,16972616.78,1
Tragedy,Summer,313,42.3,499565.88,19,4.03,0,0,9.59,42138,1782437.4,1
Experimental,Summer,1750,49.3,125684.24,29,5.27,0,0,9.5,254885,12565830.5,0
Drama,Summer,843,244.81,239073.95,10,5.66,0,1,3.62,36407,8912797.67,0
Drama,Winter,1673,72.74,455532.35,18,4.78,0,0,5.83,238502,17348635.48,1
Experimental,Winter,1114,180.44,56024.42,11,5.38,0,0,2.36,33931,6122509.64,0
Musical,Summer,1019,168.22,464483.7,12,4.06,1,0,5.22,86952,14627065.44,1
Comedy,Winter,330,167.01,246637.02,6,3.9,0,0,3.89,13445,2245449.45,0
Tragedy,Fall,413,71.51,447055.19,25,1.25,0,0,9.37,72953,5216869.03,1
Family,Summer,1271,155.35,312578.85,23,7.05,0,1,6.69,231525,35967408.75,1
Musical,Spring,1224,165.75,337360.6,23,6.56,1,1,2.66,222963,36956117.25,1
Tragedy,Fall,1198,153.34,387627.95,6,7.02,0,1,9.93,56759,8703425.06,1
Drama,Fall,481,66.89,38232.37,5,9.47,0,1,7.25,19047,1274053.83,1
Family,Winter,1117,187.69,315745.33,25,5.26,0,0,2.21,192516,36133328.04,0
Thriller,Fall,309,41.48,462348.94,21,8.94,0,1,8.2,51392,2131740.16,1
Tragedy,Spring,459,158.02,478281.24,2,5.0,0,0,6.02,5377,849673.54,0
Comedy,Fall,1097,123.16,484319.11,21,5.3,0,1,4.6,182453,22470911.48,1
Drama,Fall,1310,81.31,324687.28,31,6.7,0,1,2.77,317088,25782425.28,1
Experimental,Summer,1379,206.66,318476.99,24,2.94,0,0,3.5,97242,20096031.72,0
Thriller,Summer,1967,64.58,278470.21,10,2.96,0,0,2.51,100080,6463166.4,0
Comedy,Winter,1737,234.92,305738.91,11,5.59,0,1,8.23,151327,35549738.84,1
Comedy,Fall,883,224.03,307998.38,24,1.62,0,0,3.46,129748,29067444.44,0
Family,Fall,1609,106.13,25992.09,14,3.13,0,0,5.23,141806,15049870.78,0
Family,Summer,372,93.66,48991.29,24,8.14,0,0,9.71,69249,6485861.34,1
Tragedy,Summer,1743,55.93,311611.2,30,5.17,0,0,9.95,349915,19570745.95,0
Comedy,Fall,895,231.17,160537.13,14,1.24,0,0,8.12,60329,13946254.93,0
Thriller,Winter,1568,166.19,154205.62,19,1.55,0,0,8.19,150581,25025056.39,0
Thriller,Fall,1947,32.15,100753.12,16,9.28,0,0,9.5,246723,7932144.45,1
Thriller,Fall,1465,139.97,401529.63,17,9.61,0,0,8.17,197247,27608662.59,1
Musical,Spring,1856,44.3,482342.61,4,6.77,1,0,5.06,58798,2604751.4,1
Tragedy,Winter,218,154.09,315740.21,31,2.66,0,0,1.54,32909,5070947.81,0
Thriller,Spring,506,139.52,472982.85,18,4.31,0,0,2.88,70023,9769608.96,1
Experimental,Winter,1326,43.64,442522.66,8,3.75,0,1,5.0,69615,3037998.6,0
Tragedy,Summer,1173,208.57,112873.85,19,8.07,0,1,3.39,117704,24549523.28,0
Comedy,Winter,416,84.02,80995.32,13,5.83,0,0,3.96,37207,3126132.14,0
Tragedy,Winter,1493,146.83,109735.46,26,8.02,0,0,1.53,220729,32409639.07,0
Drama,Winter,305,168.78,52623.65,24,4.24,0,0,5.97,31657,5343068.46,0
Musical,Winter,1983,241.52,293525.19,13,8.83,1,1,4.16,204169,49310896.88,1
Thriller,Fall,481,136.11,144911.77,23,4.86,0,0,3.33,69367,9441542.37,0
Experimental,Winter,1001,231.4,456893.76,2,4.76,0,0,6.49,10015,2317471.0,0
Family,Spring,1681,104.84,308636.85,31,5.4,0,1,3.49,412719,43269459.96,1
Thriller,Spring,1125,217.92,183007.23,17,6.33,0,0,5.29,95888,20895912.96,0
Musical,Fall,1538,78.06,492397.11,21,9.05,1,1,3.22,255800,19967748.0,1
Experimental,Winter,1466,184.18,476831.28,21,5.12,0,1,7.12,173104,31882294.72,0
Tragedy,Winter,1907,44.94,390414.54,11,9.37,0,1,8.69,166137,7466196.78,1
Comedy,Fall,1035,246.86,396883.42,22,4.54,0,0,1.74,127259,31415156.74,0
Experimental,Fall,1962,239.64,488748.72,13,3.92,0,1,8.38,109054,26133700.56,0
Family,Fall,1130,124.5,302225.83,22,3.66,0,0,8.67,196891,24512929.5,1
Family,Winter,1807,142.89,440609.83,4,1.19,0,0,9.68,57245,8179738.05,1
Drama,Winter,1518,159.5,37089.72,6,8.64,0,1,8.45,72135,11505532.5,1
Experimental,Spring,439,86.88,279260.95,29,1.71,0,0,5.97,45961,3993091.68,0
Tragedy,Fall,1358,176.76,253745.59,24,4.01,0,0,1.63,128964,22795676.64,0
Tragedy,Summer,1781,182.18,23673.31,5,3.25,0,0,1.67,22018,4011239.24,0
Family,Winter,431,143.14,48041.23,8,7.7,0,0,2.77,23760,3401006.4,0
Thriller,Fall,1709,58.24,15810.27,18,9.39,0,1,5.02,243635,14189302.4,1
Drama,Winter,389,231.82,150537.43,2,8.35,0,1,9.6,6032,1398338.24,1
Comedy,Summer,1767,50.89,31488.06,14,3.88,0,0,2.58,128194,6523792.66,0
Comedy,Fall,1620,166.56,214464.04,11,5.1,0,1,5.85,134055,22328200.8,1
Experimental,Spring,473,48.19,407309.47,6,3.22,0,0,9.98,14665,706706.35,0
Family,Winter,1507,57.87,308845.76,10,9.32,0,1,1.12,119354,6907015.98,1
Comedy,Spring,410,29.62,338526.01,10,2.07,0,1,1.42,31727,939753.74,1
Family,Summer,1222,106.76,20595.81,4,9.57,0,1,3.43,35835,3825744.6,1
Family,Winter,1862,168.91,420565.55,21,8.32,0,1,3.03,309687,52309231.17,1
Comedy,Winter,570,142.35,77364.24,10,7.4,0,0,5.49,42522,6053006.7,1
Comedy,Summer,512,176.77,154812.18,2,7.97,0,0,4.78,5672,1002639.44,0
Experimental,Summer,961,176.88,260812.98,2,4.05,0,0,6.25,8094,1431666.72,0
Tragedy,Spring,863,56.54,465346.75,30,3.66,0,0,2.32,156362,8840707.48,0
Drama,Winter,287,37.9,499083.84,5,4.43,0,0,7.17,11365,430733.5,1
Family,Spring,1020,165.71,392417.04,29,2.63,0,0,2.93,174206,28867676.26,0
Thriller,Spring,667,171.98,366010.54,6,7.72,0,0,5.07,28811,4954915.78,1
Tragedy,Summer,423,150.26,266202.75,4,5.28,0,1,1.3,8494,1276308.44,0
Family,Spring,696,80.3,334485.53,18,8.97,0,0,8.18,99221,7967446.3,1
Experimental,Spring,237,207.42,76489.97,28,8.91,0,0,6.64,24993,5184048.06,0
Comedy,Fall,1847,42.03,138252.08,4,2.4,0,0,2.88,46585,1957967.55,0
Comedy,Fall,1989,167.27,492398.22,11,2.97,0,1,6.42,173281,28984712.87,1
Drama,Summer,861,52.09,489909.44,24,4.7,0,1,4.93,152083,7922003.47,1
Thriller,Winter,1777,172.25,164871.34,4,2.07,0,0,8.44,41012,7064317.0,0
Comedy,Fall,1030,118.99,124319.04,7,7.2,0,0,9.85,57103,6794685.97,1
Comedy,Spring,1842,186.57,118611.45,11,7.64,0,0,2.12,114199,21306107.43,0
Thriller,Fall,511,36.74,245007.87,26,7.49,0,0,5.41,105225,3865966.5,1
Comedy,Fall,712,149.89,115764.46,26,5.23,0,1,3.32,112649,16884958.61,0
Tragedy,Winter,1531,57.6,326005.83,23,8.59,0,0,7.75,278886,16063833.6,1
Tragedy,Spring,596,178.54,42035.81,21,6.45,0,1,1.31,45599,8141245.46,0
Drama,Spring,1682,51.99,56320.23,2,9.94,0,1,5.9,26642,1385117.58,1
Musical,Summer,966,41.56,142082.47,9,8.34,1,1,8.71,68856,2861655.36,1
Family,Summer,927,185.45,389834.4,29,7.5,0,1,4.5,212913,39484715.85,1
Musical,Winter,1015,39.29,165028.32,23,2.11,1,0,8.54,184892,7264406.68,1
Comedy,Fall,1636,75.52,238054.31,9,8.49,0,1,2.32,116614,8806689.28,1
Thriller,Fall,210,210.57,330027.91,23,3.75,0,1,9.26,36452,7675697.64,1
Musical,Fall,1551,207.18,395327.26,23,4.77,1,1,8.12,282530,58534565.4,1
Thriller,Winter,1602,217.18,157018.97,24,5.16,0,0,4.52,174690,37939174.2,0
Family,Summer,1678,98.37,366829.86,31,3.98,0,0,2.18,345066,33944142.42,0
Thriller,Spring,1994,143.81,146603.37,18,1.98,0,1,5.68,216821,31181028.01,0
Comedy,Spring,1608,199.0,324010.77,3,2.79,0,1,7.03,34301,6825899.0,1
Musical,Summer,1151,55.82,228185.67,26,8.23,1,1,2.16,237013,13230065.66,1
Experimental,Fall,1039,187.99,463680.77,2,6.87,0,0,9.4,13052,2453645.48,0
Comedy,Summer,898,46.93,491136.23,21,9.49,0,1,7.86,149355,7009230.15,1
Family,Summer,1688,230.48,388190.94,25,8.39,0,0,9.56,324770,74852989.6,1
Drama,Summer,906,168.39,458154.85,5,4.62,0,1,3.69,31137,5243159.43,0
Drama,Winter,1230,135.99,72569.6,25,8.08,0,1,4.9,220328,29962404.72,1
Family,Winter,372,134.06,328959.66,26,6.19,0,0,3.16,76602,10269264.12,1
Experimental,Spring,771,65.81,103192.13,21,3.58,0,0,3.46,55426,3647585.06,0
Experimental,Spring,679,102.83,142099.41,11,9.78,0,1,2.31,39218,4032786.94,0
Family,Spring,983,188.6,263797.5,8,9.36,0,0,2.13,51452,9703847.2,0
Drama,Winter,1103,146.71,372283.7,23,2.01,0,0,7.04,154655,22689435.05,0
Experimental,Summer,1489,144.09,362139.57,6,8.55,0,1,2.41,46792,6742259.28,0
Thriller,Winter,977,68.93,435382.37,22,1.7,0,1,2.2,170232,11734091.76,1
Drama,Fall,470,180.33,281841.05,7,9.36,0,0,5.81,24979,4504463.07,1
Musical,Fall,1181,113.21,463539.61,12,6.62,1,0,7.34,112242,12706916.82,1
Experimental,Summer,298,66.12,444504.85,17,2.5,0,0,8.0,24577,1625031.24,0
Drama,Summer,1728,237.35,425283.46,6,8.36,0,1,6.22,69407,16473751.45,0
Family,Spring,1587,139.03,118612.45,25,5.64,0,0,2.81,251724,34997187.72,0
Musical,Fall,605,143.81,268066.76,22,1.54,1,0,6.16,92082,13242312.42,0
Drama,Summer,673,245.81,369437.12,2,8.19,0,0,6.63,8772,2156245.32,0
Drama,Summer,249,107.44,488170.74,27,8.1,0,1,3.32,53246,5720750.24,1
Drama,Spring,855,237.18,10765.4,23,5.34,0,0,2.3,63575,15078718.5,0
Thriller,Winter,268,181.36,166921.69,27,7.58,0,0,9.33,48313,8762045.68,0
Experimental,Winter,1885,167.45,174463.38,20,1.36,0,0,1.86,91026,15242303.7,0
Experimental,Summer,441,77.74,147824.61,20,3.86,0,0,3.49,30858,2398900.92,0
Family,Fall,1386,36.65,409625.03,13,7.06,0,0,3.08,142702,5230028.3,1
Drama,Winter,1226,123.5,27310.36,8,3.08,0,0,9.03,52958,6540313.0,0
Experimental,Fall,626,27.29,182920.2,9,5.05,0,1,5.52,31796,867712.84,0
Tragedy,Fall,1654,40.98,357283.88,11,9.39,0,0,9.61,144096,5905054.08,1
Tragedy,Summer,395,158.95,206336.16,10,8.44,0,1,8.45,24906,3958808.7,0
Thriller,Fall,1796,188.01,76311.47,24,6.02,0,0,7.79,245992,46248955.92,0
Family,Fall,1532,62.79,307371.97,17,6.19,0,1,2.59,206268,12951567.72,1
Experimental,Fall,1343,189.81,263692.07,14,8.98,0,1,4.1,84628,16063240.68,0
Thriller,Fall,1783,238.69,491010.22,23,8.77,0,1,8.38,324791,77524363.79,1
Thriller,Fall,925,192.21,375520.48,23,1.79,0,0,9.85,124855,23998379.55,0
Family,Spring,706,201.56,493157.11,30,5.19,0,1,8.9,167745,33810682.2,1
Drama,Winter,478,182.66,97244.56,11,2.72,0,0,9.54,26944,4921591.04,0
Comedy,Winter,1863,75.57,381989.53,9,1.75,0,0,6.78,132794,10035242.58,1
Thriller,Spring,922,106.2,278060.92,2,3.63,0,1,5.35,13548,1438797.6,1
Musical,Summer,1692,238.59,357692.2,6,6.5,1,0,5.63,68436,16328145.24,0
Comedy,Winter,798,173.77,236437.97,20,8.15,0,1,5.13,126403,21965049.31,1
Family,Summer,1918,202.53,110133.46,26,9.21,0,0,2.39,227495,46074562.35,0
Experimental,Winter,1766,242.96,27639.65,20,4.81,0,1,3.75,89460,21735201.6,0
Tragedy,Winter,754,77.07,419952.69,31,4.8,0,0,1.81,123353,9506815.71,0
Comedy,Winter,1076,97.38,408330.13,20,2.38,0,0,1.8,163092,15881898.96,1
Tragedy,Spring,1629,170.08,85457.17,28,2.75,0,0,3.81,125990,21428379.2,0
Thriller,Summer,607,30.48,324364.55,10,1.92,0,0,7.0,40121,1222888.08,0
Tragedy,Fall,242,153.52,370178.18,11,9.78,0,1,6.52,20034,3075619.68,1
Musical,Winter,719,206.95,281024.37,26,2.15,1,1,6.04,136722,28294617.9,1
Tragedy,Spring,1263,162.35,162028.31,21,7.81,0,1,7.74,170030,27604370.5,0
Comedy,Summer,445,91.46,441068.22,16,3.86,0,0,4.8,48815,4464619.9,0
Thriller,Spring,800,187.92,323008.12,30,5.83,0,0,4.98,156365,29384110.8,0
Experimental,Winter,1853,57.86,361507.67,24,8.85,0,1,5.66,304584,17623230.24,0
Experimental,Winter,335,226.32,327796.69,10,9.43,0,1,1.6,14374,3253123.68,0
Thriller,Spring,290,47.71,362037.89,20,3.16,0,0,6.24,45936,2191606.56,1
Comedy,Spring,962,219.29,76808.24,13,9.2,0,0,7.75,89649,19659129.21,1
Tragedy,Summer,223,137.01,461684.23,14,3.27,0,0,3.37,14213,1947323.13,0
Drama,Winter,250,121.45,146476.34,26,8.24,0,0,8.69,49094,5962466.3,1
Experimental,Summer,529,137.65,419092.86,22,1.14,0,0,3.4,37227,5124296.55,0
Family,Summer,384,70.05,447225.18,2,5.82,0,0,5.62,6082,426044.1,1
Family,Summer,1659,127.98,327355.69,19,7.53,0,0,8.87,249646,31949695.08,1
Comedy,Fall,420,216.19,301158.88,21,8.55,0,1,7.64,69854,15101736.26,1
Comedy,Summer,1142,205.21,58978.86,17,8.57,0,0,6.19,124727,25595227.67,0
Family,Spring,1469,61.69,220929.51,10,3.69,0,0,6.6,112344,6930501.36,1
Tragedy,Winter,1326,176.52,307763.97,21,8.68,0,1,1.98,196206,34634283.12,1
Thriller,Summer,1376,217.79,45525.29,30,3.91,0,0,7.29,151584,33013479.36,0
Tragedy,Summer,843,209.45,60173.7,4,3.1,0,0,6.51,6175,1293353.75,0
Tragedy,Fall,1799,120.77,496773.22,20,1.01,0,0,1.76,180221,21765290.17,0
Thriller,Fall,323,35.82,169455.9,29,3.12,0,1,2.12,62972,2255657.04,0
Family,Spring,393,234.51,178117.58,14,2.07,0,0,9.74,32011,7506899.61,0
Comedy,Spring,1741,114.07,129506.93,12,7.07,0,1,2.6,165464,18874478.48,1
Family,Spring,323,106.22,324779.79,9,2.3,0,1,9.06,23023,2445503.06,1
Drama,Winter,545,195.89,239172.56,8,6.27,0,1,3.48,31037,6079837.93,1
Comedy,Fall,511,84.39,396263.32,13,2.14,0,1,4.57,52612,4439926.68,1
Experimental,Winter,259,212.82,258684.94,25,7.34,0,0,6.0,32279,6869616.78,0
Experimental,Fall,410,42.11,12630.91,7,3.57,0,1,6.63,12745,536691.95,0
Experimental,Summer,1230,191.66,243930.26,8,3.78,0,1,5.48,39617,7592994.22,0
Comedy,Fall,1390,242.3,32317.71,31,6.76,0,1,4.14,253720,61476356.0,0
Family,Fall,349,249.05,414259.26,31,9.45,0,0,5.49,85686,21340098.3,1
Experimental,Summer,1896,232.86,61260.75,8,9.92,0,1,7.31,53927,12557441.22,0
Experimental,Winter,372,220.92,112392.24,14,4.22,0,0,4.57,13090,2891842.8,0
Musical,Winter,1436,87.75,232682.8,14,9.52,1,1,5.91,159223,13971818.25,1
Family,Winter,1640,242.5,101616.11,10,6.51,0,1,4.41,111260,26980550.0,0
Experimental,Winter,1137,233.78,271913.88,6,9.16,0,0,3.97,30911,7226373.58,0
Family,Summer,1084,145.23,233045.72,3,1.25,0,0,3.69,14387,2089424.01,0
Drama,Spring,396,115.47,476498.69,20,1.3,0,1,3.02,54322,6272561.34,0
Family,Summer,634,49.59,48744.91,3,1.67,0,0,7.85,10387,515091.33,0
Musical,Fall,1731,157.89,290482.36,20,8.24,1,1,9.86,274190,43291859.1,1
Tragedy,Winter,827,182.62,361597.81,4,2.24,0,1,1.26,18912,3453709.44,0
Thriller,Summer,262,115.9,68175.37,6,2.59,0,0,2.76,5206,603375.4,0
Tragedy,Summer,1512,116.36,320048.75,2,6.27,0,1,9.68,20718,2410746.48,0
Thriller,Summer,1430,154.0,432798.33,13,9.62,0,1,4.08,147232,22673728.0,1
Drama,Winter,319,31.25,394840.04,11,6.1,0,0,4.5,27791,868468.75,1
Thriller,Spring,291,240.52,467909.49,11,7.59,0,0,6.97,22366,5379470.32,0
Thriller,Summer,409,90.23,361689.92,11,2.69,0,0,4.17,26438,2385500.74,0
Thriller,Spring,291,56.7,200023.48,30,9.23,0,1,5.43,69141,3920294.7,1
Comedy,Winter,1309,26.23,460623.44,14,1.5,0,0,9.11,145141,3807048.43,1
Comedy,Summer,438,217.8,116551.6,26,3.55,0,0,6.08,43058,9378032.4,0
Drama,Spring,1292,219.22,293932.63,8,5.08,0,0,7.0,55291,12120893.02,0
Tragedy,Summer,517,46.44,384000.68,16,3.04,0,0,2.95,47374,2200048.56,0
Thriller,Spring,1950,59.25,436779.18,3,6.97,0,1,3.35,46332,2745171.0,1
Comedy,Summer,1506,125.78,458688.35,9,7.11,0,1,9.02,107347,13502105.66,1
Comedy,Winter,874,66.78,47062.95,4,2.91,0,0,9.26,23729,1584622.62,0
Comedy,Fall,971,190.56,364399.29,2,1.08,0,0,8.26,12597,2400484.32,0
Drama,Winter,317,38.06,106031.63,7,1.67,0,0,2.1,11883,452266.98,0
Thriller,Fall,298,148.68,390664.12,6,1.0,0,0,8.37,11081,1647523.08,0
Family,Winter,1167,111.13,351841.42,11,9.15,0,0,1.17,101669,11298475.97,1
Comedy,Summer,240,129.61,94769.42,24,6.59,0,1,6.37,32648,4231507.28,0
Experimental,Winter,1349,120.57,417250.94,6,2.25,0,0,7.08,45208,5450728.56,0
Tragedy,Spring,888,59.46,233585.46,20,1.83,0,0,4.84,79322,4716486.12,0
Drama,Summer,451,74.56,274208.8,12,8.36,0,1,5.31,42258,3150756.48,1
Comedy,Fall,1164,39.58,485844.86,14,8.3,0,1,7.68,129064,5108353.12,1
Musical,Summer,1195,50.94,330029.67,29,9.35,1,1,9.05,274467,13981348.98,1
Musical,Summer,1543,245.03,296338.76,15,2.43,1,0,2.7,86541,21205141.23,0
Comedy,Spring,555,87.95,13297.57,9,5.7,0,1,2.25,32425,2851778.75,0
Tragedy,Spring,1185,94.08,103611.34,9,2.09,0,0,6.67,46241,4350353.28,0
Family,Fall,1720,53.6,18149.88,7,8.16,0,1,3.08,95356,5111081.6,1
Musical,Winter,685,194.91,169989.65,26,4.71,1,1,2.75,130233,25383714.03,1
Family,Spring,1703,232.93,175531.63,21,7.26,0,1,2.83,239204,55717787.72,0
Drama,Summer,1502,202.69,267513.38,10,1.27,0,0,2.77,45262,9174154.78,0
Musical,Winter,973,162.84,346435.38,16,8.0,1,1,5.29,123298,20077846.32,1
Thriller,Winter,1789,207.98,93775.86,17,3.07,0,0,9.68,150641,31330315.18,0
Family,Spring,1940,115.95,302818.94,3,8.59,0,1,8.45,46094,5344599.3,1
Thriller,Fall,626,218.39,458903.26,29,2.67,0,0,5.89,112288,24522576.32,0
Musical,Spring,1963,204.67,96578.89,25,8.11,1,0,1.73,269661,55191516.87,0
Musical,Spring,204,25.39,331248.57,18,2.21,1,0,7.06,29082,738391.98,1
Comedy,Spring,432,134.75,27566.62,23,6.97,0,1,5.06,73764,9939699.0,1
Tragedy,Fall,277,84.54,267918.08,5,8.01,0,0,8.01,9439,797973.06,0
Experimental,Spring,861,44.4,372061.93,31,4.48,0,0,5.45,135939,6035691.6,0
Comedy,Summer,1886,215.39,21850.68,21,3.2,0,0,7.01,187951,40482765.89,0
Drama,Spring,1280,26.79,170164.37,30,4.1,0,0,2.8,232870,6238587.3,0
Experimental,Summer,1309,189.29,439588.71,27,3.67,0,1,8.5,142546,26982532.34,0
Drama,Fall,352,247.34,116612.5,19,6.7,0,0,8.01,32183,7960143.22,0
Musical,Summer,1129,133.45,362822.9,10,1.4,1,0,4.37,67526,9011344.7,0
Comedy,Summer,888,108.53,308057.95,22,1.37,0,0,9.67,133031,14437854.43,0
Comedy,Fall,1062,161.31,86025.39,17,3.59,0,1,2.44,97729,15764664.99,0
Thriller,Fall,670,206.06,372145.22,14,3.49,0,1,1.18,52457,10809289.42,0
Experimental,Spring,562,79.06,268380.09,23,2.59,0,1,7.87,75668,5982312.08,0
Experimental,Winter,1913,81.41,60452.77,28,7.45,0,1,6.41,289508,23568846.28,0
Comedy,Winter,1205,161.62,474938.84,7,1.21,0,0,2.0,53505,8647478.1,0
Experimental,Fall,940,236.47,248521.2,18,9.32,0,1,2.44,66580,15744172.6,0
Thriller,Fall,332,92.15,373815.01,25,7.82,0,1,2.18,65736,6057572.4,1
Musical,Fall,1572,109.77,112761.63,11,4.63,1,1,2.5,120096,13182937.92,0
Experimental,Summer,1050,248.5,72905.69,12,8.73,0,0,5.15,34701,8623198.5,0
Musical,Summer,896,64.65,371946.85,2,6.56,1,1,1.46,14192,917512.8,1
Thriller,Summer,1400,42.32,338542.97,11,6.13,0,1,5.67,121968,5161685.76,1
Family,Spring,437,157.69,140683.31,19,3.82,0,0,6.45,46000,7253740.0,0
Drama,Winter,1159,30.46,374410.3,31,6.97,0,1,7.55,284557,8667606.22,1
Drama,Summer,1753,65.6,254971.17,17,2.26,0,1,9.51,210623,13816868.8,1
Tragedy,Summer,1035,165.0,177555.64,10,5.72,0,0,1.74,39663,6544395.0,0
Experimental,Winter,200,173.39,394511.45,26,2.04,0,0,1.32,20355,3529353.45,0
Drama,Fall,613,139.85,310307.46,7,5.01,0,0,2.25,29489,4124036.65,0
Thriller,Fall,300,111.34,256097.84,7,6.55,0,1,4.04,16023,1784000.82,1
Tragedy,Spring,1100,154.64,387688.01,17,2.4,0,0,5.73,99320,15358844.8,0
Musical,Summer,855,169.76,274690.04,26,3.0,1,1,1.04,135945,23078023.2,0
Thriller,Fall,438,205.78,469574.54,8,8.32,0,1,7.23,27751,5710600.78,1
Family,Summer,1436,203.37,409937.57,2,3.3,0,0,9.61,20425,4153832.25,1
Thriller,Spring,517,174.58,182302.85,23,1.86,0,0,3.25,51872,9055813.76,0
Drama,Winter,815,226.2,235135.03,19,3.98,0,0,1.08,50965,11528283.0,0
Drama,Summer,1977,213.56,478879.87,22,9.42,0,1,7.78,339084,72414779.04,1
Comedy,Fall,319,54.98,448126.18,13,7.24,0,0,7.93,32844,1805763.12,1
Tragedy,Summer,645,240.25,99636.84,5,6.18,0,0,1.39,7997,1921279.25,0
Tragedy,Fall,772,225.64,140780.4,11,8.56,0,0,6.56,41622,9391588.08,0
Drama,Winter,1115,97.21,185388.16,16,6.94,0,1,3.19,129680,12606192.8,1
Tragedy,Winter,640,29.54,440525.27,14,8.3,0,0,6.7,70963,2096247.02,1
Comedy,Spring,1946,160.89,464071.57,28,6.91,0,1,7.54,431544,69431114.16,1
Thriller,Fall,209,123.64,402158.42,8,8.78,0,0,3.0,12973,1603981.72,1
Family,Winter,1906,193.65,141475.68,11,6.62,0,1,3.35,148771,28809504.15,1
Thriller,Fall,1162,143.03,444097.08,7,3.38,0,0,6.5,60681,8679203.43,1
Musical,Spring,268,42.21,21276.16,19,1.37,1,0,6.24,31928,1347680.88,0
Experimental,Spring,409,80.05,214287.72,26,1.95,0,0,8.98,45347,3630027.35,0
Musical,Spring,385,223.57,191926.17,28,5.61,1,0,5.59,76609,17127474.13,1
Experimental,Spring,717,33.48,269943.6,8,9.75,0,1,8.2,42112,1409909.76,1
Musical,Winter,799,190.75,282517.08,14,7.84,1,1,7.59,88593,16899114.75,1
Tragedy,Winter,1354,90.69,116575.22,24,7.98,0,1,6.99,236171,21418347.99,1
Musical,Fall,760,126.84,106255.07,3,6.97,1,0,2.73,16995,2155645.8,1
Musical,Fall,1505,144.48,402765.46,23,9.13,1,1,3.49,274150,39609192.0,1
Thriller,Winter,728,81.27,42717.41,6,7.62,0,1,6.1,34594,2811454.38,1
Family,Summer,674,171.69,249176.59,3,3.33,0,1,1.59,12950,2223385.5,0
Musical,Summer,695,181.02,99864.97,5,5.5,1,0,1.41,15600,2823912.0,0
Experimental,Fall,792,44.14,163185.78,28,4.64,0,1,1.45,87134,3846094.76,0
Comedy,Summer,1707,109.13,142260.74,22,2.49,0,0,9.29,230588,25164068.44,0
Comedy,Spring,644,192.48,355718.5,25,3.0,0,1,7.2,127017,24448232.16,1
Comedy,Fall,691,187.37,230730.2,22,3.57,0,0,8.53,100027,18742058.99,0
Tragedy,Winter,1922,147.54,153223.71,25,2.56,0,1,9.67,224714,33154303.56,0
Drama,Spring,1376,199.98,416519.24,16,2.96,0,0,7.31,144816,28960303.68,0
Comedy,Spring,542,49.22,47468.59,26,9.25,0,1,5.64,111608,5493345.76,1
Drama,Summer,1762,51.6,384348.52,3,4.09,0,1,5.31,38863,2005330.8,1
Musical,Winter,529,172.94,127914.82,19,8.45,1,1,7.71,79603,13766542.82,1
Comedy,Fall,491,181.0,459419.52,24,1.58,0,0,8.81,78889,14278909.0,0
Thriller,Fall,1001,208.27,7751.75,31,9.84,0,1,8.47,223304,46507524.08,1
Family,Fall,1444,65.73,280548.35,12,7.88,0,1,5.44,137237,9020588.01,1
Comedy,Summer,540,141.27,313021.17,7,9.16,0,1,7.96,29937,4229199.99,1
Comedy,Fall,1555,173.69,290763.66,23,5.73,0,1,5.29,283258,49199082.02,1
Family,Spring,482,75.33,408432.57,4,6.71,0,1,4.46,15269,1150213.77,1
Thriller,Spring,1607,141.31,60521.18,25,4.25,0,1,3.68,228127,32236626.37,0
Family,Winter,372,168.65,210700.22,23,4.89,0,0,1.49,40678,6860344.7,0
Experimental,Fall,1035,73.25,432549.7,22,7.76,0,1,2.81,152638,11180733.5,0
Family,Spring,1352,109.5,444923.97,10,1.45,0,0,7.57,103002,11278719.0,1
Experimental,Summer,678,73.68,251680.48,5,1.33,0,0,2.55,9635,709906.8,0
Comedy,Spring,1301,228.16,281193.61,20,8.87,0,1,9.11,206078,47018756.48,1
Comedy,Fall,1439,78.28,383134.68,12,1.99,0,0,1.71,128552,10063050.56,1
Comedy,Winter,1370,52.19,390907.15,13,7.49,0,1,1.46,141055,7361660.45,1
Drama,Summer,914,32.91,444600.24,7,2.8,0,0,5.33,39068,1285727.88,0
Family,Summer,1591,35.11,422709.41,12,4.3,0,0,3.0,151208,5308912.88,1
Family,Spring,1516,68.11,210139.54,26,3.64,0,0,1.93,297652,20273077.72,1
Family,Summer,787,161.85,326627.9,28,5.41,0,0,1.54,126045,20400383.25,0
Drama,Summer,1520,28.97,244201.45,12,8.44,0,1,5.75,144460,4185006.2,1
Tragedy,Spring,1853,89.52,63390.93,6,8.88,0,1,3.34,66082,5915660.64,0
Drama,Summer,1670,38.09,411732.06,3,3.0,0,0,6.0,36528,1391351.52,1
Experimental,Winter,1519,115.82,302872.95,7,4.04,0,0,2.33,47924,5550557.68,0
Drama,Winter,1579,35.93,33712.58,2,8.53,0,1,1.22,23117,830593.81,1
Drama,Summer,1648,161.7,340049.8,22,1.81,0,0,1.25,128864,20837308.8,0
Tragedy,Winter,720,179.9,145135.01,21,2.05,0,0,2.01,53064,9546213.6,0
Experimental,Spring,1497,189.55,39286.28,25,5.32,0,0,8.16,103868,19688179.4,0
Experimental,Winter,558,75.48,305261.51,11,8.11,0,1,5.04,34505,2604437.4,0
Musical,Summer,845,220.41,367443.28,26,4.02,1,0,6.61,131167,28910518.47,0
Comedy,Fall,1882,180.31,261055.73,7,1.62,0,0,8.87,77644,13999989.64,0
Drama,Spring,709,37.75,7795.9,8,9.71,0,1,2.91,44922,1695805.5,1
Comedy,Winter,1718,124.17,290556.95,29,9.45,0,1,8.84,394590,48996240.3,1
Tragedy,Summer,960,197.75,8271.49,28,6.87,0,1,7.71,132410,26184077.5,0
Drama,Winter,577,94.95,463572.11,19,7.14,0,1,7.56,86826,8244128.7,1
Musical,Spring,374,110.85,137316.05,20,9.4,1,1,8.84,59241,6566864.85,1
Tragedy,Fall,1186,166.66,436148.27,23,6.79,0,0,2.13,127220,21202485.2,0
Musical,Spring,1012,37.48,10994.1,26,8.1,1,0,5.86,208391,7810494.68,1
Drama,Winter,1120,242.56,53122.17,8,5.17,0,0,5.35,31082,7539249.92,0
Musical,Summer,277,64.26,228447.11,4,3.05,1,1,6.98,8775,563881.5,1
Musical,Fall,682,31.0,380510.65,7,8.49,1,1,3.14,37810,1172110.0,1
Tragedy,Winter,207,26.2,471568.04,12,7.16,0,0,2.15,19017,498245.4,1
Family,Fall,744,114.9,262941.93,9,3.61,0,0,9.76,53032,6093376.8,1
Family,Spring,1876,223.96,180953.05,17,6.61,0,1,5.19,198843,44532878.28,0
Musical,Spring,474,209.45,27054.5,6,8.35,1,0,3.09,15829,3315384.05,0
Musical,Spring,1440,230.21,293936.19,19,3.43,1,0,2.16,131295,30225421.95,0
Comedy,Winter,210,145.1,193121.66,23,7.91,0,0,6.34,38253,5550510.3,1
Thriller,Winter,1211,125.97,455021.07,4,1.65,0,0,2.33,29588,3727200.36,0
Family,Summer,1857,111.82,242629.32,10,6.62,0,0,2.65,142162,15896554.84,1
Family,Winter,813,35.44,383896.26,18,9.99,0,1,9.57,115901,4107531.44,1
Comedy,Spring,554,229.64,424864.21,3,8.8,0,1,1.26,13163,3022751.32,1
Drama,Fall,1226,136.64,53647.42,21,8.88,0,1,2.68,172487,23568623.68,0
Musical,Summer,702,127.39,223218.92,24,7.12,1,0,7.04,133436,16998412.04,1
Drama,Spring,1804,140.91,447390.13,12,5.15,0,0,2.95,145738,20535941.58,0
Musical,Summer,1728,203.68,215105.37,2,7.09,1,1,2.64,25352,5163695.36,1
Experimental,Summer,1374,75.51,284751.37,17,3.89,0,0,6.01,100784,7610199.84,0
Drama,Summer,1350,184.73,437186.45,28,5.97,0,0,7.26,243975,45069501.75,0
Family,Spring,1284,184.92,120133.83,10,5.86,0,0,4.88,68729,12709366.68,0
Tragedy,Summer,1523,216.15,447817.92,27,5.89,0,0,8.03,217462,47004411.3,0
Tragedy,Spring,1028,26.95,201529.07,28,4.71,0,0,8.34,177466,4782708.7,0
Tragedy,Winter,1945,63.34,298551.5,10,4.18,0,0,6.61,125384,7941822.56,0
Family,Summer,822,130.99,167379.54,19,3.97,0,0,6.2,91169,11942227.31,0
Musical,Spring,216,216.37,265923.93,3,3.02,1,0,8.35,3849,832808.13,0
Musical,Fall,1457,242.15,29396.47,18,4.95,1,1,1.14,102254,24760806.1,0
Comedy,Winter,1392,158.85,37303.69,28,2.06,0,0,5.6,183776,29192817.6,0
Comedy,Summer,1965,72.73,210287.77,30,9.11,0,1,2.16,424233,30854466.09,1
Tragedy,Winter,911,66.53,170801.2,7,1.63,0,0,2.99,31322,2083852.66,0
Family,Fall,964,168.87,309816.95,21,8.54,0,0,9.54,160332,27075264.84,1
Thriller,Fall,1211,72.27,23765.53,3,3.17,0,0,1.03,18118,1309387.86,0
Drama,Summer,905,149.44,87995.99,10,8.68,0,0,3.76,51061,7630555.84,0
Comedy,Spring,1612,212.83,108747.99,27,7.48,0,0,2.39,210007,44695789.81,0
Family,Summer,970,112.71,223043.43,21,9.29,0,1,6.13,161330,18183504.3,1
Drama,Winter,1610,110.16,127183.21,13,8.83,0,0,8.6,165765,18260672.4,1
Tragedy,Winter,965,33.13,73143.03,30,7.31,0,0,4.52,193843,6422018.59,0
Tragedy,Winter,605,82.17,300798.97,24,2.37,0,0,8.53,96327,7915189.59,0
Family,Winter,1983,182.09,373216.63,2,5.94,0,1,4.96,31410,5719446.9,1
Family,Summer,1147,106.09,344207.69,4,4.06,0,1,9.18,36336,3854886.24,1
Tragedy,Summer,1472,60.62,141709.15,20,8.97,0,1,8.62,201449,12211838.38,0
Comedy,Winter,1264,48.8,427950.19,28,8.85,0,1,2.61,280304,13678835.2,1
Comedy,Fall,846,46.39,307851.98,6,3.83,0,0,8.97,40201,1864924.39,1
Comedy,Summer,1949,173.31,309260.02,18,7.05,0,0,2.73,222780,38610001.8,0
Drama,Summer,868,162.84,110359.98,26,4.04,0,0,5.41,85684,13952782.56,0
Thriller,Winter,1987,141.67,124895.38,27,7.1,0,1,2.76,367333,52040066.11,0
Drama,Spring,975,137.57,240001.36,21,6.52,0,1,4.48,137389,18900604.73,0
Thriller,Spring,240,59.46,122721.41,31,5.6,0,0,9.87,51281,3049168.26,0
Family,Fall,266,137.64,345598.48,30,8.91,0,1,7.89,63201,8698985.64,1
Experimental,Spring,1952,38.49,157734.48,27,3.21,0,0,5.99,222384,8559560.16,0
Musical,Spring,1150,233.32,80198.5,22,8.18,1,0,9.42,165619,38642225.08,0
Family,Winter,897,38.06,80048.86,31,7.21,0,1,4.24,220231,8381991.86,1
Musical,Summer,1660,120.29,67977.75,2,3.53,1,0,2.56,17931,2156919.99,0
Comedy,Fall,1310,25.13,222676.29,4,4.8,0,0,8.46,41500,1042895.0,1
Drama,Summer,1389,201.88,6504.82,17,1.62,0,0,1.11,29485,5952431.8,0
Drama,Spring,1433,62.39,273474.28,22,6.38,0,0,8.24,243813,15211493.07,1
Drama,Spring,557,233.11,152659.95,29,8.99,0,0,1.2,66641,15534683.51,0
Musical,Winter,358,34.89,278477.02,22,2.06,1,0,3.56,62377,2176333.53,1
Family,Spring,1510,209.68,468035.58,8,2.19,0,1,4.2,85438,17914639.84,1
Musical,Fall,239,172.74,435178.57,29,5.27,1,0,3.87,54893,9482216.82,1
Comedy,Summer,1495,81.19,290332.77,4,3.53,0,0,3.19,35916,2916020.04,0
Thriller,Summer,433,70.54,211944.8,4,3.49,0,0,1.97,9040,637681.6,0
Experimental,Winter,672,105.48,350689.52,23,6.75,0,1,1.03,82939,8748405.72,0
Family,Fall,1473,211.39,461953.97,30,4.69,0,0,7.97,349984,73983117.76,1
Musical,Fall,1321,218.94,247325.8,17,8.6,1,1,5.11,177859,38940449.46,1
Experimental,Summer,1606,64.44,54157.32,6,4.86,0,0,2.46,37768,2433769.92,0
Thriller,Summer,1299,104.53,384213.66,3,6.54,0,0,1.74,25585,2674400.05,0
Drama,Fall,286,78.44,10187.18,31,4.58,0,1,3.51,53698,4212071.12,0
Tragedy,Spring,1711,52.59,383496.05,10,3.3,0,0,4.19,99486,5231968.74,0
Experimental,Spring,588,170.45,47033.72,21,5.24,0,0,5.15,33029,5629793.05,0
Comedy,Fall,444,102.82,57775.2,11,7.48,0,0,1.91,28180,2897467.6,0
Drama,Fall,1781,75.71,391944.9,8,9.58,0,0,9.82,112844,8543419.24,1
Experimental,Spring,550,219.85,346313.24,22,1.38,0,0,3.42,39362,8653735.7,0
Experimental,Winter,1164,193.37,283142.05,24,5.79,0,0,4.97,100654,19463463.98,0
Experimental,Fall,1074,199.1,411189.67,16,6.72,0,1,7.38,95541,19022213.1,0
Experimental,Spring,1585,33.82,426427.41,17,1.77,0,0,3.79,123430,4174402.6,0
Experimental,Winter,279,230.9,231468.57,16,8.46,0,1,1.74,20102,4641551.8,0
Tragedy,Winter,392,154.32,498167.85,19,3.48,0,0,4.39,46355,7153503.6,0
Drama,Summer,948,138.36,182002.07,26,8.87,0,1,5.98,176281,24390239.16,1
Thriller,Summer,1051,27.38,89896.34,23,5.97,0,1,8.58,191450,5241901.0,1
Drama,Summer,1618,226.97,423758.34,10,2.37,0,0,4.31,64920,14734892.4,0
Tragedy,Fall,1290,147.38,210707.29,9,7.65,0,1,9.01,75861,11180394.18,0
Thriller,Spring,467,210.66,437877.33,22,2.42,0,1,5.91,69515,14644029.9,0
Experimental,Summer,1961,172.49,35277.34,21,7.48,0,0,7.46,164546,28382539.54,0
Comedy,Spring,1027,204.26,59970.8,13,8.27,0,1,1.27,66698,13623733.48,0
Drama,Spring,1936,180.91,24934.97,27,6.18,0,0,9.06,273101,49406701.91,0
Family,Summer,1981,232.22,302995.43,14,3.44,0,0,2.92,122678,28488285.16,0
Musical,Fall,293,75.73,416772.77,12,4.94,1,0,3.93,27846,2108777.58,1
Tragedy,Winter,1110,70.47,204317.09,18,5.75,0,1,5.71,144695,10196656.65,1
Family,Spring,959,185.32,49894.25,7,6.99,0,0,9.64,45227,8381467.64,0
Tragedy,Spring,1096,137.81,189867.07,22,6.71,0,0,4.11,123736,17052058.16,0
Comedy,Summer,757,159.81,177282.84,28,4.6,0,1,2.98,112576,17990770.56,0
Family,Fall,1205,184.42,323518.6,30,7.82,0,1,9.65,286308,52800921.36,1
Comedy,Winter,1085,148.17,327815.06,15,7.94,0,1,8.28,128898,19098816.66,1
Thriller,Fall,534,202.23,55996.74,10,7.27,0,1,6.97,34044,6884718.12,0
Tragedy,Fall,719,96.75,212987.5,16,3.45,0,0,4.69,53873,5212212.75,0
Musical,Spring,464,218.27,323044.69,5,5.22,1,0,4.78,16204,3536847.08,0
Tragedy,Spring,1718,49.23,133136.3,22,4.89,0,1,9.56,263176,12956154.48,0
Musical,Spring,1419,167.65,206504.74,14,8.35,1,1,1.62,157338,26377715.7,1
Experimental,Fall,897,225.28,308778.99,5,8.27,0,0,7.82,19169,4318392.32,0
Thriller,Summer,912,81.86,204421.0,18,8.79,0,1,6.41,130014,10642946.04,1
Comedy,Spring,342,98.54,20276.18,23,3.08,0,0,9.72,43322,4268949.88,0
Tragedy,Fall,721,93.72,115194.92,8,7.74,0,0,6.03,34652,3247585.44,0
Thriller,Winter,1863,151.96,389160.05,14,8.83,0,1,3.52,206569,31390225.24,1
Drama,Summer,256,117.9,128009.52,28,2.5,0,0,8.02,33419,3940100.1,0
Comedy,Winter,463,49.29,409767.17,23,1.36,0,0,9.87,84340,4157118.6,1
Comedy,Fall,1722,225.54,236119.37,25,1.95,0,0,9.17,197025,44437018.5,0
Drama,Fall,1136,71.05,239095.96,15,6.46,0,1,3.65,134956,9588623.8,1
Family,Winter,258,145.17,386405.53,16,4.79,0,0,4.12,32690,4745607.3,1
Musical,Spring,1081,158.83,194730.29,16,2.76,1,0,7.79,116059,18433650.97,0
Family,Winter,1549,34.17,123047.89,15,5.75,0,0,6.38,184021,6287997.57,1
Comedy,Winter,821,46.54,56991.03,6,8.07,0,1,1.1,38303,1782621.62,1
Tragedy,Winter,887,243.63,337595.39,3,8.7,0,1,2.28,14765,3597196.95,0
Drama,Fall,1336,174.52,237621.56,26,7.77,0,1,1.77,215012,37523894.24,0
Comedy,Winter,1277,32.55,405656.41,18,8.97,0,1,2.61,182049,5925694.95,1
Family,Winter,1825,203.69,231548.98,17,6.44,0,0,3.74,223608,45546713.52,1
Drama,Winter,645,139.42,210331.28,19,8.53,0,1,9.7,97059,13531965.78,1
Musical,Winter,696,41.92,152931.78,14,4.75,1,0,7.09,77172,3235050.24,1
Tragedy,Winter,479,178.17,103716.8,28,8.67,0,1,1.49,66807,11903003.19,0
Drama,Summer,1396,137.35,416066.29,16,9.06,0,1,6.47,176901,24297352.35,1
Comedy,Fall,1160,71.11,52129.63,17,7.18,0,0,4.93,141329,10049905.19,1
Tragedy,Summer,824,222.48,451553.22,17,4.88,0,1,7.79,75287,16749851.76,0
Tragedy,Winter,1452,90.56,18320.03,6,3.54,0,0,8.96,42349,3835125.44,0
Thriller,Winter,878,89.03,263514.91,7,3.93,0,1,1.59,46559,4145147.77,1
Thriller,Winter,551,86.37,33872.64,7,2.19,0,0,9.82,18911,1633343.07,0
Family,Fall,1171,197.68,390905.53,9,1.42,0,0,1.52,52939,10464981.52,0
Musical,Summer,985,183.88,109690.78,6,4.73,1,1,7.59,35511,6529762.68,0
Comedy,Spring,929,228.21,285131.68,8,1.38,0,0,9.13,39400,8991474.0,0
Musical,Fall,1000,76.6,458640.82,30,8.93,1,1,7.77,237600,18200160.0,1
Musical,Fall,1845,201.93,326383.17,12,6.85,1,1,2.36,175348,35408021.64,1
Drama,Fall,588,153.94,93268.38,25,8.59,0,0,2.87,79468,12233303.92,0
Thriller,Fall,696,94.45,399355.5,13,5.0,0,1,1.37,71660,6768287.0,1
Experimental,Winter,1217,32.98,223532.41,26,3.02,0,0,2.18,110151,3632779.98,0
Family,Spring,284,209.26,11522.49,24,3.61,0,0,1.55,16343,3419936.18,0
Thriller,Summer,462,79.24,245948.66,27,8.69,0,1,1.48,93672,7422569.28,1
Family,Fall,1219,167.14,407179.92,10,2.1,0,1,6.06,93579,15640794.06,1
Drama,Winter,1117,148.5,217829.03,4,7.28,0,0,1.69,29889,4438516.5,0
Family,Winter,1375,26.0,380421.88,11,3.03,0,0,4.83,119790,3114540.0,1
Experimental,Winter,404,248.73,354235.31,23,4.18,0,0,7.39,33458,8322008.34,0
Musical,Winter,1736,208.22,231171.6,21,1.03,1,0,1.14,122814,25572331.08,0
Tragedy,Winter,1073,134.46,165024.88,23,5.31,0,1,6.75,141144,18978222.24,0
Family,Fall,479,178.08,364637.3,31,2.16,0,0,7.81,101596,18092215.68,0
Tragedy,Spring,760,132.23,187614.62,8,8.74,0,0,5.83,31569,4174368.87,0
Family,Fall,609,192.53,89193.12,15,1.88,0,0,5.28,31018,5971895.54,0
Experimental,Fall,1014,55.22,163827.22,16,3.25,0,0,7.58,70612,3899194.64,0
Tragedy,Spring,1044,125.43,439035.4,6,1.13,0,0,5.77,34405,4315419.15,0
Musical,Winter,980,100.5,145277.61,21,9.94,1,1,5.58,162993,16380796.5,1
Comedy,Fall,1029,128.42,121305.46,3,6.77,0,0,8.22,24362,3128568.04,1
Drama,Winter,1834,126.36,71042.94,28,6.79,0,1,8.54,380100,48029436.0,1
Tragedy,Spring,1926,57.2,32313.03,4,5.67,0,1,4.32,43026,2461087.2,0
Thriller,Winter,1081,244.71,488462.72,5,8.81,0,1,4.74,42807,10475300.97,1
Tragedy,Summer,1933,28.49,270704.53,7,2.3,0,0,8.21,74515,2122932.35,0
Drama,Fall,1673,27.27,366174.01,28,8.14,0,1,5.9,371004,10117279.08,1
Comedy,Fall,1675,109.02,387621.86,27,8.26,0,1,7.18,358182,39049001.64,1
Thriller,Fall,606,164.58,179396.91,29,1.33,0,1,1.68,82711,13612576.38,0
Musical,Winter,989,65.42,400458.43,26,2.19,1,0,1.86,203654,13323044.68,1
Drama,Spring,833,144.97,480934.7,29,5.92,0,0,5.79,168276,24394971.72,0
Experimental,Fall,373,187.62,372172.12,16,1.81,0,0,8.37,22748,4267979.76,0
Musical,Winter,335,46.16,357307.9,2,3.54,1,1,3.85,5306,244924.96,1
Comedy,Spring,1320,246.5,218955.72,15,4.63,0,0,9.65,110073,27132994.5,0
Drama,Summer,957,100.76,421453.46,8,2.41,0,1,7.84,54831,5524771.56,1
Musical,Summer,1686,169.54,48974.5,9,7.34,1,1,8.04,115918,19652737.72,1
Comedy,Fall,1403,49.91,376093.44,22,5.46,0,0,8.51,244458,12200898.78,1
Tragedy,Winter,353,184.63,184186.8,7,6.76,0,1,3.29,14873,2746001.99,0
Drama,Winter,1708,214.1,285157.09,11,5.27,0,0,3.97,107733,23065635.3,0
Musical,Winter,1092,48.69,447017.07,13,4.71,1,1,2.07,112432,5474314.08,1
Musical,Summer,1218,53.32,304484.68,3,5.43,1,1,4.42,28939,1543027.48,1
Thriller,Fall,1938,88.24,17662.86,23,9.1,0,0,1.32,283654,25029628.96,0
Experimental,Spring,1352,27.69,362689.4,24,4.56,0,0,7.76,203471,5634111.99,0
Drama,Summer,240,246.86,464867.13,18,6.78,0,1,8.22,30583,7549719.38,1
Comedy,Spring,519,159.64,322795.91,2,8.51,0,1,2.92,8220,1312240.8,1
Comedy,Spring,967,161.71,431402.94,25,6.59,0,1,5.41,191466,30961966.86,1
Comedy,Winter,266,240.77,413521.4,15,3.03,0,0,7.05,27783,6689312.91,0
Drama,Winter,501,212.21,431339.68,9,2.1,0,0,7.68,24727,5247316.67,0
Musical,Fall,1625,208.2,175329.7,30,6.32,1,0,9.72,352400,73369680.0,1
Tragedy,Spring,457,101.39,239710.95,27,7.55,0,1,2.81,87554,8877100.06,1
Comedy,Spring,500,100.34,424776.58,15,7.92,0,0,3.22,59400,5960196.0,1
Comedy,Spring,1108,90.64,455647.29,15,7.24,0,0,8.68,131630,11930943.2,1
Drama,Fall,364,103.01,77686.54,29,1.03,0,0,1.87,40487,4170565.87,0
Experimental,Spring,660,108.14,94858.53,7,7.96,0,1,8.07,19958,2158258.12,0
Thriller,Summer,1887,56.5,176680.65,14,6.44,0,1,2.2,163308,9226902.0,0
Comedy,Winter,1336,105.09,386297.42,19,9.89,0,1,5.18,201041,21127398.69,1
Drama,Winter,1934,125.52,438115.67,12,7.88,0,1,6.33,183807,23071454.64,1
Family,Winter,837,94.6,292218.87,11,4.87,0,1,7.91,72919,6898137.4,1
Experimental,Summer,1309,62.2,61067.75,5,7.09,0,0,2.03,20403,1269066.6,0
Musical,Fall,629,109.02,155355.37,10,6.54,1,0,8.42,49816,5430940.32,1
Experimental,Spring,881,133.2,429226.39,12,4.04,0,0,8.66,55487,7390868.4,0
Thriller,Winter,514,187.16,177039.71,27,5.8,0,0,8.14,88639,16589675.24,0
Musical,Spring,1699,185.03,55889.59,12,2.84,1,1,9.44,118789,21979528.67,0
Family,Fall,531,70.61,154523.89,6,1.79,0,0,8.85,25233,1781702.13,1
Musical,Fall,568,33.25,404319.64,27,7.6,1,0,7.91,121461,4038578.25,1
Musical,Winter,1034,93.35,249272.37,12,4.46,1,0,6.21,98271,9173597.85,1
Musical,Summer,972,60.36,89928.52,29,7.8,1,0,8.28,223248,13475249.28,1
Tragedy,Spring,764,114.05,159753.02,5,5.4,0,0,9.78,23147,2639915.35,0
Thriller,Winter,842,245.35,477022.73,2,8.29,0,0,6.74,13337,3272232.95,1
Comedy,Fall,731,65.74,218818.96,29,7.66,0,1,3.18,167896,11037483.04,1
Musical,Summer,1842,96.75,223591.63,4,7.88,1,1,3.23,58354,5645749.5,1
Drama,Summer,1244,188.15,80769.45,2,4.86,0,0,8.16,8806,1656848.9,0
Family,Summer,1855,139.57,155754.38,21,9.65,0,1,9.91,308523,43060555.11,1
Experimental,Summer,1976,34.88,408269.64,11,4.65,0,0,2.89,108891,3798118.08,0
Family,Summer,1371,61.38,394168.49,16,8.14,0,1,9.73,173733,10663731.54,1
Musical,Summer,1686,235.43,220571.91,14,5.41,1,0,3.41,117745,27720705.35,0
Family,Summer,399,48.21,447357.87,10,3.12,0,1,4.72,31600,1523436.0,1
Thriller,Spring,1908,167.9,193228.16,16,6.66,0,1,9.17,241781,40595029.9,1
Tragedy,Winter,1067,203.27,432843.14,9,5.22,0,0,9.66,70117,14252682.59,1
Drama,Spring,1484,84.72,20624.95,8,3.38,0,0,6.1,43083,3649991.76,0
Experimental,Spring,641,188.14,176878.99,8,4.44,0,0,9.55,20614,3878317.96,0
Tragedy,Spring,371,63.23,428258.9,5,2.44,0,0,8.58,12344,780511.12,0
Musical,Winter,1792,89.07,451148.23,17,9.88,1,1,8.8,241274,21490275.18,1
Drama,Summer,1009,95.16,379429.9,18,6.79,0,1,8.81,143685,13673064.6,1
Comedy,Summer,449,249.2,336583.58,2,2.56,0,0,4.48,3827,953688.4,0
Musical,Summer,1385,73.28,408674.93,15,7.88,1,0,1.28,164538,12057344.64,1
Comedy,Spring,297,54.07,355241.3,24,6.42,0,0,2.48,56453,3052413.71,1
Tragedy,Summer,1010,233.28,130839.37,2,7.5,0,1,1.67,7031,1640191.68,0
Experimental,Spring,1467,61.43,235787.27,11,6.26,0,0,3.18,78354,4813286.22,0
Musical,Winter,1496,222.84,332048.97,30,1.54,1,1,1.5,265016,59056165.44,0
Thriller,Spring,1015,171.35,295962.36,14,2.83,0,0,3.49,67695,11599538.25,0
Experimental,Summer,865,154.79,443123.32,2,7.92,0,0,6.3,9474,1466480.46,0
Family,Winter,1709,194.05,239553.1,17,7.79,0,1,2.27,215589,41835045.45,1
Experimental,Winter,532,188.35,93103.75,14,7.78,0,0,3.84,28055,5284159.25,0
Drama,Fall,334,49.87,111218.11,8,1.14,0,1,3.02,14969,746504.03,0
Family,Spring,482,249.88,423798.0,4,8.25,0,1,1.86,15269,3815417.72,1
Experimental,Summer,1641,236.93,9316.87,28,4.95,0,1,7.08,111413,26397082.09,0
Comedy,Spring,1045,226.73,435219.53,26,7.24,0,1,9.04,215186,48789121.78,1
Tragedy,Fall,267,165.02,32516.1,22,3.45,0,0,7.44,25580,4221211.6,0
Tragedy,Summer,503,142.63,198870.94,2,7.93,0,1,7.16,5420,773054.6,0
Tragedy,Fall,250,145.66,401087.23,28,9.84,0,1,9.85,55440,8075390.4,1
Comedy,Fall,1665,28.36,206769.61,16,3.28,0,0,7.58,210988,5983619.68,1
Experimental,Winter,1030,137.38,412062.35,16,8.06,0,1,1.42,92110,12654071.8,0
Experimental,Summer,322,165.35,54647.92,28,6.44,0,0,2.96,28589,4727191.15,0
Comedy,Winter,598,173.21,258213.4,14,3.46,0,0,6.74,55374,9591330.54,0
Family,Summer,1309,99.73,293324.64,9,3.65,0,1,6.75,93305,9305307.65,1
Comedy,Fall,1268,131.04,445979.96,9,7.58,0,0,8.49,90383,11843788.32,1
Family,Fall,1674,168.17,51342.6,29,3.56,0,0,2.43,189663,31895626.71,0
Thriller,Winter,246,121.37,172607.34,18,1.43,0,0,9.83,29722,3607359.14,0
Tragedy,Summer,324,241.48,331377.31,19,8.87,0,1,5.65,32190,7773241.2,0
Musical,Winter,263,183.72,490065.39,19,6.3,1,0,9.28,39576,7270902.72,1
Thriller,Summer,909,25.29,424895.79,8,7.83,0,1,5.76,57594,1456552.26,1
Comedy,Summer,1508,30.24,424015.06,14,6.43,0,1,2.68,167207,5056339.68,1
Drama,Summer,1393,180.32,261005.35,30,5.65,0,0,4.16,191907,34604670.24,0
Drama,Fall,578,117.85,284328.07,6,7.93,0,0,2.99,22235,2620394.75,0
Experimental,Fall,1383,213.88,429997.15,30,1.29,0,0,3.38,135324,28943097.12,0
Musical,Spring,1381,63.93,435464.67,10,3.81,1,0,9.01,109375,6992343.75,1
Family,Winter,544,28.11,402125.91,10,6.65,0,1,4.4,43084,1211091.24,1
Experimental,Winter,1549,112.32,410192.78,2,9.5,0,1,2.64,20089,2256396.48,0
Musical,Spring,960,190.61,440416.78,21,4.54,1,0,4.28,155524,29644429.64,1
Thriller,Winter,306,243.64,61322.06,11,9.78,0,1,6.56,22832,5562788.48,0
Thriller,Fall,903,223.82,149856.49,15,7.8,0,1,2.81,80445,18005199.9,0
Comedy,Spring,1585,133.92,488176.2,19,5.36,0,1,1.46,238510,31941259.2,1
Thriller,Summer,1453,207.88,274664.2,21,4.86,0,0,8.85,176889,36771685.32,0
Comedy,Winter,683,40.82,92349.61,30,2.16,0,0,3.15,143002,5837341.64,0
Tragedy,Summer,1562,153.76,254012.54,18,6.54,0,1,9.43,169848,26115828.48,0
Tragedy,Winter,901,232.97,324663.17,7,1.47,0,0,1.42,17323,4035739.31,0
Family,Summer,1028,114.19,414969.88,23,4.86,0,0,6.86,187260,21383219.4,1
Thriller,Spring,355,241.02,407027.48,3,3.14,0,1,6.99,7241,1745225.82,0
Comedy,Summer,1994,74.65,29374.54,27,9.61,0,1,2.4,416796,31113821.4,1
Experimental,Fall,1709,48.77,229494.87,10,4.27,0,1,6.99,105678,5153916.06,0
Family,Fall,550,143.07,15181.68,23,5.4,0,0,4.49,62735,8975496.45,0
Experimental,Winter,1209,229.13,444637.28,6,4.38,0,1,4.44,39627,9079734.51,0
Family,Spring,1604,95.04,91083.51,14,2.23,0,0,8.9,141482,13446449.28,0
Comedy,Winter,1108,205.04,314312.97,22,4.17,0,0,9.57,177236,36340469.44,1
Family,Fall,579,63.07,287456.09,20,8.01,0,1,2.53,91713,5784338.91,1
Comedy,Spring,1943,192.75,314637.07,2,6.59,0,0,7.16,30777,5932266.75,1
Drama,Winter,683,150.33,283891.23,3,4.94,0,1,2.39,14265,2144457.45,0
Tragedy,Summer,802,64.38,359216.4,31,8.39,0,1,1.32,147565,9500234.7,0
Experimental,Fall,868,186.57,314924.43,17,1.04,0,0,2.35,32398,6044494.86,0
Tragedy,Fall,1803,185.6,49698.62,27,8.44,0,0,6.71,203979,37858502.4,0
Comedy,Spring,1100,140.97,186550.14,4,1.54,0,0,7.54,22864,3223138.08,0
Tragedy,Spring,1495,75.73,275563.75,16,8.83,0,1,5.56,179563,13598305.99,1
Comedy,Fall,1822,54.77,165972.73,19,9.53,0,1,9.56,274174,15016509.98,1
Thriller,Summer,1871,240.38,381363.79,29,8.37,0,1,7.88,396603,95335429.14,1
Comedy,Spring,1741,172.56,162359.37,23,1.18,0,0,2.45,171986,29677904.16,0
Tragedy,Spring,1834,207.08,415198.67,20,5.74,0,0,2.87,209749,43434822.92,0
Comedy,Winter,1906,181.82,77633.19,10,8.46,0,1,6.36,150955,27446638.1,1
Comedy,Spring,1983,211.63,385849.32,31,5.91,0,1,4.0,424242,89782334.46,0
Experimental,Spring,1357,61.56,95815.39,11,4.24,0,0,1.01,60213,3706712.28,0
Comedy,Fall,437,136.81,266367.56,10,5.24,0,1,1.22,32361,4427308.41,1
Musical,Spring,403,175.1,163659.56,23,1.73,1,0,4.67,45770,8014327.0,0
Comedy,Fall,1632,48.26,320480.55,31,5.47,0,0,5.71,400688,19337202.88,1
Tragedy,Fall,769,58.74,110306.5,27,1.25,0,0,6.88,99776,5860842.24,0
Musical,Fall,1648,167.65,398727.82,7,6.8,1,0,7.87,91365,15317342.25,1
Comedy,Summer,1882,220.46,288924.01,26,4.51,0,0,9.72,286834,63235423.64,0
Drama,Winter,1359,173.59,478850.21,12,2.72,0,0,8.55,119390,20724910.1,1
Tragedy,Fall,1575,33.15,357326.31,8,1.16,0,0,4.2,62920,2085798.0,0
Family,Summer,701,243.35,305660.79,30,9.3,0,0,5.81,158808,38645926.8,1
Experimental,Spring,982,56.39,415433.55,30,6.01,0,1,2.94,193128,10890487.92,0
Comedy,Summer,1937,77.33,113742.87,13,6.82,0,0,9.72,190028,14694865.24,1
Experimental,Spring,1670,244.37,318207.52,2,8.01,0,1,5.82,16278,3977854.86,0
Drama,Spring,567,198.48,198249.91,8,6.64,0,0,3.25,22426,4451112.48,0
Family,Summer,1885,235.73,373176.53,18,4.72,0,0,7.52,219354,51708318.42,0
Tragedy,Spring,1099,206.49,17112.36,3,6.65,0,1,5.39,15443,3188825.07,0
Family,Spring,1718,171.64,216717.49,8,3.27,0,0,9.97,82413,14145367.32,0
Family,Summer,1138,89.02,327592.44,6,6.05,0,1,1.67,54077,4813934.54,1
Tragedy,Fall,1287,98.55,233016.47,30,2.85,0,1,4.02,208317,20529640.35,0
Drama,Spring,491,238.14,122795.94,12,9.26,0,1,9.48,38461,9159102.54,0
Tragedy,Summer,809,218.64,234852.88,13,5.59,0,1,5.15,43803,9577087.92,0
Family,Spring,1500,105.89,425623.54,14,3.1,0,1,3.81,166320,17611624.8,1
Experimental,Spring,1716,108.99,107385.31,2,6.76,0,1,6.44,14046,1530873.54,0
Experimental,Spring,359,91.98,186750.22,18,1.81,0,0,6.98,23145,2128877.1,0
Drama,Summer,338,98.38,495216.08,29,4.91,0,1,1.84,77631,7637337.78,1
Thriller,Fall,1447,218.65,456844.5,26,8.79,0,1,3.33,297966,65150265.9,1
Musical,Winter,1004,27.36,21814.33,9,7.91,1,0,3.78,71565,1958018.4,1
Thriller,Fall,1727,123.11,267514.32,2,7.33,0,1,3.21,27355,3367674.05,1
Experimental,Fall,322,237.14,37379.45,25,5.24,0,0,4.45,20360,4828170.4,0
Musical,Winter,828,147.09,462332.94,27,5.02,1,1,4.01,177059,26043608.31,1
Thriller,Summer,263,126.35,223564.73,29,1.1,0,1,7.58,39345,4971240.75,0
Experimental,Winter,1476,95.28,212126.32,19,6.4,0,1,6.39,166184,15834011.52,0
Family,Winter,1744,41.63,140108.29,16,6.19,0,1,4.86,220999,9200188.37,1
Comedy,Fall,482,75.51,286565.4,24,1.05,0,0,2.8,75206,5678805.06,0
Musical,Winter,783,45.35,76774.37,22,2.23,1,0,4.79,129437,5869967.95,1
Experimental,Spring,1722,53.51,400482.73,24,1.11,0,0,2.62,142580,7629455.8,0
Experimental,Winter,274,61.79,248149.12,10,3.28,0,1,9.57,17560,1085032.4,0
Thriller,Fall,1913,92.96,285399.13,29,1.03,0,0,2.56,289350,26897976.0,0
Experimental,Spring,1796,27.48,421198.35,3,4.76,0,1,8.73,37933,1042398.84,1
Musical,Spring,474,238.78,96648.64,4,5.29,1,0,6.54,10537,2516024.86,0
Thriller,Fall,450,52.86,91715.62,21,4.93,0,0,8.3,74844,3956253.84,1
Musical,Summer,1445,111.21,213296.83,19,2.79,1,0,9.0,196461,21848427.81,1
Experimental,Summer,218,222.89,394133.48,18,5.71,0,1,8.24,17226,3839503.14,0
Thriller,Summer,1110,48.98,33980.05,29,8.33,0,1,6.3,226177,11078149.46,0
Experimental,Winter,318,133.81,398609.25,28,3.62,0,0,3.4,36059,4825054.79,0
Tragedy,Summer,1156,215.08,252874.51,23,3.81,0,0,6.94,110228,23707838.24,0
Musical,Spring,830,150.32,283072.91,6,5.89,1,1,1.04,37896,5696526.72,1
Musical,Summer,1471,72.33,284371.04,4,3.1,1,0,4.4,45047,3258249.51,1
Comedy,Spring,1785,190.49,32802.86,6,4.04,0,1,8.72,61454,11706372.46,0
Family,Fall,1079,178.3,128636.54,20,5.07,0,1,6.22,135975,24244342.5,0
Drama,Winter,1355,106.49,378872.24,23,4.48,0,0,3.35,245293,26121251.57,1
Family,Winter,1280,35.42,209072.72,25,8.36,0,0,9.03,253440,8976844.8,1
Drama,Fall,1972,26.77,282455.91,5,8.64,0,1,1.14,78091,2090496.07,1
Tragedy,Winter,615,210.71,472709.97,10,4.63,0,0,8.95,40683,8572314.93,0
Drama,Summer,630,97.35,27904.53,12,5.03,0,0,7.84,29075,2830451.25,0
Tragedy,Fall,881,56.0,227591.78,20,9.61,0,0,2.32,121943,6828808.0,0
Tragedy,Spring,1526,141.67,183830.7,3,5.53,0,0,1.57,17217,2439132.39,0
Musical,Fall,1757,232.19,57692.47,27,9.94,1,1,9.56,375716,87237498.04,1
Tragedy,Fall,700,26.91,475643.2,4,7.87,0,1,1.6,22176,596756.16,1
Family,Spring,397,37.63,480922.5,17,3.38,0,0,9.76,53452,2011398.76,1
Experimental,Fall,1295,118.84,159186.64,29,3.06,0,0,4.79,123372,14661528.48,0
Comedy,Fall,1275,177.09,473624.72,7,2.43,0,0,4.18,62118,11000476.62,0
Experimental,Summer,874,132.12,22410.94,22,8.26,0,1,6.85,95601,12630804.12,0
Experimental,Fall,531,226.95,490543.52,18,3.76,0,0,5.46,42937,9744552.15,0
Experimental,Summer,1729,34.92,418786.35,26,7.08,0,0,4.51,223233,7795296.36,0
Comedy,Summer,1723,101.53,111093.46,19,5.86,0,0,6.76,198266,20129946.98,0
Family,Spring,1545,104.05,301775.84,27,8.43,0,1,4.15,330382,34376247.1,1
Tragedy,Summer,1242,101.53,400158.18,14,7.76,0,1,1.31,104431,10602879.43,0
Musical,Winter,670,134.73,163052.99,6,1.57,1,0,8.42,31494,4243186.62,1
Drama,Winter,925,202.88,180107.14,22,4.05,0,1,5.63,114875,23305840.0,0
Thriller,Fall,323,96.52,316341.52,31,5.68,0,0,7.18,75299,7267859.48,1
Drama,Fall,649,192.51,77811.56,14,8.23,0,1,6.18,60343,11616630.93,0
Tragedy,Fall,1010,57.95,63514.25,26,7.43,0,0,6.53,149757,8678418.15,0
Family,Summer,986,151.16,128653.61,28,5.94,0,1,2.97,176474,26675809.84,0
Drama,Summer,344,109.39,371923.57,21,8.28,0,0,9.41,57179,6254810.81,1
Tragedy,Fall,1923,146.32,186466.62,25,4.91,0,1,5.03,292041,42731439.12,0
Drama,Winter,682,49.24,256142.32,18,1.5,0,0,9.28,84282,4150045.68,0
Tragedy,Summer,1116,239.53,101748.03,26,8.83,0,0,8.26,106259,25452218.27,0
Drama,Fall,1037,228.9,101082.31,12,5.74,0,0,7.48,64546,14774579.4,0
Experimental,Summer,1045,210.94,326973.37,17,8.28,0,0,5.14,54646,11527027.24,0
Musical,Summer,1721,225.88,58645.75,4,4.53,1,0,1.2,21130,4772844.4,0
Experimental,Summer,1543,58.0,335581.16,7,6.3,0,1,3.84,59746,3465268.0,0
Family,Spring,1761,138.34,203347.42,19,3.98,0,0,6.98,191449,26485054.66,0
Family,Summer,882,96.53,337279.1,23,4.69,0,0,3.98,146835,14173982.55,1
Family,Fall,677,224.66,193956.09,2,2.33,0,0,1.89,4113,924026.58,0
Drama,Fall,969,67.62,423795.83,4,7.67,0,0,5.66,30697,2075731.14,1
Experimental,Winter,1210,74.49,32500.3,2,3.52,0,1,2.39,7840,584001.6,0
Thriller,Spring,806,179.51,447182.17,17,3.72,0,0,3.76,84400,15150644.0,0
Experimental,Winter,1028,45.0,137987.28,12,4.19,0,0,5.52,51957,2338065.0,0
Experimental,Winter,471,189.78,26058.39,3,4.89,0,0,2.05,4092,776579.76,0
Thriller,Summer,1250,85.33,283390.19,25,6.19,0,1,2.01,217139,18528470.87,0
Comedy,Summer,1484,173.71,116055.34,17,7.15,0,1,2.89,142352,24727965.92,0
Musical,Summer,1148,221.43,232305.55,2,7.08,1,1,6.33,16172,3580965.96,1
Musical,Fall,1771,162.16,402145.53,22,4.81,1,1,9.4,308579,50039170.64,1
Comedy,Winter,1992,72.85,396815.65,29,5.34,0,0,3.15,457522,33330477.7,1
Family,Fall,1830,36.06,302190.88,14,2.26,0,0,7.48,202910,7316934.6,1
Tragedy,Fall,367,35.04,489046.59,30,5.69,0,1,2.7,85753,3004785.12,1
Tragedy,Fall,1785,44.98,234556.79,14,8.89,0,0,6.72,173106,7786307.88,0
Drama,Spring,800,155.46,24497.25,4,5.14,0,0,2.24,13578,2110835.88,0
Tragedy,Fall,1013,103.35,410615.45,5,9.44,0,1,8.61,40114,4145781.9,1
Thriller,Spring,941,79.7,114540.47,4,2.4,0,0,7.68,20459,1630582.3,0
Experimental,Winter,711,74.34,92238.21,11,7.63,0,1,7.13,42567,3164430.78,0
Family,Winter,1779,238.43,39654.91,13,7.37,0,1,1.13,114220,27233474.6,0
Thriller,Fall,1348,51.73,167310.47,15,7.13,0,0,8.53,160142,8284145.66,1
Experimental,Summer,1940,93.58,166448.69,16,6.97,0,1,2.36,144472,13519689.76,0
Comedy,Fall,1918,131.08,154871.91,27,1.2,0,0,5.8,268107,35143465.56,0
Experimental,Fall,955,25.1,298630.51,2,7.68,0,1,7.99,14516,364351.6,1
Comedy,Fall,1508,232.21,377013.37,28,5.5,0,0,6.69,293195,68082810.95,0
Musical,Fall,1104,47.3,469194.53,9,5.72,1,1,8.37,78693,3722178.9,1
Comedy,Spring,1090,178.56,51554.79,30,1.46,0,0,7.38,170455,30436444.8,0
Musical,Spring,1531,166.49,79439.01,6,2.7,1,0,7.8,52000,8657480.0,0
Musical,Summer,1439,207.04,296972.04,5,9.2,1,0,3.69,56984,11797967.36,1
Experimental,Fall,1841,171.56,53577.12,5,3.84,0,0,4.41,20839,3575138.84,0
Family,Summer,1590,198.11,188528.32,10,4.54,0,1,5.51,84863,16812208.93,0
Drama,Fall,1319,119.78,314153.35,30,2.7,0,0,6.28,250762,30036272.36,0
Family,Summer,1854,134.96,391369.79,15,6.69,0,1,7.23,220255,29725614.8,1
Musical,Winter,384,182.87,112711.65,6,7.67,1,1,6.0,18247,3336828.89,1
Drama,Summer,1573,152.9,335652.85,21,9.29,0,1,7.39,261621,40001850.9,1
Thriller,Winter,906,140.1,324705.48,17,6.06,0,0,2.36,111504,15621710.4,1
Comedy,Summer,979,71.25,430509.98,23,3.48,0,0,4.55,172734,12307297.5,1
Family,Summer,1607,83.07,160305.01,24,1.64,0,0,9.22,272365,22625360.55,1
Experimental,Fall,692,105.66,376295.47,25,3.39,0,0,2.95,78758,8321570.28,0
Musical,Summer,1790,27.09,377239.93,6,6.57,1,0,2.29,85060,2304275.4,1
Musical,Spring,1099,118.91,123401.3,16,9.77,1,1,7.7,139265,16560001.15,1
Experimental,Summer,828,25.62,312473.13,20,1.71,0,0,2.75,77574,1987445.88,0
Tragedy,Winter,790,152.13,339205.23,18,4.5,0,0,5.12,77812,11837539.56,0
Tragedy,Spring,957,183.41,140842.06,31,7.01,0,1,7.41,189166,34694936.06,0
Tragedy,Summer,1896,151.48,228641.0,30,6.17,0,0,5.36,286972,43470518.56,0
Tragedy,Fall,384,181.04,220709.97,26,6.87,0,0,9.11,55682,10080669.28,0
Thriller,Fall,1114,25.0,387887.24,9,5.17,0,0,8.9,79405,1985125.0,1
Thriller,Summer,1703,38.37,5342.17,17,3.4,0,1,5.53,166106,6373487.22,0
Drama,Spring,1049,182.15,253008.17,26,5.34,0,0,9.65,189995,34607589.25,0
Thriller,Spring,1218,205.65,96248.7,10,4.43,0,0,3.63,36706,7548588.9,0
Thriller,Summer,826,186.48,325186.77,23,7.38,0,0,3.11,111679,20825899.92,0
Musical,Winter,445,174.18,341782.59,9,2.54,1,1,7.03,31719,5524815.42,1
Comedy,Spring,1350,184.16,253057.62,6,5.47,0,1,6.16,59416,10942050.56,1
Family,Winter,1855,191.41,273304.62,9,9.63,0,1,3.26,132224,25308995.84,1
Thriller,Fall,1136,187.98,160953.8,29,5.79,0,0,4.34,182659,34336238.82,0
Musical,Spring,977,191.05,160094.73,31,3.13,1,0,3.1,135220,25833781.0,0
Musical,Summer,432,41.65,373832.94,27,9.42,1,1,3.13,92378,3847543.7,1
Thriller,Spring,1900,39.24,70207.03,10,3.2,0,0,4.31,98101,3849483.24,0
Tragedy,Winter,1764,106.25,386894.14,25,7.76,0,1,9.32,349272,37110150.0,1
Experimental,Fall,1823,143.71,329231.52,8,1.99,0,0,8.51,51481,7398334.51,0
Tragedy,Summer,846,196.59,442814.97,5,8.67,0,0,5.61,25455,5004198.45,0
Experimental,Summer,1325,100.31,133771.62,9,2.63,0,0,5.3,38560,3867953.6,0
Drama,Fall,978,86.9,255558.63,6,4.55,0,1,1.28,41921,3642934.9,1
Tragedy,Spring,622,200.83,24299.81,21,9.69,0,0,5.16,60925,12235567.75,0
Musical,Summer,570,81.1,456690.75,22,6.21,1,0,6.61,99316,8054527.6,1
Thriller,Spring,890,209.69,339318.77,3,3.38,0,0,8.01,16572,3474982.68,0
Drama,Fall,1196,64.86,313323.25,5,1.01,0,0,4.2,37558,2436011.88,0
Tragedy,Fall,419,105.88,367681.15,16,1.06,0,0,9.27,41714,4416678.32,0
Comedy,Summer,1463,115.24,145742.78,5,3.47,0,0,8.56,37996,4378659.04,0
Drama,Spring,1023,92.39,303910.83,26,5.74,0,1,1.74,183038,16910880.82,0
Musical,Summer,1786,25.76,401456.35,14,5.36,1,0,9.13,198031,5101278.56,1
Tragedy,Winter,701,77.99,49695.75,14,9.3,0,1,3.01,65310,5093526.9,0
Experimental,Spring,292,100.97,479614.36,2,7.88,0,0,9.31,4259,430031.23,1
Drama,Spring,761,95.57,446483.97,23,9.32,0,0,6.68,138623,13248200.11,1
Comedy,Spring,1951,201.75,481694.32,23,5.61,0,1,4.71,355394,71700739.5,1
Drama,Winter,779,35.66,405132.51,24,5.02,0,1,4.93,148072,5280247.52,1
Family,Spring,1466,112.51,150683.99,18,6.09,0,1,6.07,208992,23513689.92,1
Comedy,Fall,1717,33.44,292869.96,10,4.35,0,1,8.59,135986,4547371.84,1
Experimental,Winter,711,234.4,64480.4,4,2.9,0,0,8.53,5733,1343815.2,0
Drama,Fall,1356,202.8,378312.53,11,8.53,0,0,4.73,117952,23920665.6,1
Musical,Summer,568,245.99,81051.63,18,7.12,1,1,8.64,63097,15521231.03,0
Thriller,Spring,851,229.79,434077.85,5,3.93,0,1,5.25,27970,6427226.3,0
Thriller,Spring,732,96.06,124075.69,3,5.02,0,1,4.76,15537,1492484.22,1
Experimental,Spring,1410,180.61,84403.89,8,3.03,0,0,3.19,23233,4196112.13,0
Experimental,Winter,1776,93.97,40097.66,4,6.07,0,1,8.45,36706,3449262.82,0
Experimental,Spring,654,224.85,357125.74,2,4.23,0,1,6.58,5750,1292887.5,0
Thriller,Spring,724,117.42,97170.87,16,8.88,0,0,4.88,77365,9084198.3,0
Comedy,Winter,1677,109.57,102845.57,24,5.76,0,0,6.96,301522,33037765.54,1
Tragedy,Summer,1033,230.67,88999.82,16,4.71,0,0,8.75,56448,13020860.16,0
Musical,Summer,1123,213.27,156368.59,4,7.75,1,1,2.78,29912,6379332.24,0
Tragedy,Fall,1470,242.44,470899.66,12,9.15,0,1,4.53,117200,28413968.0,0
Comedy,Fall,447,39.96,245877.73,3,8.36,0,0,4.42,10620,424375.2,1
Musical,Winter,1769,79.75,134134.58,20,5.45,1,0,1.68,280209,22346667.75,1
Drama,Summer,857,92.69,89343.43,8,4.21,0,0,4.01,33807,3133570.83,0
Tragedy,Fall,1385,120.48,14356.2,13,6.96,0,0,7.86,93947,11318734.56,0
Comedy,Winter,977,131.45,185671.36,29,8.35,0,1,3.28,224397,29496985.65,1
Experimental,Summer,1555,90.58,59480.43,19,9.81,0,1,8.3,136493,12363535.94,0
Tragedy,Summer,1300,202.85,18370.94,24,5.12,0,1,9.6,90143,18285507.55,0
Experimental,Winter,511,75.23,55974.95,12,7.01,0,1,3.02,28615,2152706.45,0
Thriller,Spring,538,181.72,162668.15,29,3.64,0,0,4.69,55631,10109265.32,0
Musical,Spring,1779,216.65,376677.53,23,1.79,1,1,2.18,267828,58024936.2,0
Drama,Fall,1135,160.83,38158.19,17,3.28,0,1,7.23,111078,17864674.74,0
Thriller,Winter,696,104.69,340943.59,19,1.13,0,0,5.34,82093,8594316.17,0
Tragedy,Spring,457,67.28,312168.55,20,5.58,0,1,6.3,61550,4141084.0,0
Comedy,Winter,431,55.23,441585.15,6,4.36,0,0,8.01,20481,1131165.63,1
Tragedy,Winter,1855,192.44,96073.57,9,7.1,0,0,7.99,84456,16252712.64,0
Experimental,Winter,1957,130.55,398162.51,22,6.54,0,1,5.64,266509,34792749.95,0
Comedy,Summer,908,35.42,433108.28,15,2.51,0,0,8.94,107870,3820755.4,1
Musical,Summer,562,246.36,488359.65,25,7.06,1,0,9.39,111276,27413955.36,1
Comedy,Fall,953,176.04,405231.93,17,2.69,0,1,6.68,128311,22587868.44,1
Experimental,Spring,445,214.94,66265.26,3,1.05,0,0,1.35,2357,506613.58,0
Family,Winter,1189,123.59,473828.86,21,9.73,0,1,7.98,197754,24440416.86,1
Family,Fall,1326,239.97,408421.07,20,1.24,0,0,9.03,174131,41786216.07,0
Experimental,Summer,1973,69.89,110100.97,12,4.08,0,1,6.01,88806,6206651.34,0
Musical,Fall,773,66.66,86772.71,25,6.74,1,0,7.3,153054,10202579.64,1
Drama,Fall,556,225.33,468525.0,12,4.33,0,0,4.2,43648,9835203.84,0
Musical,Fall,440,225.64,82070.82,5,4.43,1,1,5.52,14486,3268621.04,0
Musical,Winter,878,137.28,389666.18,5,7.5,1,1,8.18,34768,4772951.04,1
Family,Winter,1282,53.3,205603.33,29,6.42,0,1,8.88,294449,15694131.7,1
Experimental,Winter,319,93.67,363283.61,13,5.67,0,0,2.04,23053,2159374.51,0
Drama,Fall,1566,194.68,50466.43,14,8.98,0,1,1.15,115230,22432976.4,0
Family,Fall,1028,215.35,363903.85,11,1.97,0,1,4.36,75341,16224684.35,0
Tragedy,Summer,1627,103.22,258396.13,24,5.23,0,0,4.52,199789,20622220.58,0
Musical,Spring,1034,38.78,450687.3,20,3.15,1,1,7.96,163785,6351582.3,1
Experimental,Summer,479,174.79,98257.22,28,1.33,0,0,1.08,23243,4062643.97,0
Experimental,Winter,238,191.39,59131.26,28,9.81,0,0,7.88,31184,5968305.76,0
Tragedy,Spring,1202,120.4,102129.05,31,7.61,0,1,5.83,223234,26877373.6,0
Thriller,Fall,1170,156.2,43894.81,11,2.95,0,0,7.28,56420,8812804.0,0
Comedy,Spring,1664,247.16,490174.52,19,4.62,0,0,5.58,204532,50552129.12,0
Family,Summer,1779,80.12,65814.03,12,3.03,0,1,8.12,127562,10220267.44,0
Tragedy,Spring,489,153.92,104421.22,23,7.16,0,0,4.93,54216,8344926.72,0
Experimental,Fall,766,162.47,405794.44,24,4.15,0,0,4.11,81102,13176641.94,0
Musical,Winter,573,148.55,127143.43,9,9.28,1,1,6.73,40843,6067227.65,1
Drama,Winter,392,220.55,115035.2,27,2.87,0,0,5.0,34039,7507301.45,0
Experimental,Fall,204,161.13,337793.34,10,4.15,0,0,3.73,8271,1332706.23,0
Comedy,Spring,348,139.28,202388.79,31,9.39,0,1,9.22,85440,11900083.2,1
Comedy,Fall,1144,52.68,418562.18,27,8.96,0,1,7.51,244632,12887213.76,1
Family,Spring,473,183.22,320943.33,2,3.64,0,0,2.77,5954,1090891.88,0
Drama,Summer,550,54.72,147666.28,13,5.35,0,0,7.66,41549,2273561.28,0
Tragedy,Fall,412,30.98,300972.02,13,8.95,0,1,3.27,42419,1314140.62,1
Comedy,Fall,1503,134.92,433898.5,26,7.04,0,1,4.88,309497,41757335.24,1
Drama,Spring,1344,153.8,185419.07,23,6.74,0,1,2.96,152092,23391749.6,0
Experimental,Winter,1931,249.79,369553.01,3,6.95,0,1,2.02,31195,7792199.05,0
Drama,Summer,400,185.27,210837.33,27,9.29,0,1,4.59,67424,12491644.48,0
Musical,Winter,575,215.93,273821.33,8,5.65,1,1,6.0,36432,7866761.76,1
Thriller,Fall,1020,102.94,368181.51,13,2.64,0,0,3.72,83450,8590343.0,0
Experimental,Fall,1368,139.51,34961.05,7,5.25,0,1,1.68,28233,3938785.83,0
Musical,Fall,434,244.21,230200.01,6,7.56,1,1,3.25,19768,4827543.28,1
Thriller,Winter,581,118.91,52130.69,17,5.43,0,1,3.21,62378,7417367.98,0
Tragedy,Spring,958,206.64,363877.74,4,3.82,0,0,6.32,18464,3815400.96,0
Family,Fall,232,143.35,305864.1,4,7.0,0,0,3.54,7349,1053479.15,1
Musical,Spring,911,75.39,166830.18,25,5.05,1,0,5.8,180378,13598697.42,1
Experimental,Summer,1565,155.59,42759.35,12,9.67,0,0,5.23,68169,10606414.71,0
Thriller,Winter,1147,74.06,463272.22,21,4.17,0,0,3.4,190769,14128352.14,1
Family,Winter,981,25.68,160926.84,31,7.46,0,1,7.67,240855,6185156.4,1
Comedy,Summer,1078,78.08,141311.5,3,6.0,0,1,7.01,22933,1790608.64,1
Experimental,Summer,1904,68.46,54997.46,25,1.7,0,0,7.12,122260,8369919.6,0
Thriller,Fall,1136,108.46,290789.84,5,5.23,0,1,4.9,44538,4830591.48,1
Musical,Summer,1161,224.93,136498.46,24,1.26,1,0,3.85,119557,26891956.01,0
Experimental,Spring,1875,112.27,422212.28,11,8.11,0,0,6.32,127441,14307801.07,0
Family,Summer,483,215.17,342969.56,6,7.61,0,1,9.63,22952,4938581.84,1
Comedy,Summer,372,150.01,6937.88,8,1.45,0,0,4.91,10474,1571204.74,0
Tragedy,Fall,1009,26.71,285008.93,12,5.5,0,0,6.99,87828,2345885.88,1
Comedy,Winter,773,67.47,119758.17,23,9.65,0,1,4.98,140809,9500383.23,1
Tragedy,Fall,565,234.54,12606.72,22,3.56,0,1,9.39,52098,12219064.92,0
Experimental,Summer,415,160.94,311586.75,23,9.14,0,0,3.38,41310,6648431.4,0
Experimental,Fall,1780,234.15,106432.61,2,2.36,0,0,5.13,7807,1828009.05,0
Drama,Winter,1305,94.78,450319.73,31,1.06,0,0,5.44,255883,24252590.74,0
Experimental,Summer,1443,186.23,288823.47,15,5.77,0,1,7.56,109517,20395350.91,0
Tragedy,Summer,412,198.71,108546.63,5,3.15,0,0,7.49,6001,1192458.71,0
Thriller,Spring,814,244.53,489668.08,29,8.91,0,0,7.65,181314,44336712.42,1
Family,Winter,1317,29.09,275488.58,25,7.07,0,1,7.6,260766,7585682.94,1
Tragedy,Winter,1150,239.25,86908.73,4,7.18,0,0,5.23,17294,4137589.5,0
Tragedy,Spring,1450,113.11,261034.87,15,7.06,0,1,2.4,122311,13834597.21,0
Tragedy,Summer,1405,213.55,479877.78,29,7.11,0,0,8.83,258287,55157188.85,0
Experimental,Summer,944,147.56,214984.06,22,7.72,0,1,3.92,98962,14602832.72,0
Comedy,Winter,1609,152.05,215546.03,7,7.03,0,0,1.99,67805,10309750.25,0
Drama,Spring,667,105.86,233257.73,23,8.51,0,0,2.16,98396,10416200.56,0
Comedy,Spring,344,211.41,143651.26,7,6.02,0,0,5.45,12556,2654463.96,0
Drama,Summer,1844,84.4,85082.89,12,4.16,0,1,4.83,116575,9838930.0,0
Comedy,Fall,240,135.75,291569.21,7,5.2,0,0,6.97,13305,1806153.75,1
Musical,Spring,710,151.04,447629.1,22,4.96,1,0,6.51,123710,18685158.4,1
Musical,Fall,406,192.07,369186.22,29,3.99,1,1,1.97,93250,17910527.5,1
Family,Fall,617,131.12,52612.77,3,4.74,0,0,3.67,9971,1307397.52,0
Musical,Winter,910,178.06,203420.24,20,4.46,1,0,9.07,144144,25666280.64,1
Tragedy,Spring,433,134.19,7621.46,9,2.0,0,0,7.9,12376,1660735.44,0
Family,Spring,1040,173.35,157430.49,24,8.47,0,1,8.83,197683,34268348.05,1
Family,Spring,1869,176.68,336341.41,6,7.81,0,1,1.2,88814,15691657.52,1
Tragedy,Winter,445,184.62,148665.97,12,4.04,0,1,9.21,32645,6026919.9,0
Drama,Fall,1867,210.24,421076.37,8,9.51,0,1,8.75,118293,24869920.32,1
Experimental,Fall,940,146.66,241305.19,28,9.54,0,1,5.07,152276,22332798.16,0
Family,Winter,1266,68.49,336238.24,4,8.71,0,1,7.06,40106,2746859.94,1
Thriller,Fall,994,177.92,442513.29,19,1.26,0,0,3.45,97772,17395594.24,0
Musical,Spring,769,42.35,342991.1,5,4.34,1,1,6.93,30452,1289642.2,1
Musical,Fall,396,74.26,449176.47,19,5.12,1,1,8.19,59590,4425153.4,1
Comedy,Fall,1268,203.24,404992.35,25,7.47,0,1,5.35,251064,51026247.36,1
Drama,Spring,1849,122.89,285696.8,24,6.71,0,0,1.25,276764,34011527.96,0
Experimental,Fall,1137,137.06,152130.38,3,7.11,0,0,4.75,15411,2112231.66,0
Drama,Summer,1278,247.16,152580.49,25,7.9,0,1,7.52,145845,36047050.2,0
Drama,Spring,1358,77.91,438288.89,10,9.54,0,1,7.33,107553,8379454.23,1
Experimental,Summer,899,29.4,31672.69,22,5.96,0,0,5.38,73217,2152579.8,0
Family,Summer,417,50.06,471011.24,30,9.14,0,1,9.87,99079,4959894.74,1
Drama,Summer,1112,80.01,166894.6,5,8.33,0,1,2.05,36801,2944448.01,0
Comedy,Summer,1764,188.33,370741.17,12,4.04,0,0,2.42,99369,18714163.77,0
Tragedy,Fall,765,199.56,168364.73,28,8.32,0,1,3.32,121438,24234167.28,0
Thriller,Summer,1768,152.24,476884.19,6,2.06,0,0,8.23,76135,11590792.4,1
Experimental,Summer,1737,82.39,23054.64,9,2.43,0,0,7.87,33001,2718952.39,0
Experimental,Winter,640,142.39,179892.84,18,9.93,0,1,7.95,71395,10165934.05,0
Experimental,Spring,1235,28.37,434393.22,31,4.86,0,1,8.92,255100,7237187.0,0
Musical,Summer,1545,178.41,140657.99,10,5.15,1,0,4.99,71572,12769160.52,0
Drama,Spring,1090,163.22,141431.64,13,9.56,0,1,3.87,103475,16889189.5,1
Tragedy,Winter,1458,29.9,449882.15,25,4.26,0,1,6.4,288684,8631651.6,1
Musical,Spring,1839,208.83,416138.22,5,3.13,1,1,4.69,72824,15207835.92,1
Comedy,Winter,1329,196.77,57356.74,11,1.7,0,0,5.71,58809,11571846.93,0
Drama,Spring,1708,94.35,292189.06,11,5.7,0,0,2.26,110400,10416240.0,0
Experimental,Summer,1641,167.96,115580.62,14,2.8,0,0,4.57,60065,10088517.4,0
Musical,Fall,1663,160.34,111493.44,19,1.58,1,1,5.25,212606,34089246.04,0
Drama,Winter,1734,57.22,309624.97,8,8.32,0,1,1.79,109866,6286532.52,1
Drama,Spring,606,68.48,66313.75,13,3.96,0,0,9.95,51629,3535553.92,0
Drama,Spring,233,178.72,237540.61,29,6.21,0,1,1.34,30988,5538175.36,0
Tragedy,Winter,475,235.05,131631.76,26,1.94,0,0,9.28,51904,12200035.2,0
Comedy,Summer,649,154.66,427691.62,30,5.55,0,0,1.72,135687,20985351.42,0
Experimental,Spring,1442,152.76,279474.65,22,6.69,0,0,8.73,115898,17704578.48,0
Drama,Fall,1117,170.5,111478.87,19,5.05,0,0,5.93,109675,18699587.5,0
Tragedy,Spring,1043,124.13,463600.5,8,4.04,0,0,2.77,38473,4775653.49,0
Thriller,Winter,216,37.19,412333.78,6,3.8,0,0,3.08,10264,381718.16,1
Thriller,Winter,1430,114.21,136319.65,18,1.98,0,0,4.16,134710,15385229.1,0
Family,Winter,855,227.56,480720.2,14,2.04,0,0,8.15,93071,21179236.76,1
Drama,Summer,1569,206.11,137530.76,25,5.46,0,1,2.32,190682,39301467.02,0
Tragedy,Spring,402,233.67,149858.35,2,2.25,0,0,3.18,1923,449347.41,0
Family,Summer,731,59.39,196051.86,28,3.01,0,0,7.23,139418,8280035.02,0
Experimental,Summer,298,138.84,86578.58,7,2.48,0,0,6.53,6622,919398.48,0
Thriller,Winter,712,156.56,345072.99,13,8.22,0,0,4.79,73307,11476943.92,1
Thriller,Fall,1862,72.23,280881.98,12,5.05,0,1,1.54,170670,12327494.1,1
Experimental,Winter,1083,70.22,447758.93,29,5.97,0,1,6.03,218519,15344404.18,0
Thriller,Winter,991,200.96,124233.24,23,6.25,0,0,3.06,111856,22478581.76,0
Experimental,Fall,692,176.17,89264.29,3,4.57,0,1,6.51,9055,1595219.35,0
Musical,Spring,676,170.62,182518.58,27,3.69,1,0,3.47,97059,16560206.58,0
Comedy,Spring,1401,85.07,77323.8,22,4.44,0,1,9.82,235446,20029391.22,1
Musical,Spring,1973,139.02,473344.76,4,5.81,1,1,6.32,62504,8689306.08,1
Musical,Fall,1544,30.19,360136.11,25,4.23,1,0,6.14,305712,9229445.28,1
Tragedy,Spring,1526,54.24,399114.87,3,2.23,0,0,8.53,32575,1766868.0,1
Drama,Winter,1049,141.61,375281.59,14,9.22,0,1,9.94,116313,16471083.93,1
Comedy,Spring,377,94.68,125195.49,6,7.59,0,1,8.01,17915,1696192.2,1
Tragedy,Winter,1502,242.28,74625.04,2,1.6,0,0,6.35,9576,2320073.28,0
Thriller,Fall,1655,131.08,217569.62,18,9.15,0,0,8.77,235936,30926490.88,1
Experimental,Spring,1118,43.8,415364.47,22,2.53,0,1,2.63,133120,5830656.0,0
Family,Spring,364,29.01,168605.09,16,1.88,0,0,7.88,39690,1151406.9,0
Comedy,Summer,1483,188.18,9733.66,12,2.56,0,1,7.12,89072,16761568.96,0
Comedy,Summer,1857,63.59,331730.05,17,9.4,0,1,6.07,250026,15899153.34,1
Family,Summer,604,67.26,104031.22,6,2.99,0,0,8.8,21490,1445417.4,0
Musical,Fall,486,120.36,273703.41,3,8.08,1,0,7.39,11547,1389796.92,1
Tragedy,Spring,1529,84.41,12365.62,6,6.79,0,0,7.45,53902,4549867.82,0
Comedy,Spring,797,163.73,256880.68,3,5.66,0,0,9.19,17632,2886887.36,1
Drama,Fall,1487,134.28,199836.2,25,4.29,0,1,7.29,238550,32032494.0,0
Thriller,Winter,1465,50.08,440803.93,20,1.84,0,1,3.3,232056,11621364.48,1
Comedy,Summer,679,201.57,362297.83,7,7.4,0,1,2.65,34364,6926751.48,1
Drama,Winter,276,120.82,22833.94,19,4.55,0,1,5.62,31183,3767530.06,0
Thriller,Summer,1200,162.44,395813.59,16,5.81,0,0,3.11,120195,19524475.8,0
Drama,Summer,933,25.89,396657.59,5,1.47,0,0,7.3,31926,826564.14,0
Thriller,Spring,1739,165.94,333387.73,31,7.98,0,1,8.58,426959,70849576.46,1
Drama,Summer,844,88.64,465001.88,30,7.23,0,1,3.63,200534,17775333.76,1
Tragedy,Summer,649,136.23,402610.5,24,5.76,0,1,9.22,118826,16187665.98,1
Family,Fall,1748,91.99,113354.84,26,5.47,0,0,7.72,346712,31894036.88,1
Drama,Spring,1524,249.16,193865.21,18,4.03,0,1,9.89,171546,42742401.36,0
Family,Spring,1313,76.94,178212.0,26,4.08,0,1,2.79,244970,18847991.8,1
Family,Summer,1917,230.39,254929.37,17,1.62,0,0,5.15,109942,25329537.38,0
Experimental,Spring,1609,231.54,477088.24,6,7.18,0,1,6.76,45147,10453336.38,0
Drama,Spring,1759,119.73,309721.19,7,1.4,0,0,7.87,73861,8843377.53,0
Family,Fall,1638,93.4,159904.83,27,1.01,0,0,9.21,324972,30352384.8,1
Experimental,Winter,922,110.73,471051.28,15,1.28,0,0,9.02,66787,7395324.51,0
Family,Fall,312,247.6,351634.38,23,2.83,0,1,3.13,41556,10289265.6,0
Drama,Spring,1292,164.23,136709.86,6,6.13,0,1,4.8,47258,7761181.34,0
Family,Winter,1576,147.58,453723.82,15,7.13,0,1,7.46,187228,27631108.24,1
Musical,Fall,1985,33.08,175385.38,4,4.79,1,0,2.19,62884,2080202.72,1
Thriller,Fall,1426,215.76,260524.58,8,4.68,0,0,9.63,65801,14197223.76,0
Tragedy,Spring,1223,43.86,242215.31,5,6.19,0,1,7.72,45331,1988217.66,1
Tragedy,Fall,1236,35.57,462197.28,8,6.37,0,0,8.46,78312,2785557.84,1
Tragedy,Spring,407,86.84,136503.36,20,8.6,0,1,9.17,60160,5224294.4,1
Musical,Fall,213,132.05,169986.84,2,8.37,1,1,2.6,3373,445404.65,1
Tragedy,Spring,281,226.44,331779.29,7,8.41,0,1,4.8,10829,2452118.76,0
Experimental,Winter,1828,202.77,443874.77,22,8.6,0,0,6.87,241560,48981121.2,0
Tragedy,Spring,1622,69.47,61867.62,6,8.92,0,0,8.4,61587,4278448.89,0
Drama,Fall,668,108.72,108892.34,18,6.0,0,1,7.64,79625,8656830.0,0
Experimental,Spring,962,200.55,474277.07,28,6.36,0,0,2.09,113415,22745378.25,0
Musical,Fall,1070,143.6,389762.07,25,7.55,1,1,6.81,211860,30423096.0,1
Tragedy,Summer,644,64.26,176304.53,5,2.79,0,1,3.65,14758,948349.08,0
Tragedy,Winter,960,114.11,182029.23,6,4.24,0,1,4.66,27352,3121136.72,0
Tragedy,Fall,825,165.84,237419.27,23,9.21,0,1,9.95,137212,22755238.08,1
Experimental,Summer,1450,243.98,338530.75,12,5.7,0,1,2.41,54747,13357173.06,0
Comedy,Spring,1563,173.91,282715.35,14,1.47,0,0,1.94,103958,18079335.78,0
Experimental,Fall,377,28.64,389179.38,16,4.65,0,1,4.68,44920,1286508.8,1
Musical,Summer,1037,183.63,31812.56,19,2.45,1,0,8.78,91113,16731080.19,0
Family,Spring,1984,81.44,410425.17,15,4.21,0,1,2.46,235699,19195326.56,1
Thriller,Fall,1763,218.99,33735.42,2,5.9,0,1,1.72,14932,3269958.68,0
Drama,Spring,1628,111.38,441082.09,4,5.55,0,1,4.77,51575,5744423.5,1
Drama,Spring,1522,69.91,26410.95,2,5.41,0,1,6.69,20839,1456854.49,0
Family,Spring,207,130.29,68277.05,9,1.17,0,0,2.39,7917,1031505.93,0
Thriller,Summer,1953,82.42,94191.26,26,5.01,0,1,8.24,369888,30486168.96,1
Thriller,Spring,1523,78.06,115410.14,31,1.26,0,0,8.61,271301,21177756.06,0
Musical,Spring,1799,153.98,203872.23,16,4.64,1,0,5.7,203308,31305365.84,1
Thriller,Summer,1836,197.65,329463.59,2,6.82,0,0,1.27,21707,4290388.55,0
Experimental,Spring,658,212.86,446838.67,4,2.13,0,1,5.64,10725,2282923.5,0
Musical,Spring,224,114.48,264628.89,26,9.25,1,1,2.93,46126,5280504.48,1
Tragedy,Summer,1386,40.03,268582.42,12,6.67,0,0,5.01,95070,3805652.1,0
Tragedy,Spring,1026,133.89,163056.02,28,2.96,0,0,7.84,97351,13034325.39,0
Experimental,Winter,236,122.6,401336.81,17,4.55,0,0,1.49,20896,2561849.6,0
Drama,Summer,687,69.32,59690.68,28,1.87,0,0,1.0,69578,4823146.96,0
Tragedy,Winter,1983,226.63,154046.07,6,1.2,0,0,2.2,12629,2862110.27,0
Family,Winter,854,244.18,53005.8,27,9.24,0,1,1.41,155869,38060092.42,0
Musical,Winter,669,36.64,111019.51,18,7.08,1,1,3.34,95372,3494430.08,1
Family,Fall,1378,204.04,295365.97,15,8.02,0,1,4.64,163706,33402572.24,1
Family,Summer,1396,170.29,67350.39,17,6.6,0,0,8.02,140962,24004418.98,0
Family,Fall,797,83.82,54805.81,11,9.16,0,1,1.27,67817,5684420.94,1
Thriller,Spring,1728,167.91,413825.85,20,9.06,0,0,4.16,273715,45959485.65,1
Family,Winter,1244,53.94,63558.07,25,1.52,0,0,9.36,209424,11296330.56,0
Family,Summer,488,40.62,305986.41,26,2.71,0,0,6.19,87865,3569076.3,0
Experimental,Spring,784,248.54,179245.54,31,4.56,0,0,8.44,86614,21527043.56,0
Comedy,Spring,1726,168.18,448701.73,14,4.07,0,0,5.35,186676,31395169.68,1
Tragedy,Spring,360,81.98,355237.27,25,5.73,0,0,1.88,57872,4744346.56,0
Thriller,Spring,222,126.26,34417.96,28,3.4,0,0,2.68,22510,2842112.6,0
Drama,Fall,1381,238.77,448256.71,2,8.18,0,1,7.82,21875,5223093.75,1
Family,Spring,995,123.71,209879.95,16,1.07,0,0,8.78,105941,13105961.11,0
Family,Winter,655,227.6,152622.59,23,8.12,0,0,5.21,97294,22144114.4,0
Thriller,Summer,1049,220.48,338027.1,15,4.54,0,0,5.43,77726,17137028.48,0
Comedy,Fall,530,102.44,360397.09,5,1.05,0,1,5.05,20988,2150010.72,1
Comedy,Summer,873,181.6,155109.13,21,8.62,0,1,1.17,112036,20345737.6,0
Tragedy,Spring,621,173.61,179069.99,14,5.02,0,1,1.86,35505,6164023.05,0
Thriller,Spring,1255,198.52,82383.6,20,7.52,0,1,9.93,158029,31371917.08,0
Family,Fall,1412,107.33,298754.56,2,8.91,0,1,1.38,22366,2400542.78,1
Thriller,Fall,1846,36.75,478669.98,2,1.31,0,0,4.14,28464,1046052.0,1
Experimental,Summer,321,63.48,211229.11,20,3.36,0,0,7.22,27313,1733829.24,0
Experimental,Summer,788,163.72,498122.06,31,2.07,0,0,4.82,98462,16120198.64,0
Thriller,Winter,675,199.4,92325.23,21,1.88,0,0,9.84,73733,14702360.2,0
Comedy,Winter,1242,195.11,399069.23,30,9.51,0,0,1.29,295099,57576765.89,1
Thriller,Summer,1159,156.33,464413.59,27,8.25,0,1,8.87,247840,38744827.2,1
Comedy,Spring,1779,44.07,345586.9,10,4.28,0,0,2.21,130146,5735534.22,1
Thriller,Summer,1854,28.89,59116.51,5,7.19,0,0,2.84,52189,1507740.21,0
Family,Fall,1591,200.98,166637.97,18,9.28,0,1,5.75,226812,45584675.76,1
Comedy,Fall,558,148.61,47404.58,20,2.99,0,1,8.84,67798,10075460.78,0
Tragedy,Spring,273,201.11,302865.32,25,1.13,0,0,4.73,24726,4972645.86,0
Musical,Spring,1818,61.63,499083.66,17,8.42,1,1,3.64,244775,15085483.25,1
Family,Summer,1897,116.67,190503.53,29,7.5,0,1,4.62,423571,49418028.57,1
Tragedy,Winter,650,231.81,85657.8,27,2.44,0,0,1.85,24728,5732197.68,0
Tragedy,Spring,283,63.61,137976.9,19,5.41,0,0,8.54,29912,1902702.32,0
Tragedy,Summer,1425,38.84,287546.97,18,2.44,0,0,9.24,124849,4849135.16,0
Drama,Spring,1259,172.03,286636.08,2,6.42,0,1,7.08,19942,3430622.26,1
Thriller,Spring,1799,158.77,118761.31,25,6.83,0,1,5.0,291806,46330038.62,0
Family,Fall,1235,239.21,376598.85,22,3.49,0,0,6.53,171372,40993896.12,0
Comedy,Summer,1568,228.96,48566.08,28,8.03,0,0,5.97,200482,45902358.72,0
Musical,Summer,1615,193.62,313404.94,4,5.26,1,0,1.46,34365,6653751.3,0
Comedy,Winter,217,29.31,215720.98,6,7.36,0,1,4.55,10311,302215.41,1
Drama,Spring,467,133.09,67951.63,22,6.76,0,1,6.91,75500,10048295.0,1
Comedy,Spring,1604,226.62,319020.45,16,5.06,0,1,8.63,182196,41289257.52,1
Thriller,Winter,522,122.57,338159.46,19,3.63,0,0,4.23,73411,8997986.27,1
Musical,Fall,571,241.48,222810.05,15,2.84,1,0,8.37,50937,12300266.76,0
Family,Spring,1553,171.81,400006.45,21,7.71,0,1,7.81,258294,44377492.14,1
Drama,Summer,568,49.63,257111.71,21,6.78,0,1,9.36,88447,4389624.61,1
Experimental,Fall,469,139.59,146448.45,7,3.53,0,0,9.9,13668,1907916.12,0
Family,Summer,224,181.51,477032.63,24,9.7,0,1,1.38,42577,7728151.27,1
Drama,Fall,1045,39.71,472301.8,16,8.29,0,1,4.94,132422,5258477.62,1
Tragedy,Fall,1346,102.55,52332.59,19,2.14,0,0,7.96,106099,10880452.45,0
Musical,Summer,1516,186.34,473310.23,20,2.46,1,0,8.41,236599,44087857.66,1
Musical,Winter,1830,60.34,388863.78,24,5.9,1,1,1.75,347846,20989027.64,1
Experimental,Summer,1372,103.38,57788.86,11,1.92,0,1,6.46,59178,6117821.64,0
Family,Winter,1561,180.23,262066.01,2,9.68,0,1,9.09,24726,4456366.98,1
Drama,Spring,579,199.5,22300.9,7,6.74,0,1,3.04,20333,4056433.5,0
Drama,Summer,812,141.67,296484.25,30,1.6,0,0,4.13,113656,16101645.52,0
Drama,Fall,747,240.29,466927.88,8,4.99,0,0,4.55,39467,9483525.43,0
Comedy,Winter,317,233.2,187263.82,9,3.0,0,1,4.55,14382,3353882.4,0
Comedy,Spring,1944,131.52,256769.46,27,5.41,0,0,6.06,400247,52640485.44,1
Comedy,Winter,634,61.06,117642.36,9,3.22,0,0,1.55,34563,2110416.78,0
Tragedy,Spring,1007,198.91,272768.39,15,8.49,0,1,8.01,90059,17913635.69,0
Drama,Summer,842,79.71,402274.46,13,7.49,0,1,2.11,83217,6633227.07,1
Experimental,Summer,280,214.63,111552.85,21,9.16,0,1,8.32,31287,6715128.81,0
Family,Summer,1826,157.11,278975.95,19,2.78,0,0,1.15,157206,24698634.66,0
Family,Winter,595,113.67,180548.42,17,4.47,0,1,8.08,80110,9106103.7,1
Drama,Fall,380,150.19,375196.68,17,8.25,0,1,4.2,51163,7684170.97,1
Thriller,Winter,816,144.88,352509.14,27,4.36,0,0,6.9,161317,23371606.96,1
Family,Summer,458,233.06,350900.88,19,4.41,0,0,2.61,45100,10511006.0,0
Drama,Winter,1999,73.23,192012.55,17,9.87,0,1,5.83,269145,19709488.35,1
Family,Summer,540,233.84,301643.25,28,7.94,0,1,3.69,110344,25802840.96,1
Comedy,Fall,744,32.05,327287.17,4,8.75,0,1,1.04,23569,755386.45,1
Family,Fall,688,198.07,342002.92,27,4.66,0,0,7.53,147121,29140256.47,1
Tragedy,Fall,247,231.93,289751.9,7,6.27,0,1,2.18,8579,1989727.47,0
Family,Fall,223,113.66,434068.35,11,5.05,0,1,9.46,19427,2208072.82,1
Drama,Summer,1123,41.44,128155.3,2,5.05,0,0,5.89,14116,584967.04,0
Comedy,Fall,618,206.05,32624.36,19,2.15,0,0,1.02,19555,4029307.75,0
Drama,Winter,350,214.64,481439.21,26,8.58,0,1,9.5,72072,15469534.08,1
Drama,Summer,724,100.66,35063.19,13,4.51,0,0,2.2,31207,3141296.62,0
Comedy,Fall,693,141.68,451963.05,21,6.24,0,0,8.51,115259,16329895.12,1
Comedy,Spring,963,207.13,308081.04,13,8.71,0,1,3.96,99150,20536939.5,1
Musical,Summer,1986,68.21,459776.49,24,7.96,1,1,6.11,377498,25749138.58,1
Thriller,Winter,752,166.52,284652.2,31,2.78,0,0,8.52,148461,24721725.72,0
Tragedy,Fall,1468,121.89,411399.32,23,6.57,0,0,1.45,202136,24638357.04,0
Family,Spring,1583,64.24,362038.68,12,5.46,0,1,7.12,150448,9664779.52,1
Thriller,Fall,291,212.07,264930.51,26,3.34,0,0,2.34,29561,6269001.27,0
Drama,Winter,1102,98.05,184845.18,3,1.37,0,0,7.45,18733,1836770.65,0
Musical,Spring,1007,235.25,6415.22,31,6.67,1,0,2.45,124057,29184409.25,0
Comedy,Spring,1113,153.01,129198.11,27,8.02,0,0,1.2,160309,24528880.09,0
Tragedy,Summer,508,140.76,476124.57,21,9.48,0,1,2.4,67388,9485534.88,0
Drama,Fall,1037,120.24,141353.61,20,4.19,0,0,6.63,118932,14300383.68,0
Family,Summer,421,115.15,377166.96,9,4.59,0,1,9.87,30008,3455421.2,1
Thriller,Winter,1902,209.04,256706.32,14,2.47,0,0,9.73,148577,31058536.08,0
Family,Winter,1256,177.44,157714.62,5,9.86,0,1,7.71,49737,8825333.28,1
Musical,Fall,262,199.08,495591.26,12,8.65,1,1,8.42,24900,4957092.0,1
Family,Summer,1110,119.74,28252.32,19,9.62,0,1,8.87,167032,20000411.68,1
Drama,Spring,1867,83.82,293128.17,12,5.46,0,0,5.76,156878,13149513.96,0
Tragedy,Winter,1537,44.54,233451.52,25,2.89,0,0,3.06,225151,10028225.54,0
Tragedy,Winter,691,199.75,42880.57,27,6.16,0,1,6.95,76476,15276081.0,0
Family,Summer,1806,118.44,110977.62,18,4.35,0,0,2.27,162544,19251711.36,0
Drama,Fall,533,139.58,348649.78,12,4.13,0,0,8.49,47787,6670109.46,1
Drama,Winter,644,130.6,58622.67,11,1.74,0,0,4.71,27445,3584317.0,0
Comedy,Fall,478,122.01,401507.43,18,1.66,0,0,3.4,56249,6862940.49,0
Comedy,Spring,1861,178.88,314405.19,23,4.41,0,0,8.59,308038,55101837.44,1
Drama,Fall,1490,161.97,54924.51,5,9.34,0,1,2.0,48562,7865587.14,0
Drama,Winter,1132,243.71,146973.24,15,7.51,0,1,9.77,110217,26860985.07,0
Drama,Winter,1402,56.25,72903.04,15,7.85,0,1,9.55,166557,9368831.25,1
Tragedy,Summer,665,154.04,399812.64,10,3.11,0,1,6.48,36907,5685154.28,0
Comedy,Fall,327,39.23,268815.01,9,7.61,0,0,7.41,23308,914372.84,1
Comedy,Summer,1722,206.78,6400.82,27,4.66,0,0,1.33,122274,25283817.72,0
Family,Fall,1935,163.67,273737.31,14,1.53,0,0,4.93,157189,25727123.63,0
Drama,Spring,263,121.39,243987.82,19,4.55,0,0,8.96,37139,4508303.21,1
Experimental,Summer,293,205.5,323322.82,3,2.18,0,0,1.1,2220,456210.0,0
Family,Summer,1207,127.38,22247.81,10,8.68,0,1,3.62,76497,9744187.86,0
Drama,Summer,277,76.25,22535.77,8,8.56,0,1,4.18,13345,1017556.25,0
Comedy,Summer,1498,131.31,177937.21,11,3.59,0,0,7.08,84412,11084139.72,0
Drama,Spring,1901,40.94,345826.36,27,6.51,0,0,7.34,392378,16063955.32,1
Drama,Fall,703,227.02,334946.26,19,4.27,0,0,1.59,54017,12262939.34,0
Comedy,Summer,729,189.47,142740.47,29,2.39,0,0,2.96,74050,14030253.5,0
Musical,Winter,1754,196.07,111953.43,14,6.84,1,0,8.43,194483,38132281.81,1
Musical,Spring,841,221.76,343147.17,25,7.84,1,0,2.73,166518,36927031.68,1
Tragedy,Fall,632,203.1,18420.8,6,7.97,0,1,3.58,14739,2993490.9,0
Thriller,Spring,351,122.17,280607.75,26,2.34,0,1,2.46,50843,6211489.31,0
Comedy,Fall,1711,51.69,214928.83,20,5.61,0,1,7.79,271022,14009127.18,1
Experimental,Summer,1866,109.01,123347.97,3,1.22,0,0,1.24,4884,532404.84,0
Comedy,Summer,341,235.17,262547.55,22,1.81,0,0,3.72,26689,6276452.13,0
Experimental,Fall,1645,238.55,112497.99,16,1.73,0,0,5.79,64138,15300119.9,0
Drama,Winter,487,197.77,284339.19,2,1.51,0,0,1.05,3542,700501.34,0
Tragedy,Summer,449,71.0,78742.05,27,4.0,0,1,9.59,56655,4022505.0,0
Family,Winter,885,68.75,205817.99,18,4.22,0,0,8.82,126165,8673843.75,1
Musical,Spring,986,222.95,257661.04,20,7.28,1,1,6.83,156182,34820776.9,1
Experimental,Summer,1737,56.93,20692.01,19,3.97,0,0,4.95,114295,6506814.35,0
Comedy,Summer,1459,156.43,307305.03,4,2.26,0,0,2.4,27497,4301355.71,0
Tragedy,Winter,460,110.11,376406.07,11,9.52,0,1,5.98,40075,4412658.25,1
Thriller,Spring,1251,92.95,478256.41,23,8.88,0,1,3.15,227882,21181631.9,1
Thriller,Summer,1775,177.41,105547.54,12,2.12,0,0,6.74,80790,14332953.9,0
Musical,Summer,1391,240.9,108304.21,28,4.27,1,1,2.31,154973,37332995.7,0
Experimental,Winter,613,199.97,155891.26,11,2.51,0,0,7.45,18905,3780432.85,0
Thriller,Summer,431,134.39,445928.2,15,9.63,0,0,3.91,47723,6413493.97,1
Experimental,Winter,1014,124.16,206394.3,15,4.2,0,0,5.52,67822,8420779.52,0
Tragedy,Fall,1049,229.22,154387.94,2,1.88,0,1,2.46,6041,1384718.02,0
Thriller,Fall,834,155.07,371884.49,26,7.54,0,1,3.31,146075,22651850.25,0
Tragedy,Winter,396,136.74,23805.14,6,7.41,0,1,5.05,13648,1866227.52,0
Experimental,Spring,412,178.64,276663.18,16,3.17,0,0,5.12,25421,4541207.44,0
Family,Summer,1152,78.36,227844.05,29,3.89,0,0,10.0,244758,19179236.88,1
Experimental,Fall,1899,39.34,314304.81,31,4.74,0,0,4.02,314956,12390369.04,0
Tragedy,Spring,1276,217.4,366894.34,8,3.41,0,1,1.76,44268,9623863.2,0
Family,Spring,988,161.63,165869.25,13,3.6,0,0,5.72,60115,9716387.45,0
Comedy,Spring,1876,62.1,320026.51,18,8.21,0,1,3.9,267442,16608148.2,1
Tragedy,Winter,1442,92.06,264542.71,22,7.77,0,1,8.9,251254,23130443.24,1
Family,Fall,1492,247.74,71314.07,9,7.23,0,0,2.89,63725,15787231.5,0
Musical,Summer,1235,167.75,441454.47,18,7.18,1,1,8.7,176061,29534232.75,1
Thriller,Fall,1573,168.13,378522.13,27,5.7,0,0,6.97,317403,53364966.39,1
Musical,Fall,1103,41.24,461218.8,24,4.16,1,0,2.69,209658,8646295.92,1
Thriller,Winter,1319,243.02,361600.27,26,7.48,0,1,4.65,251869,61209204.38,1
Tragedy,Winter,1309,225.88,126179.25,28,2.05,0,0,5.43,135647,30639944.36,0
Tragedy,Winter,1554,148.25,218110.48,27,2.27,0,0,5.7,201522,29875636.5,0
Tragedy,Spring,1817,94.61,196499.87,17,2.14,0,0,4.57,137943,13050787.23,0
Tragedy,Winter,729,182.06,22731.86,31,7.59,0,1,6.26,117835,21453040.1,0
Comedy,Summer,1458,212.51,208221.34,16,6.32,0,1,7.45,147369,31317386.19,0
Tragedy,Summer,256,201.88,176056.88,23,5.05,0,0,5.56,24087,4862683.56,0
Tragedy,Fall,1158,244.84,6942.27,30,5.29,0,1,6.42,138067,33804324.28,0
Family,Fall,1817,168.29,424326.01,3,8.45,0,1,8.74,43171,7265247.59,1
Tragedy,Summer,1361,97.28,76217.84,30,2.1,0,0,5.48,114921,11179514.88,0
Thriller,Winter,681,137.03,252971.32,26,4.45,0,0,4.75,101623,13925399.69,0
Family,Spring,1291,208.67,393415.52,31,7.84,0,1,3.23,316966,66141295.22,1
Experimental,Spring,843,84.7,304218.28,25,6.92,0,1,2.18,107962,9144381.4,0
Musical,Spring,979,77.07,88828.86,6,4.92,1,0,3.63,43772,3373508.04,1
Thriller,Winter,610,188.09,311014.51,11,3.02,0,0,4.66,41252,7759088.68,0
Drama,Summer,1324,125.0,380010.46,2,9.52,0,1,7.88,20972,2621500.0,1
Drama,Summer,557,208.73,428108.44,20,4.67,0,0,2.96,56084,11706413.32,0
Family,Fall,998,57.33,162733.61,15,8.9,0,1,7.32,118562,6797159.46,1
Musical,Summer,1890,100.53,21791.09,16,8.0,1,1,1.71,228529,22974020.37,1
Family,Fall,1563,85.32,305934.36,24,8.75,0,0,2.43,297095,25348145.4,1
Family,Spring,945,182.02,116755.41,26,1.15,0,0,3.94,96706,17602426.12,0
Experimental,Spring,1944,195.85,391543.06,4,5.3,0,0,5.23,37284,7302071.4,0
Thriller,Winter,225,127.6,341541.45,29,3.33,0,0,2.63,39846,5084349.6,0
Experimental,Summer,1927,132.56,387727.49,13,3.47,0,1,2.01,90641,12015370.96,0
Musical,Spring,833,54.71,483927.94,24,3.43,1,1,6.09,158336,8662562.56,1
Experimental,Summer,1677,182.91,294350.96,19,4.5,0,1,4.71,130507,23871035.37,0
Drama,Summer,1905,248.27,452635.21,15,4.7,0,0,4.74,142392,35351661.84,0
Comedy,Summer,1283,200.03,322737.22,8,6.71,0,0,3.77,69030,13808070.9,0
Musical,Summer,1298,75.2,94963.45,7,3.7,1,0,4.34,53222,4002294.4,0
Comedy,Fall,1548,165.2,400657.55,23,3.45,0,1,2.66,277739,45882482.8,1
Family,Spring,631,91.37,348380.82,11,4.25,0,0,3.44,52427,4790254.99,1
Drama,Summer,520,31.79,489080.19,8,7.18,0,1,5.88,32947,1047385.13,1
Family,Summer,818,65.46,125498.83,2,1.0,0,0,5.7,8324,544889.04,0
Thriller,Fall,1062,48.08,169897.13,27,7.72,0,1,9.15,227098,10918871.84,1
Thriller,Winter,1537,69.08,411638.06,13,4.05,0,0,8.49,158249,10931840.92,1
Experimental,Winter,663,204.01,36130.35,12,6.19,0,1,1.06,21801,4447622.01,0
Tragedy,Summer,1216,90.89,318433.88,13,7.85,0,0,3.07,92953,8448498.17,0
Comedy,Fall,206,195.33,270060.65,19,5.6,0,1,8.99,30998,6054839.34,1
Experimental,Spring,255,238.49,88566.83,16,6.82,0,1,3.83,9867,2353180.83,0
Tragedy,Fall,1940,154.21,86735.25,18,9.28,0,1,5.3,220418,33990659.78,0
Thriller,Spring,1730,134.22,406047.82,10,1.27,0,0,7.07,116254,15603611.88,0
Comedy,Spring,1754,193.78,12645.35,10,4.15,0,0,5.89,91125,17658202.5,0
Drama,Fall,791,46.85,374686.51,27,9.34,0,1,1.04,169147,7924536.95,1
Drama,Spring,1124,121.35,367670.28,15,8.54,0,0,2.86,127645,15489720.75,1
Drama,Summer,1414,137.24,326591.59,31,6.55,0,0,1.9,256106,35147987.44,0
Drama,Spring,657,211.99,207711.24,27,3.06,0,1,2.51,85949,18220328.51,0
Family,Fall,1540,208.2,19018.74,23,3.97,0,1,2.33,171291,35662786.2,0
Musical,Winter,1447,215.86,401879.45,18,8.72,1,0,6.61,206284,44528464.24,1
Thriller,Fall,933,182.02,67225.07,27,7.28,0,1,4.66,154988,28210915.76,0
Experimental,Winter,982,144.38,143989.8,3,3.57,0,1,1.6,11654,1682604.52,0
Family,Summer,753,211.27,473657.55,16,2.19,0,0,1.74,63340,13381841.8,0
Comedy,Spring,1646,221.49,154421.21,23,8.03,0,1,9.55,278720,61733692.8,1
Musical,Spring,1976,133.11,131293.88,5,6.19,1,0,2.39,57740,7685771.4,0
Family,Spring,1999,246.77,486818.42,7,9.67,0,1,3.28,110824,27348038.48,1
Musical,Spring,1588,221.83,47536.44,3,4.66,1,0,6.17,23206,5147786.98,0
Thriller,Summer,828,139.86,84541.74,16,4.14,0,0,2.68,66358,9280829.88,0
Thriller,Spring,1605,40.59,221967.17,18,3.62,0,0,2.78,178762,7255949.58,0
Drama,Fall,639,75.51,394898.2,16,5.34,0,1,1.65,80974,6114346.74,1
Family,Spring,1813,199.69,442757.67,3,3.9,0,0,9.83,43076,8601846.44,1
Drama,Fall,681,50.01,379039.68,16,1.66,0,0,6.45,82336,4117623.36,1
Drama,Summer,925,130.71,488206.64,28,3.81,0,1,5.77,191165,24987177.15,1
Family,Fall,368,161.09,13338.84,2,2.97,0,0,9.0,3687,593938.83,0
Experimental,Fall,346,222.63,311655.74,25,8.34,0,0,6.35,36383,8099947.29,0
Drama,Winter,909,215.6,62591.37,10,3.12,0,0,3.37,25909,5585980.4,0
Experimental,Summer,1190,196.96,455629.56,4,5.13,0,0,5.25,17308,3408983.68,0
Experimental,Summer,231,116.73,467977.07,3,7.05,0,1,5.3,3778,441005.94,0
Family,Fall,1723,57.01,154998.97,2,2.34,0,0,4.58,23218,1323658.18,0
Musical,Fall,405,175.67,414715.72,14,5.78,1,1,7.78,44906,7888637.02,1
Comedy,Summer,1997,65.79,316986.41,16,8.62,0,1,1.99,253059,16648751.61,1
Thriller,Fall,689,151.3,54741.95,20,6.26,0,1,2.43,85337,12911488.1,0
Experimental,Summer,882,245.65,303370.24,4,5.34,0,0,4.35,10226,2512016.9,0
Family,Summer,487,148.82,488148.23,21,8.55,0,0,1.64,80997,12053973.54,1
Comedy,Summer,1683,170.25,157506.55,24,9.53,0,0,9.89,307242,52307950.5,1
Drama,Winter,1517,177.45,5564.68,3,8.39,0,0,5.46,24483,4344508.35,0
Experimental,Fall,341,211.84,488511.88,22,4.68,0,1,1.45,34489,7306149.76,0
Drama,Spring,390,122.87,209921.79,5,6.51,0,1,6.47,13916,1709858.92,1
Comedy,Winter,1296,136.94,218311.72,15,5.74,0,1,8.03,153964,21083830.16,1
Experimental,Fall,1758,64.59,357743.0,21,3.73,0,1,4.67,204980,13239658.2,0
Tragedy,Spring,397,163.3,304170.77,28,4.92,0,0,5.32,53456,8729364.8,0
Drama,Fall,598,91.55,154483.37,17,8.46,0,1,7.31,80514,7371056.7,1
Musical,Fall,1181,139.22,54489.05,15,3.7,1,0,3.1,92923,12936740.06,0
Tragedy,Winter,395,197.48,414544.45,27,9.01,0,1,6.38,83462,16482075.76,1
Experimental,Summer,748,28.95,244271.7,8,9.92,0,1,6.68,36516,1057138.2,0
Tragedy,Fall,218,151.88,337874.78,8,3.76,0,0,8.24,9629,1462452.52,0
Thriller,Summer,1098,64.03,430949.83,15,2.1,0,0,9.02,124353,7962322.59,1
Drama,Summer,1487,87.86,13772.58,5,9.61,0,1,9.47,51810,4552026.6,0
Family,Fall,941,32.81,430395.71,2,2.54,0,0,2.14,14905,489033.05,1
Family,Winter,661,63.13,377138.65,12,7.94,0,1,8.35,62821,3965889.73,1
Thriller,Winter,963,246.99,473676.77,6,1.35,0,1,7.08,38095,9409084.05,0
Family,Winter,1117,249.67,120627.45,21,3.12,0,0,4.34,76778,19169163.26,0
Thriller,Fall,498,186.97,164599.06,18,3.34,0,0,9.31,42419,7931080.43,0
Comedy,Fall,400,162.67,332431.98,16,3.68,0,1,8.74,50688,8245416.96,1
Family,Summer,527,199.83,463267.53,16,9.27,0,1,7.97,66781,13344847.23,1
Family,Winter,1973,226.72,496371.33,4,2.58,0,0,1.52,53105,12039965.6,0
Family,Summer,1501,141.84,211285.14,14,2.56,0,0,2.59,93555,13269841.2,0
Drama,Summer,425,32.94,271918.69,4,7.23,0,0,9.26,12117,399133.98,1
Thriller,Winter,742,184.61,89422.75,12,9.57,0,1,9.84,70519,13018512.59,1
Musical,Fall,941,246.54,348517.81,22,4.5,1,0,3.5,118157,29130426.78,0
Thriller,Summer,526,83.06,419498.36,31,7.96,0,0,3.5,126891,10539566.46,1
Tragedy,Winter,1732,129.28,400331.41,10,1.28,0,0,6.49,89251,11538369.28,0
Comedy,Winter,1893,106.29,176192.31,9,8.42,0,0,1.69,114638,12184873.02,0
Experimental,Summer,640,112.86,481815.69,22,7.51,0,0,6.36,85686,9670521.96,0
Experimental,Fall,229,187.31,64571.56,29,9.07,0,0,9.72,25967,4863878.77,0
Musical,Summer,680,110.14,249515.16,10,6.74,1,0,3.67,51051,5622757.14,1
Drama,Fall,1248,236.74,279525.58,27,9.47,0,1,7.68,266037,62981599.38,1
Drama,Winter,1655,202.67,270574.36,11,4.51,0,1,5.72,114960,23298943.2,0
Experimental,Fall,811,31.22,380155.94,21,7.59,0,1,3.59,117108,3656111.76,0
Tragedy,Winter,692,209.17,306755.58,8,7.53,0,1,4.71,33197,6943816.49,0
Family,Fall,647,198.89,43179.07,9,3.42,0,0,5.96,26672,5304794.08,0
Family,Winter,205,141.21,94026.57,31,9.29,0,1,7.85,50331,7107240.51,1
Family,Summer,225,136.78,268458.32,13,8.01,0,0,5.87,20798,2844750.44,1
Musical,Summer,970,212.99,348801.06,2,8.8,1,1,9.33,15364,3272378.36,1
Musical,Summer,1311,120.58,259516.39,25,4.26,1,0,2.05,189196,22813253.68,0
Comedy,Winter,222,60.88,180976.35,5,8.57,0,1,9.62,8791,535196.08,1
Comedy,Fall,560,95.4,30311.61,5,3.83,0,1,5.96,19250,1836450.0,0
Family,Spring,1837,84.67,394011.05,27,9.68,0,0,4.53,392824,33260408.08,1
Drama,Spring,1982,178.24,251111.15,12,1.22,0,0,1.68,87166,15536467.84,0
Comedy,Fall,1355,65.25,271700.62,6,6.57,0,1,3.67,64389,4201382.25,1
Drama,Winter,1139,170.07,237134.28,31,2.01,0,0,4.94,145837,24802498.59,0
Drama,Summer,1249,129.84,136345.98,10,7.47,0,0,9.43,82116,10661941.44,0
Drama,Fall,866,213.92,141804.87,20,4.27,0,0,7.81,85064,18196890.88,0
Drama,Winter,562,134.12,36432.89,9,8.84,0,1,1.53,30949,4150879.88,0
Tragedy,Fall,876,234.21,355261.51,19,8.85,0,1,3.95,104153,24393674.13,0
Comedy,Winter,1459,227.61,139577.07,22,4.31,0,1,5.42,203711,46366660.71,0
Tragedy,Fall,1392,66.69,152787.87,24,8.29,0,1,8.65,249481,16637887.89,1
Tragedy,Fall,1419,179.39,496782.56,14,7.13,0,0,7.99,157338,28224863.82,1
Family,Winter,1295,73.29,195977.22,20,4.84,0,1,2.95,205128,15033831.12,1
Experimental,Fall,308,210.24,257795.12,27,4.09,0,0,1.45,24403,5130486.72,0
Tragedy,Spring,1327,168.04,196304.18,27,2.89,0,1,2.19,137612,23124320.48,0
Thriller,Summer,1785,91.18,148644.6,24,1.57,0,0,5.53,190151,17337968.18,0
Family,Spring,1368,81.05,7896.12,13,5.66,0,1,1.81,109783,8897912.15,0
Thriller,Fall,1242,121.65,428168.74,17,5.86,0,1,3.25,167222,20342556.3,1
Musical,Spring,603,205.16,239211.07,31,5.0,1,1,8.39,148048,30373527.68,1
Experimental,Fall,1626,204.14,361345.7,9,9.56,0,0,4.62,65293,13328913.02,0
Drama,Summer,1012,32.51,479535.06,22,1.12,0,0,9.97,174272,5665582.72,1
Comedy,Spring,673,93.01,6401.51,25,8.65,0,1,7.8,133254,12393954.54,1
Thriller,Spring,1081,120.14,339144.61,16,8.21,0,1,3.38,136984,16457257.76,1
Comedy,Fall,419,156.76,63727.15,27,7.83,0,0,1.07,61527,9644972.52,0
Drama,Spring,1867,58.64,231692.7,14,5.72,0,0,5.74,190666,11180654.24,1
Experimental,Winter,1464,100.44,424157.13,27,2.71,0,0,7.35,235811,23684856.84,0
Musical,Winter,787,224.26,40390.45,21,8.77,1,1,5.23,130674,29304951.24,1
Drama,Fall,1628,132.22,494858.68,3,7.7,0,0,9.16,38681,5114401.82,1
Experimental,Spring,297,192.43,292513.73,26,8.5,0,0,7.91,45665,8787315.95,0
Family,Winter,894,134.08,200521.76,22,3.12,0,0,5.68,135784,18205918.72,0
Musical,Fall,1372,129.62,14657.58,8,5.99,1,1,1.17,66971,8680781.02,0
Family,Summer,242,164.93,295477.42,23,4.74,0,1,4.04,40864,6739699.52,1
Experimental,Spring,1475,83.36,249970.78,17,6.76,0,1,5.45,140937,11748508.32,0
Musical,Fall,1672,81.21,111581.92,30,7.77,1,1,3.25,397267,32262053.07,1
Comedy,Winter,1269,247.6,247771.53,11,2.56,0,0,8.54,71035,17588266.0,0
Tragedy,Spring,570,220.52,11330.69,9,2.57,0,0,4.82,11415,2517235.8,0
Musical,Spring,1548,190.99,499741.42,3,1.39,1,0,2.83,31666,6047889.34,0
Drama,Summer,810,55.86,169396.65,25,2.41,0,0,8.01,99149,5538463.14,0
Drama,Fall,1524,31.8,242709.96,31,3.16,0,0,6.47,332571,10575757.8,0
Drama,Summer,1330,64.47,393465.19,22,1.65,0,0,2.77,159657,10293086.79,0
Comedy,Summer,368,235.99,357825.28,13,4.2,0,1,5.79,30153,7115806.47,0
Tragedy,Summer,379,208.67,444836.73,28,7.08,0,1,7.25,68303,14252787.01,0
Drama,Spring,227,142.69,470956.24,9,8.14,0,1,5.04,16180,2308724.2,1
Comedy,Spring,329,242.98,98643.03,22,4.11,0,0,3.72,21840,5306683.2,0
Drama,Spring,739,57.98,198247.92,19,1.75,0,0,7.21,79003,4580593.94,0
Family,Fall,246,150.81,344974.41,27,7.83,0,0,7.19,52604,7933209.24,1
Drama,Winter,1889,66.22,27287.02,31,4.52,0,1,1.15,396438,26252124.36,0
Experimental,Summer,1849,93.95,359887.73,12,3.26,0,0,3.11,84191,7909744.45,0
Tragedy,Spring,510,236.53,7417.3,4,5.24,0,0,6.82,6127,1449219.31,0
Family,Summer,760,220.36,457473.8,6,9.73,0,1,3.02,35010,7714803.6,1
Thriller,Winter,1535,47.9,360493.88,24,4.35,0,0,9.66,291772,13975878.8,1
Drama,Spring,1389,81.15,284922.09,12,9.64,0,1,2.47,132010,10712611.5,1
Thriller,Summer,1246,158.76,217305.98,6,3.28,0,0,7.73,39234,6228789.84,0
Drama,Fall,1980,38.8,494072.26,26,1.95,0,1,9.98,407721,15819574.8,1
Musical,Summer,1333,148.77,369573.31,21,2.41,1,0,4.12,208608,31034612.16,1
Drama,Summer,1405,156.51,404610.01,5,7.96,0,1,6.43,55638,8707903.38,1
Drama,Summer,1103,90.47,413565.57,23,5.84,0,0,1.95,166600,15072302.0,0
Musical,Summer,1145,90.95,15828.09,21,6.24,1,0,6.6,172110,15653404.5,1
Musical,Fall,723,76.54,32068.77,31,9.71,1,1,9.89,177510,13586615.4,1
Experimental,Fall,1137,235.53,103190.67,31,5.54,0,0,9.76,136342,32112631.26,0
Tragedy,Spring,1852,112.5,329332.71,31,2.05,0,0,4.71,236728,26631900.0,0
Comedy,Spring,878,156.69,313854.85,28,7.47,0,0,8.39,186037,29150137.53,1
Experimental,Summer,439,92.85,165955.96,25,2.87,0,0,8.44,32987,3062842.95,0
Drama,Winter,1279,183.1,486634.39,22,6.23,0,0,3.95,204319,37410808.9,1
Comedy,Spring,1613,47.82,51087.79,18,8.69,0,0,8.4,229949,10996161.18,1
Family,Spring,1925,41.12,389476.46,25,5.29,0,1,2.46,381150,15672888.0,1
Thriller,Fall,1175,192.46,243034.17,30,3.83,0,0,9.81,217962,41948966.52,0
Comedy,Summer,1618,188.5,212322.93,5,6.18,0,0,8.78,51715,9748277.5,0
Drama,Spring,650,84.63,17654.67,6,2.14,0,0,5.6,14130,1195821.9,0
Musical,Spring,963,104.89,365260.82,16,3.77,1,0,4.47,121631,12757875.59,1
Musical,Fall,954,240.38,386929.88,10,5.54,1,0,9.51,75556,18162151.28,1
Drama,Fall,798,48.47,162883.96,17,3.29,0,0,1.64,69359,3361830.73,0
Family,Fall,1489,66.21,260896.62,11,1.35,0,1,5.49,129721,8588827.41,1
Thriller,Summer,1790,121.76,305188.85,25,6.27,0,0,5.38,303945,37008343.2,0
Tragedy,Fall,787,88.47,186984.4,28,4.61,0,0,4.43,129740,11478097.8,0
Family,Winter,444,171.03,309713.09,10,4.52,0,1,2.01,34472,5895746.16,1
Drama,Summer,1685,180.39,219892.89,25,9.97,0,0,3.26,279410,50402769.9,0
Drama,Summer,1729,143.44,439644.58,5,2.01,0,0,9.85,56344,8081983.36,0
Comedy,Spring,1882,162.52,360664.05,25,2.39,0,0,8.27,345802,56199741.04,1
Experimental,Fall,659,122.52,59697.49,22,8.89,0,1,8.54,85743,10505232.36,0
Thriller,Spring,1494,196.09,400803.58,23,2.17,0,0,5.59,203978,39998046.02,0
Family,Spring,1488,34.47,172065.29,16,9.26,0,1,6.96,188559,6499628.73,1
Drama,Fall,1622,95.4,468106.37,5,7.05,0,0,5.55,64231,6127637.4,1
Family,Spring,1651,179.0,303668.78,27,5.75,0,0,7.1,334090,59802110.0,1
Musical,Winter,1914,99.17,18651.09,5,3.51,1,0,8.77,71635,7104042.95,1
Drama,Summer,1058,42.67,368509.54,16,4.24,0,0,3.18,110149,4700057.83,0
Tragedy,Summer,336,102.63,69713.51,7,8.43,0,1,9.56,15456,1586249.28,0
Musical,Fall,546,185.09,439247.4,27,1.52,1,0,9.22,116756,21610368.04,1
Experimental,Fall,1795,52.45,474423.5,19,7.92,0,1,4.77,221044,11593757.8,0
Experimental,Summer,1720,188.04,349151.65,17,8.45,0,1,9.79,187165,35194506.6,0
Tragedy,Winter,219,199.48,268772.02,11,7.35,0,0,8.94,15961,3183900.28,0
Comedy,Winter,861,167.94,303021.19,25,1.49,0,0,1.36,102489,17212002.66,0
Musical,Spring,641,79.95,217283.31,8,7.68,1,1,1.38,40613,3247009.35,1
Thriller,Fall,777,206.19,46373.48,23,7.51,0,0,7.37,106427,21944183.13,0
Tragedy,Summer,1349,73.25,464777.53,31,1.12,0,0,8.05,213589,15645394.25,0
Family,Winter,1118,228.81,167947.33,9,9.03,0,1,3.24,79691,18234097.71,1
Thriller,Summer,1065,184.0,159859.65,22,2.19,0,1,5.49,116947,21518248.0,0
Musical,Summer,983,37.31,99705.76,11,9.65,1,1,5.85,85638,3195153.78,1
Musical,Fall,1354,204.84,496242.08,29,1.64,1,0,5.01,285432,58467890.88,1
Family,Winter,1429,138.95,471569.4,28,3.14,0,0,1.62,307376,42709895.2,1
Drama,Spring,278,126.85,177969.02,11,7.21,0,1,2.97,18735,2376534.75,0
Experimental,Fall,446,119.62,133702.66,8,2.24,0,0,8.33,13411,1604223.82,0
Musical,Summer,814,161.49,403657.92,4,2.66,1,0,1.66,20412,3296333.88,0
Family,Fall,984,188.03,214191.97,22,1.1,0,0,6.6,119466,22463191.98,0
Experimental,Fall,1993,226.59,484055.08,29,8.44,0,1,6.71,329038,74556720.42,0
Tragedy,Winter,1805,86.41,451102.28,6,1.34,0,0,9.61,79102,6835203.82,1
Musical,Winter,1367,166.92,380928.41,26,6.69,1,1,9.89,281492,46986644.64,1
Experimental,Fall,264,179.43,49512.52,24,6.24,0,1,9.51,30470,5467232.1,0
Drama,Fall,381,176.83,352553.23,16,5.6,0,0,5.87,36422,6440502.26,0
Tragedy,Winter,1023,135.93,493690.92,8,4.38,0,0,1.38,55144,7495723.92,0
Experimental,Spring,1256,112.98,189779.8,21,3.7,0,1,3.5,98577,11137229.46,0
Family,Fall,1388,196.54,441376.66,19,9.61,0,1,5.28,208866,41050523.64,1
Musical,Winter,455,92.5,207030.21,26,8.07,1,1,1.35,93693,8666602.5,1
Family,Spring,1797,71.81,485805.38,18,9.3,0,1,1.33,256180,18396285.8,1
Drama,Winter,1087,147.81,328527.73,3,7.61,0,0,3.92,25704,3799308.24,1
Family,Fall,1268,85.21,52767.74,8,8.46,0,1,4.49,80340,6845771.4,1
Thriller,Summer,270,32.48,242127.64,13,9.68,0,1,6.23,27799,902911.52,1
Comedy,Summer,1684,36.6,29615.73,16,5.08,0,0,9.4,175924,6438818.4,0
Comedy,Summer,1177,181.38,200562.48,12,9.16,0,1,4.52,111862,20289529.56,1
Musical,Winter,600,243.96,458113.7,28,1.39,1,0,1.43,88015,21472139.4,0
Experimental,Winter,773,127.3,119940.09,10,1.97,0,0,5.86,26687,3397255.1,0
Drama,Winter,835,58.09,475531.05,22,5.41,0,0,4.22,145490,8451514.1,1
Comedy,Fall,248,209.07,54461.91,12,5.09,0,1,9.11,20969,4383988.83,1
Tragedy,Spring,1895,83.82,334081.72,31,4.94,0,0,4.88,410338,34394531.16,0
Thriller,Winter,1645,249.02,483014.35,29,5.83,0,1,3.9,361288,89967937.76,1
Tragedy,Spring,1794,151.73,328806.02,25,5.85,0,1,7.51,295274,44801924.02,0
Tragedy,Spring,836,77.34,450006.96,24,8.84,0,1,5.44,158906,12289790.04,1
Thriller,Spring,1204,136.6,495560.08,21,4.11,0,1,6.0,200249,27354013.4,1
Experimental,Winter,1024,100.46,322712.5,19,3.85,0,0,2.37,82986,8336773.56,0
Comedy,Summer,1055,200.38,392220.6,18,7.32,0,1,4.38,150400,30137152.0,1
Family,Spring,1260,48.81,20832.67,2,6.84,0,0,1.42,15708,766707.48,0
Family,Spring,1011,217.83,216518.64,30,8.47,0,0,7.79,240213,52325597.79,1
Experimental,Summer,1591,197.65,147691.35,31,3.78,0,0,3.21,61565,12168322.25,0
Experimental,Fall,305,218.81,412971.74,17,1.06,0,0,2.08,16035,3508618.35,0
Family,Winter,546,226.37,340401.12,28,9.5,0,1,6.31,121080,27408879.6,1
Drama,Fall,1806,76.7,309135.04,14,1.4,0,0,6.21,159233,12213171.1,0
Family,Fall,1788,142.23,466121.55,5,7.12,0,1,3.84,70804,10070452.92,1
Family,Winter,1672,216.23,48989.56,27,3.9,0,0,9.66,251945,54478067.35,0
Comedy,Winter,863,109.91,477151.43,17,4.81,0,0,6.72,116194,12770882.54,1
Thriller,Summer,1021,38.59,54878.53,30,8.54,0,1,9.34,242589,9361509.51,1
Drama,Winter,245,90.62,176773.69,8,4.78,0,0,3.71,13669,1238684.78,0
Tragedy,Fall,702,79.43,316985.46,16,2.3,0,0,5.97,47414,3766094.02,0
Family,Winter,1507,220.76,174030.72,22,7.79,0,0,4.72,257459,56836648.84,1
Drama,Spring,817,129.37,342855.46,6,1.18,0,0,4.72,31759,4108661.83,0
Comedy,Spring,1064,178.8,388832.22,31,3.47,0,0,1.43,164257,29369151.6,0
Family,Winter,421,241.48,415110.39,20,5.84,0,0,2.98,61702,14899798.96,1
Tragedy,Fall,1093,92.32,93775.13,7,4.94,0,1,8.82,51742,4776821.44,0
Experimental,Spring,1499,196.27,95127.96,24,6.58,0,0,8.65,148185,29084269.95,0
Musical,Winter,1229,30.12,30895.44,28,4.43,1,0,1.95,272247,8200079.64,1
Family,Spring,1202,48.43,247971.66,13,4.52,0,0,1.16,115703,5603496.29,1
Family,Fall,1846,61.42,73079.14,20,4.14,0,0,1.92,185326,11382722.92,0
Experimental,Spring,621,95.29,162705.51,24,8.99,0,1,6.75,92994,8861398.26,0
Drama,Spring,739,115.67,421014.99,6,1.16,0,0,3.16,26163,3026274.21,0
Experimental,Winter,1321,132.33,474586.18,17,9.46,0,1,7.86,177859,23536081.47,1
Comedy,Winter,1064,80.2,411927.59,18,4.22,0,0,1.05,144207,11565401.4,1
Comedy,Spring,1962,39.9,5320.95,11,4.28,0,1,7.44,149750,5975025.0,0
Comedy,Spring,307,177.44,286172.0,10,7.53,0,0,8.98,24314,4314276.16,1
Thriller,Fall,420,30.32,87496.76,20,4.49,0,0,1.4,53542,1623393.44,0
Thriller,Spring,815,207.13,190994.72,24,6.55,0,0,8.81,136198,28210691.74,0
Tragedy,Fall,1025,234.06,216819.88,13,9.13,0,0,9.26,73365,17171811.9,0
Musical,Winter,1802,184.83,471755.68,6,8.62,1,1,5.82,85631,15827177.73,1
Experimental,Winter,1089,159.09,318700.67,25,5.64,0,0,3.56,158564,25225946.76,0
Drama,Spring,986,172.83,137489.25,7,7.45,0,1,6.07,42946,7422357.18,0
Musical,Spring,500,171.75,323183.45,2,4.53,1,0,3.8,7565,1299288.75,1
Thriller,Fall,981,234.63,476173.41,11,7.98,0,1,9.4,85464,20052418.32,1
Comedy,Spring,1156,241.97,34283.77,26,2.53,0,1,5.89,124996,30245282.12,0
Thriller,Fall,1250,121.01,408913.9,24,1.41,0,0,8.19,203811,24663169.11,0
Experimental,Summer,1290,163.84,112364.29,11,5.87,0,1,6.49,47125,7720960.0,0
Musical,Fall,973,205.63,80788.44,17,2.94,1,0,3.6,65521,13473083.23,0
Drama,Spring,483,25.23,449939.12,30,7.56,0,1,5.5,114760,2895394.8,1
Tragedy,Winter,474,143.58,5915.48,23,1.91,0,0,8.92,38629,5546351.82,0
Family,Fall,478,171.9,371837.44,24,1.08,0,0,4.45,73316,12603020.4,0
Thriller,Spring,1313,186.37,48178.06,4,7.08,0,1,4.07,33725,6285328.25,0
Comedy,Summer,1741,107.98,310907.67,9,5.51,0,0,9.61,121299,13097866.02,1
Thriller,Spring,1789,91.52,312343.97,5,9.57,0,1,4.01,70844,6483642.88,1
Experimental,Summer,760,65.98,432074.14,31,3.23,0,1,8.74,128934,8507065.32,0
Tragedy,Summer,343,150.51,412190.22,12,2.11,0,0,2.6,14982,2254940.82,0
Experimental,Spring,1334,231.84,344156.35,16,1.21,0,0,8.13,52205,12103207.2,0
Family,Fall,269,226.6,193371.06,18,5.0,0,0,6.54,31423,7120451.8,0
Comedy,Fall,1328,105.99,87370.84,17,1.91,0,0,2.08,99609,10557557.91,0
Drama,Spring,889,83.02,319663.05,3,7.98,0,1,1.58,21122,1753548.44,1
Family,Spring,1710,202.48,251000.05,29,1.65,0,0,3.68,178116,36064927.68,0
Drama,Spring,1325,188.12,43581.42,13,9.29,0,1,6.92,106474,20029888.88,0
Comedy,Fall,1531,138.7,478003.14,29,5.87,0,0,4.24,351640,48772468.0,1
Drama,Summer,930,112.53,160637.66,24,7.27,0,1,3.44,136599,15371485.47,0
Thriller,Spring,1713,52.85,6059.68,22,2.18,0,0,6.24,186438,9853248.3,0
Comedy,Spring,1145,201.66,451336.7,23,1.81,0,0,9.57,192154,38749775.64,1
Thriller,Winter,1325,163.93,290640.19,31,4.18,0,1,2.1,258484,42373282.12,0
Experimental,Summer,849,109.8,367865.03,11,5.68,0,0,6.8,39510,4338198.0,0
Family,Fall,1009,231.73,80569.79,11,6.18,0,1,9.21,78360,18158362.8,1
Experimental,Summer,1712,173.43,205279.81,22,3.97,0,0,5.87,122207,21194360.01,0
Musical,Spring,908,234.08,324305.31,8,3.45,1,0,9.68,51433,12039436.64,1
Tragedy,Summer,238,131.74,129227.53,26,9.83,0,0,6.38,29984,3950092.16,0
Drama,Spring,882,127.29,352241.98,2,3.45,0,0,7.05,10751,1368494.79,0
Experimental,Fall,905,235.88,120639.39,28,2.24,0,1,8.12,71390,16839473.2,0
Thriller,Summer,953,240.95,108518.27,12,4.24,0,0,2.8,30324,7306567.8,0
Comedy,Summer,327,241.17,10754.2,2,3.73,0,1,6.04,2167,522615.39,0
Tragedy,Spring,432,209.25,144543.84,20,4.8,0,1,6.53,37024,7747272.0,0
Thriller,Winter,783,129.04,127134.71,10,6.61,0,0,2.08,50536,6521165.44,0
Tragedy,Spring,963,72.32,383356.5,11,6.43,0,0,5.1,69360,5016115.2,0
Tragedy,Fall,252,111.27,287006.4,16,7.28,0,1,7.94,27829,3096532.83,0
Musical,Winter,901,236.12,93023.12,19,2.41,1,0,1.37,33294,7861379.28,0
Tragedy,Fall,776,106.8,286223.1,6,1.41,0,0,4.72,25596,2733652.8,0
Comedy,Fall,262,195.26,116594.58,3,8.12,0,1,2.31,5721,1117082.46,1
Family,Winter,650,232.68,215623.63,15,2.95,0,1,2.58,54815,12754354.2,0
Experimental,Spring,695,243.34,444662.99,12,3.84,0,1,5.61,40950,9964773.0,0
Family,Winter,458,238.23,361031.83,19,5.1,0,0,1.27,55577,13240108.71,0
Musical,Fall,1553,149.89,327294.51,24,7.45,1,1,4.82,295194,44246628.66,1
Family,Summer,330,135.67,144334.31,20,2.47,0,0,1.23,22260,3020014.2,0
Comedy,Summer,1240,247.22,66667.92,5,9.12,0,1,9.33,46785,11566187.7,1
Comedy,Fall,1397,74.09,377709.75,31,3.89,0,0,8.95,342991,25412203.19,1
Experimental,Winter,1651,67.19,286105.74,23,9.84,0,1,2.9,244337,16417003.03,0
Experimental,Fall,1182,241.72,313266.28,3,3.57,0,1,1.59,11890,2874050.8,0
Musical,Spring,1176,180.07,487681.09,24,7.53,1,1,3.26,223534,40251767.38,1
Comedy,Summer,1569,145.67,177418.86,28,4.39,0,1,1.26,248285,36167675.95,0
Family,Fall,1737,54.71,401370.03,19,8.53,0,1,7.61,261383,14300263.93,1
Tragedy,Summer,579,140.48,281683.64,26,5.16,0,1,6.17,77088,10829322.24,0
Drama,Winter,1632,237.45,121453.67,28,8.83,0,0,5.89,261739,62149925.55,0
Tragedy,Fall,1032,160.65,31179.72,30,7.79,0,1,8.67,187846,30177459.9,0
Experimental,Spring,376,116.04,309925.39,30,6.27,0,1,8.28,60725,7046529.0,0
Drama,Fall,1302,149.0,152319.99,7,3.25,0,0,4.68,48833,7276117.0,0
Family,Spring,1958,224.38,349261.78,3,3.34,0,0,6.49,36893,8278051.34,0
Family,Summer,453,230.39,351859.95,21,9.92,0,0,4.98,75342,17358043.38,1
Experimental,Summer,226,115.02,230452.93,22,9.33,0,1,6.62,22787,2620960.74,0
Comedy,Winter,1849,161.81,270516.57,19,2.25,0,0,2.36,201315,32574780.15,0
Drama,Winter,1274,87.82,315140.69,9,2.84,0,0,3.7,69155,6073192.1,0
Tragedy,Summer,594,126.49,236959.45,30,1.96,0,0,3.27,56598,7159081.02,0
Tragedy,Fall,1626,74.47,439298.45,14,2.81,0,1,2.51,158508,11804090.76,0
Comedy,Fall,908,144.58,42587.61,24,3.61,0,0,4.72,101416,14662725.28,0
Family,Fall,797,155.1,490009.99,20,8.54,0,0,7.54,126244,19580444.4,1
Family,Fall,721,101.01,21558.2,28,1.86,0,0,4.56,100353,10136656.53,0
Drama,Winter,1277,86.23,108007.7,23,8.94,0,0,9.84,232618,20058650.14,1
Family,Winter,442,58.98,355612.39,21,9.75,0,1,3.72,73513,4335796.74,1
Drama,Winter,851,56.4,47055.33,27,3.54,0,1,9.53,167155,9427542.0,1
Comedy,Spring,749,185.08,134775.51,3,5.11,0,1,2.74,13678,2531524.24,0
Musical,Summer,309,74.87,81218.46,23,5.76,1,1,3.89,52518,3932022.66,1
Comedy,Summer,1573,51.54,363167.92,19,2.85,0,0,2.48,206149,10624919.46,0
Experimental,Fall,215,249.75,291572.03,25,7.58,0,0,3.14,20583,5140604.25,0
Tragedy,Fall,1927,83.48,36916.91,8,6.22,0,0,2.41,68504,5718713.92,0
Thriller,Fall,370,226.61,232766.45,19,2.01,0,0,6.62,34738,7871978.18,0
Musical,Summer,844,162.07,108208.95,10,9.06,1,1,2.81,55925,9063764.75,0
Thriller,Summer,377,185.89,484010.81,5,3.72,0,0,1.77,10315,1917455.35,0
Comedy,Summer,860,151.21,58419.38,19,2.41,0,1,3.4,64689,9781623.69,0
Family,Winter,1299,65.68,301037.31,2,9.84,0,1,7.11,20576,1351431.68,1
Experimental,Summer,357,215.59,243514.38,4,1.93,0,1,4.86,3535,762110.65,0
Tragedy,Spring,1146,211.29,291151.83,17,1.54,0,0,2.41,53162,11232598.98,0
Musical,Winter,1589,103.68,478463.96,28,3.14,1,0,1.57,352376,36534343.68,1
Tragedy,Spring,1019,196.87,173934.53,23,3.87,0,0,7.56,98315,19355274.05,0
Musical,Fall,402,147.18,375639.35,2,4.9,1,1,7.34,6367,937095.06,1
Tragedy,Winter,1445,229.54,226495.91,5,7.17,0,0,5.15,33940,7790587.6,0
Musical,Summer,535,205.64,332077.0,14,4.29,1,1,5.75,59320,12198564.8,1
Thriller,Summer,230,34.22,186000.49,14,6.03,0,0,3.16,19742,675571.24,0
Comedy,Summer,986,222.84,117425.49,3,1.05,0,0,5.37,5852,1304059.68,0
Drama,Spring,687,242.93,46390.1,9,4.46,0,0,7.56,21309,5176595.37,0
Musical,Spring,251,191.99,55366.87,5,9.5,1,1,7.94,9939,1908188.61,1
Experimental,Spring,1599,51.98,479918.01,19,7.97,0,1,4.06,157757,8200208.86,0
Family,Summer,1279,206.66,395286.03,21,7.67,0,1,7.11,212723,43961335.18,1
Family,Fall,1837,170.69,126254.83,13,3.74,0,0,5.38,129748,22146686.12,0
Musical,Spring,1064,101.24,266927.88,19,5.39,1,0,7.65,160110,16209536.4,1
Comedy,Winter,989,223.91,358545.2,8,8.6,0,1,7.22,62663,14030872.33,1
Experimental,Fall,1716,152.25,179506.26,27,8.92,0,1,7.75,276203,42051906.75,0
Thriller,Spring,346,216.91,222794.09,2,7.39,0,1,2.48,4496,975227.36,0
Musical,Winter,851,175.78,360599.05,17,5.11,1,0,3.9,114578,20140520.84,1
Musical,Spring,1637,89.92,117589.89,11,1.66,1,0,3.38,87094,7831492.48,0
Drama,Fall,726,244.38,265540.46,15,2.07,0,0,5.02,43169,10549640.22,0
Experimental,Summer,1793,153.48,108993.64,17,1.0,0,0,5.18,70699,10850882.52,0
Drama,Fall,711,141.27,6523.41,21,4.23,0,0,7.01,72736,10275414.72,0
Experimental,Winter,944,115.79,346680.55,29,1.21,0,0,6.13,110111,12749752.69,0
Thriller,Winter,1815,55.68,355096.11,18,4.92,0,0,6.22,258746,14406977.28,1
Experimental,Summer,638,179.4,497882.74,8,6.38,0,1,6.7,26887,4823527.8,0
Family,Fall,1942,121.93,94602.64,17,6.36,0,0,3.46,231212,28191679.16,0
Comedy,Winter,279,235.29,371092.26,17,6.0,0,1,3.04,37564,8838433.56,1
Family,Fall,678,242.15,474243.88,27,3.04,0,1,2.94,144983,35107633.45,1
Drama,Winter,1263,197.72,324067.27,18,5.67,0,1,8.02,180053,35600079.16,1
Comedy,Summer,1269,79.56,481754.58,28,9.82,0,1,1.88,281413,22389218.28,1
Drama,Summer,1837,186.1,497248.29,21,5.0,0,0,3.84,249143,46365512.3,0
Musical,Fall,1927,29.59,401804.08,19,8.87,1,1,3.52,289974,8580330.66,1
Musical,Winter,1420,210.94,499646.52,11,4.43,1,0,6.33,123710,26095387.4,1
Drama,Winter,1387,136.06,314783.11,9,6.61,0,1,9.32,98865,13451571.9,1
Musical,Fall,771,235.77,251042.57,4,5.34,1,1,8.91,24425,5758682.25,1
Comedy,Fall,1650,110.0,459229.95,18,7.2,0,0,1.95,235224,25874640.0,1
Musical,Fall,1357,84.21,416323.14,29,9.08,1,1,5.86,311675,26246151.75,1
Musical,Summer,243,248.89,59505.48,2,4.97,1,1,1.33,2270,564980.3,0
Experimental,Summer,1697,144.4,154847.71,30,7.82,0,0,8.13,221430,31974492.0,0
Musical,Summer,847,219.22,134019.33,27,8.94,1,0,4.37,120389,26391676.58,0
Musical,Winter,1056,229.99,428354.52,15,8.11,1,1,2.93,125452,28852705.48,1
Musical,Fall,1074,141.66,120456.45,11,1.22,1,0,5.36,64294,9107888.04,0
Musical,Winter,1675,127.54,155502.16,19,1.0,1,0,4.92,195847,24978326.38,0
Tragedy,Spring,682,149.4,261800.38,27,8.95,0,1,9.49,133680,19971792.0,1
Family,Winter,905,215.74,42679.15,2,7.56,0,1,1.3,10748,2318773.52,0
Family,Fall,270,242.05,480808.67,15,9.62,0,1,9.55,32076,7763995.8,1
Thriller,Winter,827,98.87,248076.07,3,3.63,0,1,3.11,19649,1942696.63,1
Musical,Summer,359,191.19,99264.69,21,8.09,1,0,2.31,40636,7769196.84,0
Family,Summer,1249,89.21,139056.27,4,8.21,0,0,7.68,39568,3529861.28,1
Musical,Spring,1807,162.46,400051.45,11,8.72,1,1,5.7,157425,25575265.5,1
Thriller,Winter,1036,206.08,318833.21,24,7.23,0,0,9.06,186174,38366737.92,1
Comedy,Fall,1841,224.46,234989.88,24,2.24,0,0,5.88,216737,48648787.02,0
Experimental,Winter,1958,125.96,169142.68,8,7.13,0,1,5.55,84784,10679392.64,0
Comedy,Spring,296,108.2,450838.76,17,6.44,0,0,2.86,39853,4312094.6,1
Thriller,Spring,1129,82.03,387419.45,7,4.0,0,0,9.55,62591,5134339.73,1
Tragedy,Winter,1150,55.02,360465.46,19,2.88,0,1,6.98,155111,8534207.22,1
Tragedy,Spring,893,107.11,225770.25,2,8.97,0,1,6.41,12667,1356762.37,1
Experimental,Fall,1694,221.2,490674.27,26,2.28,0,0,8.11,185438,41018885.6,0
Thriller,Summer,910,119.23,356484.8,2,4.8,0,0,1.91,12524,1493236.52,0
Comedy,Winter,299,96.39,214694.24,20,6.61,0,1,8.8,47361,4565126.79,1
Tragedy,Winter,1186,191.3,480473.26,14,9.75,0,1,5.5,131503,25156523.9,1
Thriller,Winter,563,73.51,448383.87,8,7.04,0,0,8.22,35671,2622175.21,1
Comedy,Summer,838,82.66,371282.77,18,3.74,0,0,7.41,109413,9044078.58,1
Drama,Fall,1103,235.58,384663.08,6,1.55,0,0,5.06,31028,7309576.24,0
Tragedy,Fall,1501,43.36,214695.61,19,3.86,0,0,7.93,161544,7004547.84,0
Musical,Winter,700,118.29,256138.5,21,3.64,1,0,7.49,116424,13771794.96,1
Drama,Spring,885,154.77,99815.93,15,8.37,0,1,1.03,71349,11042684.73,0
Comedy,Winter,322,76.81,299721.14,12,4.39,0,0,7.38,30602,2350539.62,1
Family,Summer,891,88.23,188108.69,15,1.89,0,1,5.58,83832,7396497.36,0
Family,Spring,1244,74.92,176981.97,30,8.83,0,1,8.56,295574,22144404.08,1
Drama,Fall,1310,102.67,474372.96,24,1.16,0,0,8.29,234450,24070981.5,1
Comedy,Winter,727,227.16,86567.8,2,1.03,0,0,2.54,2780,631504.8,0
Drama,Spring,309,122.11,415836.92,10,5.27,0,0,1.2,20317,2480908.87,0
Family,Spring,1239,119.01,144326.94,2,1.62,0,1,2.77,15410,1833944.1,0
Drama,Winter,1379,111.98,19184.54,9,2.59,0,0,7.67,68153,7631772.94,0
Family,Winter,353,241.93,25029.22,25,9.87,0,1,8.84,69894,16909455.42,1
Family,Spring,1108,51.39,217442.86,27,8.6,0,1,7.31,236934,12176038.26,1
Thriller,Winter,371,221.17,229958.15,15,7.88,0,1,8.39,43729,9671542.93,1
Comedy,Winter,1015,98.61,163524.31,22,7.04,0,0,6.29,176853,17439474.33,1
Experimental,Winter,1353,240.22,336045.9,13,1.43,0,0,5.56,57765,13876308.3,0
Thriller,Spring,1494,95.93,245244.68,16,8.52,0,1,9.73,189319,18161371.67,1
Thriller,Fall,1484,43.65,41685.97,26,5.24,0,0,1.73,191596,8363165.4,0
Family,Winter,1564,142.01,177295.24,10,1.88,0,0,4.79,94992,13489813.92,0
Experimental,Winter,634,76.27,55471.55,11,3.71,0,0,3.5,21346,1628059.42,0
Musical,Fall,1723,194.42,36143.27,6,5.52,1,0,2.1,45532,8852331.44,0
Experimental,Spring,829,172.89,108111.78,8,1.12,0,0,6.45,19507,3372565.23,0
Family,Spring,874,179.46,351784.85,3,3.27,0,0,3.37,16880,3029284.8,0
Drama,Summer,1617,68.54,349520.81,26,4.02,0,1,5.17,300831,20618956.74,1
Comedy,Spring,788,184.44,431387.62,27,5.17,0,1,2.23,150818,27816871.92,1
Family,Spring,334,95.05,379427.55,14,1.02,0,0,4.51,30228,2873171.4,0
Drama,Spring,1485,249.7,270070.37,19,6.09,0,1,2.8,155696,38877291.2,0
Tragedy,Winter,1391,189.65,159742.98,9,2.78,0,0,9.07,58495,11093576.75,0
Thriller,Fall,1247,157.84,7876.69,3,6.38,0,1,5.7,22831,3603645.04,0
Thriller,Fall,457,220.1,325333.05,17,3.15,0,0,8.2,44286,9747348.6,0
Experimental,Winter,1337,157.6,148408.03,6,4.62,0,0,5.37,27497,4333527.2,0
Musical,Summer,557,149.37,128799.55,27,6.61,1,1,1.38,100193,14965828.41,0
Comedy,Summer,1199,78.4,487538.64,10,6.91,0,0,7.25,94960,7444864.0,1
Experimental,Spring,1114,177.58,91248.9,24,1.28,0,0,1.43,45857,8143286.06,0
Tragedy,Summer,1590,109.29,21055.2,9,5.82,0,0,4.56,43725,4778705.25,0
Drama,Spring,1957,34.69,474948.25,5,8.35,0,1,5.92,77497,2688370.93,1
Comedy,Fall,542,208.61,156473.33,18,2.86,0,0,8.02,51799,10805789.39,0
Comedy,Winter,406,36.67,199742.93,7,5.79,0,1,9.09,22508,825368.36,1
Tragedy,Fall,1200,176.27,45062.78,13,5.03,0,1,2.84,63659,11221171.93,0
Drama,Summer,1913,60.26,205012.28,10,8.65,0,1,6.97,142576,8591629.76,1
Thriller,Fall,484,122.33,486249.54,28,4.95,0,1,5.23,107331,13129801.23,1
Tragedy,Winter,1077,218.3,348539.76,17,9.49,0,1,7.91,140237,30613737.1,1
Thriller,Summer,933,46.24,239543.3,23,6.87,0,0,9.46,151038,6983997.12,0
Drama,Summer,772,175.11,157198.46,19,6.05,0,0,5.8,76820,13451950.2,0
Thriller,Fall,1395,162.84,186191.76,29,3.63,0,1,3.58,211078,34371941.52,0
Experimental,Spring,731,220.19,307557.93,15,6.37,0,1,8.19,64911,14292753.09,0
Musical,Winter,1087,63.87,130952.78,27,2.18,1,0,5.74,206559,13192923.33,0
Comedy,Summer,1721,204.95,80214.03,28,4.75,0,0,8.94,245468,50308666.6,0
Thriller,Summer,883,126.28,349633.19,29,3.56,0,0,6.09,146137,18454180.36,0
Thriller,Fall,237,121.44,435387.54,22,7.03,0,1,9.43,41294,5014743.36,1
Thriller,Spring,1792,106.4,451261.76,31,7.88,0,0,1.16,439971,46812914.4,1
Tragedy,Spring,694,111.75,421502.17,24,9.36,0,1,7.65,131915,14741501.25,1
Thriller,Spring,1591,141.99,267646.84,11,3.0,0,0,4.12,102154,14504846.46,0
Thriller,Summer,1573,49.03,395471.33,6,8.96,0,1,7.02,74748,3664894.44,1
Musical,Fall,1147,120.64,463546.09,8,8.61,1,1,9.48,72673,8767270.72,1
Family,Spring,358,171.7,16564.48,19,8.76,0,0,6.89,43382,7448689.4,0
Tragedy,Summer,1910,137.09,208988.62,6,7.66,0,0,7.7,64393,8827636.37,0
Musical,Winter,1425,62.31,106042.11,9,3.41,1,1,2.42,101256,6309261.36,1
Comedy,Winter,963,106.69,498400.55,20,8.9,0,1,2.53,152539,16274385.91,1
Tragedy,Spring,1737,124.67,465135.17,11,6.4,0,0,6.16,130435,16261331.45,0
Musical,Fall,1618,175.5,402082.05,22,7.67,1,1,4.88,281920,49476960.0,1
Experimental,Spring,1568,227.67,151460.5,31,2.85,0,0,2.0,101326,23068890.42,0
Drama,Fall,502,148.83,476290.62,4,2.42,0,0,7.56,15103,2247779.49,1
Comedy,Winter,1339,177.18,19478.97,21,3.49,0,0,7.29,126874,22479535.32,0
Tragedy,Winter,714,42.37,98079.65,26,5.6,0,1,1.82,94875,4019853.75,0
Family,Spring,341,239.76,310352.51,6,4.75,0,0,1.44,11389,2730626.64,0
Family,Summer,808,95.92,397538.32,25,8.99,0,1,4.41,159984,15345665.28,1
Family,Winter,387,104.72,442397.27,17,1.12,0,0,6.7,52105,5456435.6,1
Drama,Winter,390,75.14,153751.76,20,1.72,0,0,9.04,51956,3903973.84,0
Family,Summer,1508,44.05,198448.28,3,3.93,0,1,4.91,31459,1385768.95,0
Family,Spring,1103,202.76,230139.56,15,2.51,0,0,1.76,64886,13156285.36,0
Tragedy,Summer,916,79.11,18352.04,13,4.66,0,1,8.56,59034,4670179.74,0
Tragedy,Fall,546,88.6,432664.78,6,7.46,0,1,2.12,22113,1959211.8,0
Musical,Summer,1587,65.9,172284.47,24,9.94,1,1,6.74,301656,19879130.4,1
Family,Winter,1341,244.35,103642.83,17,2.82,0,0,4.72,88482,21620576.7,0
Experimental,Winter,1254,200.73,207552.55,28,3.39,0,0,9.19,124759,25042874.07,0
Tragedy,Winter,542,234.23,356728.87,6,7.92,0,0,7.34,19727,4620655.21,0
Tragedy,Spring,422,218.89,436103.21,23,3.45,0,0,1.0,36983,8095208.87,0
Tragedy,Winter,422,228.92,111611.35,20,7.33,0,1,4.35,35820,8199914.4,0
Musical,Winter,245,132.78,90443.42,21,6.25,1,1,2.62,40748,5410519.44,1
Thriller,Summer,1944,63.37,472172.57,11,8.69,0,1,3.55,169361,10732406.57,1
Family,Fall,861,98.55,277692.04,22,1.3,0,0,4.59,119988,11824817.4,0
Experimental,Winter,1384,90.8,186057.15,9,9.82,0,1,5.87,76307,6928675.6,0
Experimental,Winter,1968,186.36,103663.13,24,9.68,0,1,8.19,251792,46923957.12,0
Tragedy,Fall,1885,30.78,497647.67,15,1.2,0,0,1.78,181706,5592910.68,0
Experimental,Spring,777,56.96,360996.22,16,5.5,0,1,4.97,71395,4066659.2,0
Tragedy,Fall,1081,178.65,112853.23,19,4.61,0,1,8.66,87388,15611866.2,0
Thriller,Fall,1033,52.77,50173.43,4,3.29,0,0,4.89,20443,1078777.11,0
Thriller,Spring,260,35.87,103644.76,13,9.8,0,1,5.67,26769,960204.03,1
Experimental,Winter,1582,49.57,127632.59,8,2.57,0,0,8.01,52090,2582101.3,0
Family,Spring,1233,180.4,59987.4,30,3.37,0,1,7.42,216464,39050105.6,0
Musical,Winter,868,56.35,118677.43,14,1.07,1,0,5.59,95840,5400584.0,1
Musical,Fall,1204,57.92,62805.95,2,6.22,1,0,9.7,19071,1104592.32,1
Comedy,Summer,1523,76.82,191977.19,2,8.75,0,1,1.33,20645,1585948.9,0
Tragedy,Spring,226,193.95,245666.65,29,6.6,0,1,1.49,36228,7026420.6,0
Thriller,Spring,1362,70.08,230366.06,6,6.86,0,0,4.85,61497,4309709.76,1
Tragedy,Fall,1750,32.96,415458.98,2,1.6,0,1,2.42,23287,767539.52,0
Tragedy,Summer,1507,228.82,130727.72,8,7.43,0,0,2.95,41694,9540421.08,0
Experimental,Winter,1315,222.17,444111.44,8,4.68,0,0,2.35,47421,10535523.57,0
Comedy,Spring,362,66.58,454520.8,4,5.26,0,0,7.23,11468,763539.44,1
Tragedy,Winter,1540,84.7,480100.86,31,6.27,0,0,4.79,331498,28077880.6,0
Tragedy,Winter,1551,67.43,94586.7,3,9.78,0,0,8.51,34659,2337056.37,1
Tragedy,Spring,1089,186.9,126646.82,23,7.73,0,0,3.25,88402,16522333.8,0
Experimental,Fall,1248,81.25,313796.98,27,7.16,0,1,6.61,240107,19508693.75,1
Experimental,Winter,1313,234.58,74741.36,21,4.89,0,1,2.92,75840,17790547.2,0
Tragedy,Summer,418,211.22,47382.56,5,1.31,0,0,1.13,2670,563957.4,0
Tragedy,Spring,663,157.39,41480.12,23,5.85,0,0,7.2,58954,9278770.06,0
Thriller,Winter,1626,27.01,305044.07,11,6.95,0,1,2.31,141657,3826155.57,1
Drama,Summer,1952,223.83,403315.68,14,7.34,0,1,7.24,198139,44349452.37,1
Comedy,Spring,686,188.75,133148.4,9,6.47,0,1,7.22,42211,7967326.25,0
Drama,Winter,921,202.28,467099.27,25,3.7,0,0,7.01,167207,33822631.96,1
Drama,Fall,1847,41.16,397008.08,19,2.99,0,1,6.33,277936,11439845.76,1
Musical,Spring,492,184.43,43342.9,6,1.81,1,0,8.96,14337,2644172.91,0
Thriller,Summer,670,206.03,206615.05,14,7.33,0,1,1.68,46799,9641997.97,0
Musical,Spring,300,240.24,38667.36,25,9.74,1,0,9.39,59400,14270256.0,1
Thriller,Winter,622,155.61,458021.11,30,5.73,0,0,1.59,147787,22997135.07,1
Tragedy,Spring,1345,139.31,372687.06,30,7.06,0,0,5.46,263725,36739529.75,0
Comedy,Winter,826,120.71,344839.84,6,7.23,0,0,9.31,39251,4737988.21,1
Family,Fall,1970,182.79,342937.41,27,2.45,0,1,3.42,382390,69897068.1,1
Tragedy,Fall,1804,232.18,146165.34,18,2.73,0,0,8.54,109739,25479201.02,0
Family,Winter,1812,159.94,467101.88,24,2.87,0,0,6.34,321915,51487085.1,1
Thriller,Winter,1507,76.14,461774.45,13,9.4,0,0,8.75,155160,11813882.4,1
Musical,Spring,1463,28.95,371046.96,21,1.14,1,0,1.44,243326,7044287.7,1
Drama,Spring,1117,164.3,237120.45,9,5.87,0,1,6.0,73029,11998664.7,1
Tragedy,Spring,1983,219.53,28322.29,17,4.39,0,1,2.7,104980,23046259.4,0
Experimental,Fall,371,39.84,19014.12,8,6.93,0,0,1.16,9197,366408.48,0
Drama,Fall,1501,114.45,73376.49,13,2.98,0,1,7.2,119927,13725645.15,0
Musical,Spring,452,236.51,299903.52,14,9.65,1,1,7.75,50117,11853171.67,1
Experimental,Spring,810,137.88,400059.19,27,3.98,0,0,7.63,111891,15427531.08,0
Experimental,Fall,660,74.65,474490.55,20,9.33,0,1,7.54,94267,7037031.55,1
Drama,Fall,1282,104.57,91804.23,21,6.3,0,0,8.2,170591,17838700.87,0
Comedy,Summer,1616,116.83,141386.3,10,4.73,0,0,5.23,97423,11381929.09,0
Thriller,Winter,343,51.39,31779.64,15,7.6,0,1,4.13,40748,2094039.72,1
Drama,Winter,1282,173.68,494578.35,16,5.98,0,1,7.94,162455,28215184.4,1
Comedy,Winter,599,158.24,391552.96,25,2.25,0,1,7.0,118602,18767580.48,1
Comedy,Summer,338,170.74,242953.49,7,7.34,0,0,2.8,15291,2610785.34,0
Thriller,Winter,951,162.43,289904.85,3,6.22,0,0,4.92,18552,3013401.36,0
Comedy,Fall,1246,28.75,283276.33,17,6.09,0,1,2.64,167761,4823128.75,1
Comedy,Fall,563,64.25,130908.57,26,7.64,0,0,8.01,115932,7448631.0,1
Comedy,Summer,901,62.25,96768.39,24,6.88,0,1,3.22,171262,10661059.5,1
Family,Winter,1916,47.04,152002.98,26,4.3,0,1,6.6,394542,18559255.68,1
Drama,Fall,824,190.48,127341.01,13,3.87,0,1,7.62,58452,11133936.96,0
Drama,Spring,1992,52.03,280976.4,8,3.26,0,0,9.92,120089,6248230.67,1
Drama,Winter,1701,175.34,157560.39,21,6.18,0,1,4.9,224559,39374175.06,0
Experimental,Spring,867,65.14,365827.67,3,3.7,0,0,8.85,11664,759792.96,0
Experimental,Fall,1238,51.62,286130.17,28,2.08,0,0,6.98,176263,9098696.06,0
Tragedy,Fall,1476,61.57,268470.56,23,8.04,0,0,1.08,214192,13187801.44,0
Drama,Fall,1036,139.39,475890.41,17,2.88,0,0,4.52,122705,17103849.95,0
Family,Spring,933,170.23,164592.72,7,2.48,0,0,4.55,31212,5313218.76,0
Tragedy,Summer,793,207.68,319458.58,9,8.64,0,1,2.08,42247,8773856.96,0
Family,Winter,451,53.93,5025.06,31,7.32,0,0,4.93,107801,5813707.93,1
Comedy,Spring,244,163.64,369777.21,2,7.9,0,1,2.05,3864,632304.96,1
Experimental,Fall,806,199.11,253759.24,2,4.15,0,1,8.52,8625,1717323.75,0
Family,Winter,1632,95.29,108150.55,12,6.56,0,0,4.26,129548,12344628.92,0
Drama,Winter,620,42.94,5747.73,8,9.39,0,1,2.65,38412,1649411.28,1
Family,Fall,523,60.09,354937.26,22,3.54,0,0,6.42,91127,5475821.43,1
Comedy,Summer,790,45.6,333036.85,3,1.62,0,0,8.72,17569,801146.4,1
Comedy,Fall,1278,224.62,334376.52,25,2.54,0,0,9.41,186493,41890057.66,0
Drama,Summer,587,109.76,221540.14,25,9.08,0,1,9.05,109742,12045281.92,1
Thriller,Fall,596,142.75,321452.18,8,3.53,0,0,8.94,36608,5225792.0,1
Drama,Fall,402,197.95,287810.72,19,5.42,0,1,4.13,53982,10685736.9,1
Thriller,Fall,797,108.59,123253.05,22,5.81,0,1,5.55,122915,13347339.85,0
Thriller,Spring,591,171.05,261790.18,27,9.64,0,1,4.34,121476,20778469.8,1
Family,Winter,1696,42.25,259723.43,23,3.71,0,0,9.3,308943,13052841.75,1
Experimental,Fall,1830,133.2,412693.33,30,5.69,0,0,1.84,281175,37452510.0,0
Musical,Winter,866,46.72,219577.07,5,9.62,1,1,5.99,34293,1602168.96,1
Experimental,Fall,353,80.86,220862.29,20,2.81,0,0,3.22,17159,1387476.74,0
Musical,Winter,357,91.0,492280.21,25,6.38,1,1,8.65,70686,6432426.0,1
Tragedy,Winter,784,186.46,447759.62,8,1.57,0,0,4.05,30651,5715185.46,0
Comedy,Winter,1034,176.67,124931.57,8,3.37,0,0,8.77,51409,9082428.03,0
Thriller,Fall,1151,193.09,455595.08,4,1.62,0,0,9.35,30785,5944275.65,0
Family,Fall,747,38.89,73293.49,31,3.97,0,1,2.55,171962,6687602.18,1
Experimental,Spring,838,248.63,427428.57,27,2.86,0,0,7.79,82636,20545788.68,0
Comedy,Summer,710,37.24,95745.07,5,8.19,0,1,4.15,28116,1047039.84,1
Experimental,Summer,1131,210.79,215673.66,9,5.17,0,1,4.63,30364,6400427.56,0
Comedy,Winter,1454,191.56,492041.21,15,4.65,0,0,3.47,172735,33089116.6,1
Drama,Fall,278,158.15,53039.22,28,7.23,0,1,6.55,47630,7532684.5,0
Comedy,Summer,1061,123.74,420694.97,26,9.52,0,1,4.09,218481,27034838.94,1
Tragedy,Spring,1367,195.35,249893.31,28,3.71,0,0,7.67,135343,26439255.05,0
Thriller,Fall,1410,191.47,59940.73,26,1.6,0,0,8.01,138051,26432624.97,0
Family,Summer,1214,55.87,476483.23,20,1.99,0,1,4.56,192297,10743633.39,1
Drama,Spring,1145,203.34,276869.53,10,8.71,0,1,1.04,71616,14562397.44,0
Comedy,Summer,1425,42.68,440917.31,20,8.61,0,1,1.59,225720,9633729.6,1
Experimental,Winter,881,137.62,435207.94,16,5.28,0,1,3.46,88738,12212123.56,0
Tragedy,Spring,1221,170.14,12244.12,30,2.33,0,0,9.58,141045,23997396.3,0
Drama,Summer,775,209.88,136096.15,15,5.74,0,0,4.54,55813,11714032.44,0
Experimental,Fall,988,129.2,171776.18,24,7.02,0,1,7.7,151749,19605970.8,0
Tragedy,Spring,423,78.29,269757.7,7,3.99,0,0,9.42,18111,1417910.19,0
Experimental,Spring,830,135.4,40573.67,22,1.74,0,0,4.08,31079,4208096.6,0
Experimental,Winter,455,81.3,197538.61,15,3.9,0,0,6.05,29140,2369082.0,0
Experimental,Fall,607,143.96,408245.87,15,7.22,0,1,8.67,61287,8822876.52,0
Thriller,Spring,955,129.06,90729.6,24,9.81,0,1,6.53,181526,23427745.56,1
Family,Spring,1100,200.61,352131.85,16,2.71,0,0,2.01,84977,17047235.97,0
Experimental,Summer,1895,79.02,232863.06,3,9.23,0,1,7.93,32928,2601970.56,0
Drama,Fall,246,70.0,39999.03,13,5.11,0,0,9.14,19433,1360310.0,0
Musical,Fall,1817,131.69,92800.16,30,6.97,1,0,7.92,431719,56853075.11,1
Comedy,Spring,790,36.36,74810.21,30,8.77,0,1,7.77,187704,6824917.44,1
Thriller,Fall,1503,76.6,311760.33,20,6.02,0,0,7.8,238075,18236545.0,1
Tragedy,Winter,1420,104.58,48225.58,21,1.55,0,1,6.51,164936,17249006.88,0
Musical,Spring,1947,134.72,412408.16,9,3.39,1,0,3.23,138782,18696711.04,1
Tragedy,Spring,395,85.62,404296.27,25,8.23,0,1,9.2,78210,6696340.2,1
Drama,Winter,1940,151.14,44630.69,19,5.98,0,0,2.16,155287,23470077.18,0
Tragedy,Fall,313,222.64,444657.61,3,3.96,0,0,8.45,5228,1163961.92,0
Thriller,Winter,1779,147.34,479784.61,30,6.25,0,0,4.23,422690,62279144.6,1
Thriller,Summer,1373,89.54,26516.71,27,3.42,0,0,7.06,175107,15679080.78,0
Comedy,Summer,1067,38.95,475413.14,4,3.17,0,1,8.25,33802,1316587.9,1
Comedy,Spring,915,55.75,143333.77,14,8.46,0,1,8.19,101455,5656116.25,1
Thriller,Spring,368,151.27,334057.16,24,4.6,0,1,2.45,58649,8871834.23,0
Family,Summer,1643,178.83,91533.79,24,3.47,0,1,6.5,191286,34207675.38,0
Family,Spring,1510,36.18,409640.65,7,4.68,0,0,2.93,83714,3028772.52,1
Comedy,Winter,1887,66.75,421747.1,3,9.29,0,1,2.01,44835,2992736.25,1
Comedy,Fall,1514,96.79,489279.0,31,2.63,0,0,5.62,371717,35978488.43,1
Comedy,Winter,1922,96.95,496304.06,28,2.67,0,0,9.89,426222,41322222.9,1
Tragedy,Fall,1796,240.64,42549.57,24,4.18,0,0,9.83,162110,39010150.4,0
Musical,Summer,966,70.85,330691.98,21,1.54,1,0,6.16,136957,9703403.45,0
Tragedy,Fall,1466,39.07,140157.86,22,1.67,0,0,7.95,161521,6310625.47,0
Drama,Spring,675,104.43,67161.0,15,1.1,0,0,3.25,36255,3786109.65,0
Tragedy,Winter,1631,55.25,78653.73,22,2.32,0,0,3.02,174414,9636373.5,0
Family,Fall,1295,53.48,468536.43,11,6.76,0,1,7.36,112820,6033613.6,1
Experimental,Spring,992,116.68,343406.37,4,2.77,0,1,8.07,20433,2384122.44,0
Tragedy,Fall,1330,93.94,29978.17,11,4.4,0,0,7.68,61943,5818925.42,0
Musical,Fall,698,45.64,492193.89,10,7.35,1,1,1.94,55281,2523024.84,1
Drama,Spring,1320,160.97,404867.06,11,1.29,0,0,4.21,73150,11774955.5,0
Musical,Spring,1054,137.88,158043.76,16,2.88,1,0,1.4,89034,12276007.92,0
Family,Winter,779,42.35,238079.01,5,9.96,0,1,8.08,30848,1306412.8,1
Experimental,Summer,1955,219.12,364655.11,14,6.37,0,1,3.81,137800,30194736.0,0
Tragedy,Fall,314,89.06,339635.88,15,6.94,0,1,4.87,33436,2977810.16,1
Drama,Spring,1563,241.31,234225.04,7,5.64,0,1,6.21,67566,16304351.46,0
Musical,Fall,578,234.6,258633.0,15,9.69,1,1,1.0,68666,16109043.6,1
Experimental,Spring,600,122.67,26387.8,22,2.3,0,0,4.19,35775,4388519.25,0
Comedy,Summer,477,76.43,252813.46,14,1.61,0,1,7.55,52828,4037644.04,1
Musical,Fall,384,212.84,173422.21,2,8.35,1,0,3.57,4796,1020780.64,0
Drama,Summer,423,106.29,146100.34,23,1.04,0,0,6.13,39367,4184318.43,0
Drama,Fall,1698,61.8,138463.1,19,6.05,0,1,9.79,255515,15790827.0,1
Thriller,Spring,1867,149.11,326228.71,14,1.01,0,0,2.06,124531,18568817.41,0
Experimental,Summer,1252,135.12,217482.52,2,4.13,0,0,3.41,8676,1172301.12,0
Drama,Winter,224,216.25,215772.19,4,6.86,0,1,7.16,6173,1334911.25,0
Thriller,Summer,1756,189.09,83797.56,4,5.93,0,0,6.39,29887,5651332.83,0
Musical,Spring,1283,222.13,481122.47,27,6.04,1,1,9.8,274356,60942698.28,1
Musical,Winter,1137,190.31,115843.47,11,2.42,1,0,1.31,42590,8105302.9,0
Musical,Winter,1905,169.49,206024.06,14,3.65,1,0,8.9,211226,35800694.74,1
Experimental,Fall,937,137.54,99151.36,22,7.39,0,1,5.4,88138,12122500.52,0
Thriller,Winter,848,247.2,353055.71,21,1.21,0,0,3.04,79757,19715930.4,0
Family,Winter,1603,240.81,220883.73,3,6.36,0,1,5.53,33623,8096754.63,0
Musical,Fall,1148,215.99,209756.72,29,5.65,1,0,4.71,210687,45506285.13,0
Musical,Fall,1490,199.45,438171.97,9,4.1,1,1,2.61,106207,21182986.15,1
Family,Spring,1452,154.95,380942.53,25,4.01,0,0,2.97,247095,38287370.25,0
Musical,Fall,1710,83.44,262338.15,26,8.19,1,1,3.59,352123,29381143.12,1
Drama,Summer,770,221.97,236952.25,18,4.44,0,0,5.97,65264,14486650.08,0
Tragedy,Winter,329,27.43,480151.19,6,1.72,0,0,1.75,12156,333439.08,0
Thriller,Summer,1059,76.17,478448.77,18,9.66,0,1,1.8,150971,11499461.07,1
Drama,Winter,1365,115.84,353861.58,9,2.17,0,1,3.99,92016,10659133.44,1
Tragedy,Fall,1670,156.89,381273.22,27,8.18,0,1,7.37,321964,50512931.96,1
Thriller,Fall,680,151.2,450050.99,24,1.13,0,1,9.8,129254,19543204.8,1
Tragedy,Winter,1541,64.56,482332.83,26,4.28,0,1,1.11,283376,18294754.56,1
Comedy,Summer,1697,48.58,45726.01,26,5.64,0,0,9.75,308257,14975125.06,0
Musical,Summer,1655,75.02,498682.72,7,1.27,1,0,7.17,91753,6883310.06,1
Tragedy,Summer,1654,103.46,352996.0,2,7.61,0,1,9.11,22506,2328470.76,0
Family,Winter,1977,28.16,298408.7,20,3.35,0,0,5.83,313156,8818472.96,1
Thriller,Winter,1390,180.8,209517.73,20,5.87,0,0,5.17,201468,36425414.4,1
Experimental,Spring,866,80.74,171513.0,27,8.13,0,0,8.07,128770,10396889.8,0
Musical,Summer,985,104.07,403084.05,21,6.32,1,1,5.96,163825,17049267.75,1
Musical,Summer,1544,100.35,328945.35,26,5.1,1,1,9.08,317940,31905279.0,1
Tragedy,Fall,625,140.16,104349.06,12,4.03,0,0,9.04,31539,4420506.24,0
Drama,Spring,1285,218.45,306905.96,5,1.41,0,0,5.77,31916,6972050.2,0
Thriller,Fall,1230,58.61,74877.22,3,9.22,0,0,6.16,28127,1648523.47,1
Experimental,Fall,1399,101.66,250953.04,15,6.33,0,0,5.11,122874,12491370.84,0
Comedy,Spring,958,180.71,293811.53,2,6.68,0,0,7.2,13922,2515844.62,1
Tragedy,Spring,1531,34.95,319663.62,17,4.96,0,0,7.14,181892,6357125.4,0
Thriller,Fall,328,211.75,76904.78,14,4.35,0,0,6.86,16843,3566505.25,0
Drama,Summer,1549,241.41,52321.27,9,1.42,0,0,1.56,17500,4224675.0,0
Experimental,Winter,1661,161.72,133060.54,19,2.52,0,0,9.67,100448,16244450.56,0
Drama,Winter,1794,240.21,305479.77,22,4.83,0,0,4.02,176304,42349983.84,0
Family,Winter,1861,117.94,466182.99,3,3.18,0,1,3.22,44217,5214952.98,1
Thriller,Fall,828,118.38,390666.15,16,1.4,0,1,2.9,82657,9784935.66,0
Musical,Winter,283,48.91,374126.71,30,5.91,1,0,1.62,67240,3288708.4,1
Family,Spring,1376,32.98,168465.01,10,5.18,0,1,5.11,108979,3594127.42,1
Drama,Summer,362,80.01,60295.15,25,4.79,0,0,1.37,41971,3358099.71,0
Thriller,Spring,704,132.58,446510.01,12,8.06,0,1,2.45,66908,8870662.64,1
Experimental,Fall,1464,139.23,252922.48,10,6.4,0,1,1.05,74934,10433060.82,0
Experimental,Fall,1270,73.95,54752.87,27,1.01,0,0,2.57,75323,5570135.85,0
Experimental,Summer,1291,162.88,269809.52,12,7.86,0,0,9.96,82542,13444440.96,0
Tragedy,Summer,1552,65.77,339328.07,27,5.34,0,0,5.87,224940,14794303.8,0
Tragedy,Fall,496,98.4,163350.51,21,5.65,0,1,1.6,52072,5123884.8,0
Comedy,Spring,1623,69.03,9578.22,26,9.01,0,1,6.08,334208,23070378.24,1
Experimental,Fall,1255,181.75,312695.45,26,1.98,0,0,6.41,107115,19468151.25,0
Tragedy,Fall,956,141.23,24847.28,29,6.39,0,0,5.93,120656,17040246.88,0
Family,Spring,1034,190.62,219232.68,18,3.54,0,0,4.02,90324,17217560.88,0
Comedy,Spring,1115,37.88,413263.74,30,1.33,0,0,6.92,264924,10035321.12,1
Family,Summer,1190,120.71,499429.58,3,4.94,0,0,2.28,23160,2795643.6,0
Drama,Fall,800,242.57,188299.94,16,3.55,0,0,2.98,45894,11132507.58,0
Family,Summer,601,37.06,14962.83,13,1.01,0,1,9.95,47676,1766872.56,0
Musical,Summer,504,119.14,248987.04,4,5.44,1,0,4.74,14081,1677610.34,0
Musical,Fall,813,34.09,141756.32,28,3.8,1,1,2.33,180290,6146086.1,1
Comedy,Spring,668,58.0,446923.63,26,4.91,0,0,2.95,137554,7978132.0,1
Tragedy,Fall,1129,129.07,357194.06,24,1.11,0,0,7.52,147159,18993812.13,0
Thriller,Spring,1841,60.44,205140.02,21,4.62,0,1,2.05,263875,15948605.0,0
Comedy,Spring,394,141.72,382203.97,20,5.23,0,1,4.19,62409,8844603.48,1
Musical,Spring,756,232.61,173896.91,13,5.19,1,1,3.96,66569,15484615.09,0
Comedy,Summer,288,70.09,263272.97,22,7.45,0,0,3.05,50181,3517186.29,1
Tragedy,Spring,1954,49.12,461778.71,31,9.92,0,1,5.29,479746,23565123.52,1
Tragedy,Winter,1461,210.69,104077.85,9,1.25,0,0,1.99,16959,3573091.71,0
Thriller,Summer,634,128.56,159963.71,12,4.56,0,0,5.11,35466,4559508.96,0
Drama,Winter,945,223.59,443368.74,5,8.71,0,1,1.29,37422,8367184.98,1
Thriller,Winter,1501,93.88,233629.79,29,6.63,0,0,9.73,344749,32365036.12,1
Thriller,Winter,1923,166.19,162354.97,17,9.85,0,0,6.44,241597,40151005.43,1
Family,Winter,1233,232.75,23462.84,19,7.42,0,1,1.68,118975,27691431.25,0
Tragedy,Spring,687,63.63,212381.75,9,7.52,0,0,2.72,35828,2279735.64,0
Family,Summer,1454,205.16,252797.55,3,1.68,0,0,7.63,18326,3759762.16,0
Drama,Fall,1434,167.09,206134.77,26,3.48,0,1,7.59,234934,39255122.06,0
Thriller,Fall,1359,207.91,142342.32,27,6.25,0,1,4.28,218387,45404841.17,0
Musical,Spring,282,63.41,187719.44,12,5.7,1,0,2.34,26063,1652654.83,1
Musical,Fall,1472,122.67,323010.18,24,7.86,1,1,5.82,279797,34322697.99,1
Experimental,Winter,235,53.99,446183.46,19,9.94,0,0,3.49,33510,1809204.9,1
Tragedy,Winter,1829,241.02,326589.53,21,2.86,0,0,1.87,109251,26331676.02,0
Thriller,Summer,1787,39.11,324850.41,7,4.86,0,1,4.11,97138,3799067.18,1
Thriller,Spring,1214,39.73,409353.06,20,8.8,0,1,7.76,192297,7639959.81,1
Thriller,Summer,1362,227.09,86745.67,6,8.54,0,1,4.19,43331,9840036.79,0
Drama,Summer,322,92.67,154043.33,8,8.35,0,1,1.37,17609,1631826.03,0
Drama,Summer,1773,159.33,30042.54,12,6.58,0,0,2.08,67168,10701877.44,0
Musical,Summer,687,89.68,178070.71,8,9.94,1,1,6.37,43528,3903591.04,1
Experimental,Summer,671,170.97,499417.77,29,4.22,0,0,5.7,79022,13510391.34,0
Drama,Spring,1474,68.31,168009.64,2,2.05,0,0,7.07,21199,1448103.69,1
Thriller,Summer,1889,128.25,430587.63,29,2.19,0,0,6.15,348896,44745912.0,0
Tragedy,Summer,1089,145.04,47459.97,6,4.92,0,0,5.48,24693,3581472.72,0
Drama,Spring,1113,100.07,232557.62,28,8.24,0,1,5.28,246818,24699077.26,1
Comedy,Winter,1187,81.63,178974.12,12,5.08,0,0,9.65,112812,9208843.56,1
Musical,Fall,724,56.55,104783.52,29,6.5,1,1,8.76,166288,9403586.4,1
Drama,Winter,1273,183.88,189390.6,18,4.22,0,1,4.45,113256,20825513.28,0
Musical,Fall,1929,62.86,327382.67,16,7.43,1,0,6.88,244442,15365624.12,1
Family,Spring,888,90.73,247702.5,5,2.38,0,0,1.18,26615,2414778.95,0
Tragedy,Winter,1591,100.8,422945.35,15,5.68,0,0,1.19,162128,16342502.4,0
Experimental,Summer,1593,127.23,452948.57,18,2.67,0,0,3.87,95651,12169676.73,0
Tragedy,Fall,1731,183.08,243536.95,31,5.22,0,1,7.79,288045,52735278.6,0
Drama,Summer,1502,121.29,490954.53,9,4.87,0,1,9.33,105763,12827994.27,1
Thriller,Summer,1858,221.0,40650.28,4,6.44,0,0,7.15,32921,7275541.0,0
Experimental,Summer,1485,177.95,141787.91,9,5.59,0,0,7.36,47453,8444261.35,0
Tragedy,Summer,1957,213.66,211272.08,9,9.78,0,1,1.29,75977,16233245.82,0
Musical,Fall,1487,186.18,293437.25,30,9.1,1,1,9.37,353311,65779441.98,1
Comedy,Fall,1706,58.44,275235.22,6,3.65,0,1,1.78,81069,4737672.36,1
Experimental,Spring,1802,245.03,286148.5,31,2.09,0,0,9.52,184953,45319033.59,0
Tragedy,Spring,1970,201.98,448644.11,5,1.58,0,0,2.28,37981,7671402.38,0
Experimental,Winter,1271,153.86,142394.77,26,2.78,0,0,1.3,101576,15628483.36,0
Tragedy,Fall,1478,62.18,409342.6,14,3.0,0,0,6.07,137661,8559760.98,0
Musical,Winter,1940,63.85,281210.27,3,9.0,1,1,2.02,46094,2943101.9,1
Experimental,Fall,884,163.22,247792.79,20,9.32,0,1,1.26,77701,12682357.22,0
Family,Fall,414,118.64,153209.65,23,3.07,0,0,7.01,56068,6651907.52,0
Family,Winter,1791,177.07,155514.06,27,7.83,0,1,7.64,382987,67815508.09,1
Experimental,Fall,1337,108.8,197297.54,7,8.52,0,0,3.64,47397,5156793.6,0
Drama,Summer,971,140.39,382937.69,20,4.4,0,1,5.8,126304,17731818.56,0
Experimental,Fall,1490,67.29,240982.78,19,8.84,0,1,6.27,197778,13308481.62,0
Drama,Spring,258,59.92,81147.67,15,9.9,0,1,2.45,28446,1704484.32,1
Experimental,Summer,1058,42.02,381132.27,28,9.71,0,1,4.96,200767,8436229.34,0
Drama,Fall,677,209.42,333373.09,14,7.68,0,1,6.73,70743,14814999.06,1
Tragedy,Spring,718,149.96,474873.19,13,4.34,0,1,8.97,72121,10815265.16,1
Family,Fall,1944,238.11,267059.98,17,3.04,0,1,4.77,225674,53735236.14,0
Musical,Fall,1190,193.63,328938.96,29,9.94,1,1,7.29,273319,52922757.97,1
Musical,Summer,452,197.97,242268.49,28,3.49,1,1,5.52,85568,16939896.96,0
Family,Spring,856,139.54,341986.2,23,4.95,0,1,7.36,155928,21758193.12,1
Musical,Fall,636,208.48,220877.95,4,3.38,1,0,8.1,17818,3714696.64,0
Thriller,Winter,1836,236.96,73238.96,11,5.47,0,0,5.77,101395,24026559.2,0
Experimental,Fall,724,187.39,493408.2,2,1.99,0,1,1.55,6842,1282122.38,0
Thriller,Summer,842,48.76,361580.03,4,8.28,0,1,8.88,26674,1300624.24,1
Tragedy,Fall,801,171.48,306269.78,26,5.55,0,1,6.41,136022,23325052.56,0
Comedy,Summer,516,52.1,243303.27,26,4.78,0,1,6.41,101790,5303259.0,1
Thriller,Summer,1604,42.38,357157.36,5,4.27,0,0,5.59,57454,2434900.52,1
Thriller,Summer,1237,180.9,67753.59,15,6.22,0,1,2.57,75985,13745686.5,0
Tragedy,Spring,986,212.83,166426.13,10,8.02,0,1,5.38,51708,11005013.64,0
Drama,Winter,912,60.74,66726.18,4,9.12,0,1,5.83,28892,1754900.08,1
Thriller,Fall,1400,41.68,67382.42,13,8.57,0,1,4.45,144144,6007921.92,1
Family,Spring,372,224.47,15567.03,5,5.01,0,1,2.34,5797,1301252.59,0
Thriller,Winter,1877,54.75,379167.24,24,8.51,0,1,7.86,356780,19533705.0,1
Musical,Spring,1216,32.89,117517.77,31,5.76,1,0,5.11,298552,9819375.28,1
Thriller,Fall,609,187.24,416843.82,14,6.74,0,0,7.31,66629,12475613.96,1
Family,Spring,1168,215.74,452695.08,9,7.07,0,0,1.42,82079,17707723.46,1
Drama,Summer,1733,140.76,88440.2,16,4.6,0,0,5.54,102971,14494197.96,0
Family,Fall,511,146.48,355887.7,30,5.37,0,0,1.66,116648,17086599.04,1
Tragedy,Winter,1142,100.79,232851.34,6,7.23,0,1,7.6,53202,5362229.58,1
Tragedy,Winter,1275,78.65,459885.77,22,3.77,0,0,6.23,210679,16569903.35,1
Family,Winter,1658,194.93,244786.51,4,7.72,0,1,5.06,52525,10238698.25,1
Tragedy,Spring,1221,216.09,192542.57,11,4.19,0,0,9.76,64054,13841428.86,0
Tragedy,Spring,1525,97.28,150809.73,15,6.27,0,1,3.93,145094,14114744.32,0
Comedy,Winter,1592,86.61,452292.61,13,8.54,0,1,4.81,163912,14196418.32,1
Experimental,Winter,1804,85.25,116958.76,7,1.21,0,1,7.64,54502,4646295.5,0
Experimental,Summer,850,36.38,414718.82,25,3.16,0,0,5.73,82283,2993455.54,0
Musical,Spring,1466,88.24,101122.79,22,6.05,1,0,6.93,249570,22022056.8,1
Family,Fall,647,30.77,323481.44,15,1.95,0,0,9.79,76863,2365074.51,1
Musical,Spring,1719,202.39,228277.49,14,2.85,1,1,7.26,172841,34981289.99,1
Comedy,Spring,1912,82.58,56781.29,4,7.74,0,1,2.36,58107,4798476.06,1
Experimental,Winter,729,180.28,67336.84,21,1.23,0,0,2.88,35684,6433111.52,0
Drama,Summer,1210,147.22,144347.03,8,6.49,0,0,8.83,56264,8283186.08,0
Comedy,Spring,1680,213.43,384492.58,11,1.31,0,0,1.43,89320,19063567.6,0
Drama,Fall,248,241.09,365825.3,27,2.04,0,0,5.58,28140,6784272.6,0
Family,Summer,1469,107.64,106534.52,21,4.51,0,0,9.15,216626,23317622.64,0
Tragedy,Fall,1677,44.88,240720.09,22,9.68,0,1,7.99,259731,11656727.28,0
Thriller,Winter,1768,193.67,53008.55,9,5.91,0,1,2.04,92438,17902467.46,0
Experimental,Spring,554,29.79,359393.41,17,3.81,0,1,7.66,62615,1865300.85,0
Tragedy,Fall,1562,75.17,397684.51,2,4.7,0,0,4.44,21289,1600294.13,0
Family,Winter,1614,36.98,447288.44,9,6.12,0,1,9.11,115045,4254364.1,1
Musical,Summer,205,227.08,443444.25,26,6.57,1,1,6.16,42213,9585728.04,1
Drama,Winter,1469,26.19,172256.69,16,3.41,0,0,5.94,172295,4512406.05,1
Experimental,Summer,1327,135.87,130994.25,21,2.78,0,0,1.08,63988,8694049.56,0
Experimental,Summer,1943,120.4,448811.74,25,5.46,0,1,3.25,243395,29304758.0,0
Thriller,Winter,277,171.87,77273.45,30,6.8,0,0,4.71,41708,7168353.96,0
Comedy,Fall,1938,90.19,34375.32,4,8.35,0,0,7.52,61395,5537215.05,1
Drama,Winter,1228,221.58,160550.27,19,6.34,0,0,5.68,127098,28162374.84,0
Family,Winter,693,190.23,381348.52,31,7.23,0,0,8.67,170145,32366683.35,1
Family,Fall,897,122.27,348628.9,7,5.36,0,1,1.31,49729,6080364.83,1
Drama,Spring,1579,105.56,493592.36,27,6.1,0,0,3.91,310176,32742178.56,1
Thriller,Summer,1992,208.57,182969.12,19,6.72,0,0,6.38,186781,38956913.17,0
Thriller,Winter,770,195.34,141544.42,11,3.13,0,0,6.93,45297,8848315.98,0
Tragedy,Fall,1970,114.78,192212.77,25,9.41,0,0,5.52,338181,38816415.18,0
Experimental,Summer,1332,101.81,392216.85,28,4.11,0,0,4.59,170866,17395867.46,0
Musical,Summer,545,33.75,111078.48,6,6.44,1,0,1.64,24785,836493.75,1
Drama,Winter,1275,43.38,474135.25,22,6.05,0,1,7.27,222156,9637127.28,1
Musical,Spring,1643,37.13,258711.92,30,8.68,1,1,9.13,390376,14494660.88,1
Thriller,Spring,298,30.49,392656.77,21,2.02,0,0,8.28,49563,1511175.87,1
Thriller,Winter,342,59.4,414494.6,18,8.96,0,0,7.31,48755,2896047.0,1
Experimental,Summer,209,217.86,242013.48,6,2.23,0,1,6.71,3111,677762.46,0
Tragedy,Winter,1226,204.59,371978.83,15,2.3,0,0,7.95,81697,16714389.23,0
Drama,Fall,303,215.25,185523.69,29,8.76,0,1,7.99,59169,12736127.25,0
Tragedy,Winter,1877,165.36,406409.37,25,3.31,0,0,1.06,183749,30384734.64,0
Musical,Fall,430,165.41,412831.99,15,6.51,1,0,4.22,51084,8449804.44,1
Thriller,Winter,328,52.88,285271.88,11,5.17,0,0,8.81,28575,1511046.0,1
Thriller,Winter,663,182.27,112983.17,26,9.41,0,1,8.66,136524,24884229.48,1
Experimental,Spring,1573,88.01,485260.47,31,8.04,0,1,7.39,329235,28975972.35,0
Comedy,Winter,1832,141.83,473755.04,10,4.01,0,0,3.78,141224,20029799.92,1
Comedy,Fall,651,239.81,311811.17,26,8.32,0,1,8.18,134053,32147249.93,1
Musical,Spring,1133,220.89,492021.1,11,3.03,1,1,3.08,98706,21803168.34,1
Comedy,Spring,1592,77.47,253884.17,26,6.54,0,1,3.02,327824,25396525.28,1
Tragedy,Summer,1634,190.75,190864.77,30,7.76,0,0,5.82,205202,39142281.5,0
Family,Spring,475,48.42,232948.99,21,7.33,0,1,6.14,79002,3825276.84,1
Family,Summer,1708,31.02,27723.97,16,6.91,0,1,4.16,188956,5861415.12,0
Musical,Winter,1761,31.34,276815.31,11,8.47,1,1,6.43,153418,4808120.12,1
Drama,Summer,1522,63.31,334785.06,3,6.01,0,0,7.38,34328,2173305.68,1
Tragedy,Spring,1149,181.36,59212.39,3,9.36,0,1,2.62,15841,2872923.76,0
Comedy,Summer,904,106.74,131520.8,27,2.3,0,0,3.6,128292,13693888.08,0
Musical,Spring,1800,28.59,361986.13,21,4.2,1,1,7.3,299376,8559159.84,1
Family,Winter,1754,247.31,397827.14,8,8.05,0,0,9.35,111133,27484302.23,1
Family,Spring,1132,145.01,493004.19,18,3.77,0,0,8.96,161377,23401278.77,1
Tragedy,Winter,1535,113.62,130345.72,28,4.99,0,0,2.17,155364,17652457.68,0
Comedy,Summer,919,141.74,421512.54,21,7.96,0,0,6.13,152848,21664675.52,1
Family,Spring,1537,141.99,90190.97,29,5.85,0,0,8.2,298173,42337584.27,0
Musical,Fall,360,130.8,69784.81,5,2.69,1,0,3.14,9960,1302768.0,0
Tragedy,Summer,1822,162.91,365955.77,4,2.57,0,1,6.79,34668,5647763.88,0
Family,Winter,1127,224.27,225706.82,21,3.71,0,0,4.85,133795,30006204.65,0
Experimental,Fall,1277,92.89,397992.13,19,3.73,0,0,6.96,122773,11404383.97,0
Drama,Winter,540,134.57,144869.57,22,2.23,0,0,1.29,48869,6576301.33,0
Thriller,Summer,1151,25.82,110530.97,31,8.51,0,0,3.82,239240,6177176.8,0
Drama,Spring,205,218.46,276655.38,5,3.54,0,0,3.77,4562,996614.52,0
Musical,Spring,1802,93.83,62078.68,29,8.22,1,1,4.77,413883,38834641.89,1
Comedy,Summer,1547,86.04,142980.86,3,9.76,0,1,2.03,35793,3079629.72,1
Experimental,Summer,1018,249.45,87287.32,17,3.99,0,1,4.93,45322,11305572.9,0
Thriller,Winter,1704,156.49,163423.41,26,9.73,0,1,5.87,350887,54910306.63,1
Tragedy,Summer,1660,52.68,383921.86,22,2.72,0,0,1.24,180119,9488668.92,0
Drama,Winter,414,84.74,64767.46,8,6.83,0,0,3.71,16484,1396854.16,0
Musical,Spring,296,104.48,307875.11,20,9.92,1,1,2.6,46886,4898649.28,1
Drama,Summer,656,246.86,294459.2,29,8.28,0,1,9.75,119868,29590614.48,0
Drama,Winter,202,121.89,271374.66,8,3.07,0,0,2.17,9525,1161002.25,0
Drama,Spring,1231,76.78,244702.56,30,3.32,0,1,6.65,261252,20058928.56,1
Thriller,Summer,1150,153.19,333611.0,21,3.36,0,0,4.62,140715,21556130.85,0
Musical,Winter,1168,116.07,426646.27,4,9.49,1,1,3.59,37002,4294822.14,1
Musical,Fall,332,37.37,85208.14,11,3.21,1,0,8.69,28923,1080852.51,1
Tragedy,Winter,1852,218.71,407995.0,27,5.59,0,0,6.98,268348,58690391.08,0
Comedy,Fall,1957,28.53,35430.44,12,4.15,0,0,6.58,171308,4887417.24,1
Tragedy,Winter,1262,227.16,243651.6,30,4.25,0,1,1.84,187198,42523897.68,0
Musical,Winter,209,203.17,258175.43,14,4.67,1,0,3.33,17629,3581683.93,0
Drama,Winter,912,42.06,102804.99,12,4.11,0,0,3.49,63692,2678885.52,0
Tragedy,Spring,1492,187.81,49388.19,27,6.4,0,1,4.91,182555,34285654.55,0
Thriller,Fall,1547,198.46,42080.93,25,4.83,0,1,9.29,231183,45880578.18,0
Comedy,Spring,638,160.52,23430.82,9,4.97,0,1,4.63,36059,5788190.68,0
Tragedy,Spring,1680,154.98,288928.55,25,5.55,0,1,3.95,249488,38665650.24,0
Tragedy,Summer,1941,36.18,81959.93,9,4.21,0,0,1.64,70658,2556406.44,0
Drama,Fall,1115,38.39,405308.85,28,7.79,0,0,4.46,247262,9492388.18,1
Drama,Summer,886,188.64,449981.6,2,5.53,0,1,1.47,11492,2167850.88,0
Comedy,Winter,1147,48.75,149742.04,21,5.58,0,0,4.29,190769,9299988.75,1
Musical,Summer,249,79.41,86410.88,6,2.89,1,0,9.71,9976,792194.16,0
Thriller,Fall,1142,137.24,207757.88,22,1.28,0,0,6.0,138859,19057009.16,0
Thriller,Winter,248,61.94,441377.25,31,8.28,0,1,2.88,60888,3771402.72,1
Comedy,Winter,262,202.71,202910.5,22,8.7,0,1,3.69,45650,9253711.5,1
Comedy,Spring,1196,206.66,58626.47,15,3.17,0,0,6.14,61270,12662058.2,0
Comedy,Fall,1119,214.48,492410.71,26,4.24,0,0,1.17,202728,43481101.44,0
Thriller,Spring,1976,36.15,252339.36,7,4.22,0,0,9.1,109549,3960196.35,1
Family,Fall,1113,121.27,174473.88,18,7.16,0,0,6.2,155545,18862942.15,1
Musical,Summer,1963,215.56,447342.29,30,2.69,1,0,5.43,381887,82319561.72,0
Comedy,Winter,1652,106.72,464064.73,12,9.81,0,1,7.45,157006,16755680.32,1
Musical,Winter,807,181.56,250918.21,2,1.56,1,0,2.8,9617,1746062.52,0
Tragedy,Winter,1867,157.58,156824.61,15,9.76,0,1,1.19,188421,29691381.18,0
Drama,Winter,1068,103.12,243903.74,16,1.62,0,0,6.54,97813,10086476.56,0
Comedy,Summer,1270,87.19,113544.57,26,3.86,0,0,2.44,113308,9879324.52,0
Tragedy,Fall,380,171.87,241727.86,26,3.26,0,0,1.11,40677,6991155.99,0
Comedy,Spring,582,55.07,118568.4,12,3.34,0,1,9.36,55313,3046086.91,1
Comedy,Fall,1139,218.53,312990.37,25,9.95,0,1,8.1,225521,49283104.13,1
Family,Spring,688,154.7,381145.14,6,5.13,0,1,2.03,32693,5057607.1,1
Family,Fall,1279,50.09,484866.76,7,2.08,0,0,9.07,70907,3551731.63,1
Musical,Winter,343,183.29,422072.38,20,9.84,1,0,1.61,54331,9958328.99,1
Comedy,Fall,651,122.0,47636.75,23,3.18,0,0,8.23,84487,10307414.0,0
Family,Winter,1397,70.92,109703.83,26,1.65,0,0,4.73,230695,16360889.4,0
Tragedy,Spring,1301,241.24,268187.47,20,1.22,0,0,5.66,90622,21861651.28,0
Drama,Winter,1970,186.92,132507.54,5,5.17,0,1,7.01,69720,13032062.4,1
Thriller,Fall,1819,158.42,12110.78,22,9.26,0,1,1.89,255037,40402961.54,0
Drama,Fall,1659,216.0,378621.52,14,1.15,0,0,9.17,127830,27611280.0,0
Musical,Winter,201,147.37,182097.14,9,7.53,1,1,2.29,14327,2111369.99,1
Thriller,Fall,1284,124.33,37719.52,12,3.34,0,1,9.47,91327,11354685.91,0
Tragedy,Summer,612,67.63,256874.03,26,2.97,0,1,1.82,86384,5842149.92,0
Family,Fall,680,59.51,488718.31,7,7.33,0,1,2.55,37699,2243467.49,1
Comedy,Fall,577,122.19,340876.62,18,7.73,0,1,1.52,82257,10050982.83,1
Family,Winter,1020,127.59,83589.23,4,6.03,0,1,4.58,30206,3853983.54,1
Comedy,Summer,422,190.0,259576.32,23,2.82,0,0,6.32,52089,9896910.0,0
Family,Fall,1157,124.47,451352.62,6,1.06,0,0,6.63,54918,6835643.46,1
Musical,Fall,498,158.46,31850.62,30,7.64,1,1,8.46,118324,18749621.04,1
Musical,Spring,1100,212.32,320757.13,28,6.4,1,0,5.76,218045,46295314.4,1
Family,Spring,1326,248.5,362030.13,27,4.8,0,0,5.59,221178,54962733.0,0
Family,Spring,523,97.57,353485.79,12,2.92,0,0,3.94,44619,4353475.83,1
Experimental,Fall,384,227.94,79334.36,25,7.86,0,1,6.86,41463,9451076.22,0
Comedy,Summer,1651,206.36,454102.87,6,1.64,0,0,9.18,61777,12748301.72,0
Musical,Winter,1529,40.3,164524.31,10,6.78,1,0,4.2,121096,4880168.8,1
Experimental,Fall,670,100.19,30612.3,5,7.2,0,1,4.21,14278,1430512.82,0
Thriller,Spring,1796,74.28,46194.36,3,3.01,0,0,4.09,21614,1605487.92,0
Drama,Spring,598,174.49,231500.8,13,5.35,0,1,3.05,41160,7182008.4,0
Family,Summer,1867,149.94,24791.09,19,5.68,0,0,6.1,199121,29856202.74,0
Experimental,Winter,403,136.34,390878.5,27,6.32,0,0,1.95,44680,6091671.2,0
Drama,Spring,1388,196.8,433582.64,3,9.11,0,1,8.51,32978,6490070.4,1
Family,Spring,234,99.99,11619.72,14,5.92,0,1,2.24,20234,2023197.66,0
Family,Spring,555,111.12,405956.68,23,1.61,0,0,2.57,81933,9104394.96,0
Tragedy,Summer,928,219.77,490697.2,8,4.1,0,1,1.62,31713,6969566.01,0
Thriller,Winter,353,243.75,20032.24,24,6.65,0,0,4.43,35566,8669212.5,0
Drama,Fall,1022,199.68,363858.79,19,4.0,0,0,7.82,127328,25424855.04,0
Experimental,Summer,617,73.84,499551.57,18,7.91,0,1,9.19,64733,4779884.72,0
Experimental,Spring,378,50.35,399573.7,5,2.71,0,0,4.91,10205,513821.75,0
Experimental,Summer,1931,72.07,255151.72,7,2.29,0,0,3.12,37583,2708606.81,0
Family,Fall,1967,120.12,442987.37,28,3.08,0,0,7.53,436201,52396464.12,1
Musical,Summer,1932,78.26,355426.55,28,8.88,1,1,7.19,428440,33529714.4,1
Comedy,Fall,477,227.73,149763.57,15,7.13,0,1,7.13,50657,11536118.61,1
Tragedy,Winter,887,175.91,116038.29,19,5.68,0,1,4.99,75665,13310230.15,0
Experimental,Spring,789,118.76,258709.47,18,3.7,0,0,6.09,53899,6401045.24,0
Tragedy,Summer,786,86.61,189630.31,17,9.27,0,1,1.56,75409,6531173.49,0
Tragedy,Spring,949,110.65,168086.66,23,9.0,0,1,3.25,123231,13635510.15,0
Drama,Fall,1118,132.11,93072.78,19,4.59,0,0,9.34,128560,16984061.6,0
Family,Summer,1073,185.61,423416.57,5,7.77,0,0,1.38,39508,7333079.88,1
Comedy,Summer,725,45.1,353982.18,4,9.22,0,1,3.71,22968,1035856.8,1
Musical,Spring,1963,215.99,169004.13,27,3.82,1,0,3.04,275457,59495957.43,0
Experimental,Spring,1963,53.7,122645.21,24,3.96,0,1,2.17,217653,11687966.1,0
Drama,Summer,796,84.05,68428.27,7,5.91,0,0,9.32,27877,2343061.85,0
Musical,Fall,598,248.56,60693.91,3,4.68,1,0,2.13,4799,1192839.44,0
Musical,Spring,1158,67.8,314611.7,8,7.85,1,0,5.4,73370,4974486.0,1
Tragedy,Spring,864,47.76,58864.5,19,5.83,0,0,8.56,106209,5072541.84,0
Musical,Summer,1976,168.64,480305.25,19,2.91,1,1,1.03,297348,50144766.72,1
Family,Fall,972,113.45,143171.88,7,4.21,0,0,1.98,37330,4235088.5,0
Tragedy,Summer,271,45.66,17773.41,7,7.04,0,1,4.08,9175,418930.5,0
Comedy,Summer,425,25.84,428388.21,8,1.48,0,0,2.33,24590,635405.6,1
Musical,Spring,334,42.81,186955.76,15,4.08,1,0,2.64,37772,1617019.32,1
Tragedy,Fall,889,142.62,174768.11,8,1.14,0,0,6.32,26549,3786418.38,0
Drama,Winter,769,76.95,63717.2,15,8.39,0,0,2.54,78839,6066661.05,0
Experimental,Winter,1742,199.95,331908.92,2,2.05,0,1,6.75,19726,3944213.7,0
Comedy,Fall,1803,217.94,182602.72,30,1.69,0,0,9.24,311516,67891797.04,0
Tragedy,Fall,452,57.59,412382.29,28,8.08,0,0,3.06,100235,5772533.65,1
Musical,Summer,1900,100.83,317156.06,12,1.81,1,0,2.91,122801,12382024.83,0
Musical,Spring,1251,57.98,440556.61,26,7.16,1,1,1.1,257605,14935937.9,1
Drama,Summer,752,89.51,313167.77,18,4.42,0,0,1.13,65544,5866843.44,0
Musical,Fall,931,78.82,390742.72,2,8.4,1,0,4.57,14747,1162358.54,1
Family,Fall,994,202.04,349786.95,10,2.65,0,1,5.4,78724,15905396.96,1
Experimental,Winter,506,102.73,233983.25,3,1.76,0,0,2.65,5725,588129.25,0
Experimental,Winter,1761,136.5,345893.63,23,3.06,0,0,3.91,156220,21324030.0,0
Drama,Spring,222,176.63,333490.42,25,9.39,0,1,2.26,40628,7176123.64,1
Family,Spring,325,210.01,8318.29,20,8.46,0,1,7.13,44001,9240650.01,0
Tragedy,Summer,692,92.77,350825.78,2,3.57,0,0,4.54,7324,679447.48,0
Musical,Winter,458,72.07,134768.95,9,2.86,1,0,7.61,32646,2352797.22,1
Musical,Winter,311,245.15,273202.3,16,2.41,1,0,5.95,32489,7964678.35,0
Tragedy,Spring,890,97.03,60109.53,6,2.99,0,0,4.4,23673,2296991.19,0
Comedy,Spring,878,175.99,16396.14,5,2.85,0,1,6.64,20189,3553062.11,0
Musical,Fall,426,177.51,12484.26,11,8.99,1,1,1.06,34178,6066936.78,1
Experimental,Fall,1658,140.66,83306.28,19,1.18,0,0,7.21,96305,13546261.3,0
Family,Winter,1788,76.4,14846.79,4,8.92,0,1,4.34,56643,4327525.2,1
Tragedy,Winter,1495,56.83,70536.72,31,1.37,0,0,5.62,218441,12414002.03,0
Experimental,Spring,1139,134.58,281790.93,15,8.44,0,1,5.71,98841,13302021.78,0
Experimental,Spring,1905,139.96,203135.05,7,4.83,0,1,6.03,55226,7729430.96,0
Experimental,Fall,830,199.01,490470.32,2,1.69,0,0,7.32,7074,1407796.74,0
Drama,Fall,968,184.71,405303.71,30,8.19,0,0,2.0,198401,36646648.71,0
Experimental,Winter,227,230.21,77654.0,19,3.31,0,0,5.4,8725,2008582.25,0
Tragedy,Fall,1474,243.44,211310.75,27,8.9,0,1,1.75,199016,48448455.04,0
Family,Fall,366,188.77,218330.54,25,7.77,0,0,3.11,58433,11030397.41,0
Experimental,Summer,1397,42.22,184247.81,31,9.84,0,0,2.7,214731,9065942.82,0
Drama,Spring,1608,116.15,250316.94,28,8.49,0,1,6.39,356590,41417928.5,1
Tragedy,Winter,590,161.98,336587.9,24,3.17,0,0,6.45,76093,12325544.14,0
Musical,Winter,1301,157.79,322240.41,27,4.68,1,0,8.48,278205,43897966.95,1
Drama,Spring,746,65.82,181764.09,27,7.27,0,0,5.7,144953,9540806.46,1
Comedy,Fall,916,156.16,353997.58,9,3.84,0,0,7.7,60400,9432064.0,1
Family,Summer,1153,103.68,148295.27,19,5.92,0,1,9.0,173503,17988791.04,1
Experimental,Summer,649,101.26,418556.58,31,3.14,0,0,2.2,53736,5441307.36,0
Comedy,Winter,1633,212.65,482364.16,28,6.97,0,1,7.49,362134,77007795.1,1
Comedy,Winter,910,119.93,150894.64,5,4.08,0,0,3.95,26652,3196374.36,0
Tragedy,Spring,1031,143.66,393420.83,5,1.5,0,0,3.5,26751,3843048.66,0
Experimental,Summer,1666,151.65,407645.77,8,9.71,0,1,9.67,83108,12603328.2,0
Experimental,Winter,609,151.67,247927.87,24,8.6,0,1,2.86,96490,14634638.3,0
Drama,Winter,1014,72.95,48434.92,13,3.73,0,0,9.23,83383,6082789.85,0
Drama,Spring,1988,159.88,394160.04,20,2.17,0,0,8.41,234566,37502412.08,0
Thriller,Winter,919,100.29,206701.73,6,7.62,0,1,8.91,43670,4379664.3,1
Comedy,Summer,408,172.38,107995.28,3,2.99,0,0,6.27,5937,1023420.06,0
Drama,Fall,711,57.78,315191.87,25,6.45,0,0,6.26,140360,8110000.8,1
Musical,Spring,1920,248.68,221284.36,10,8.01,1,0,4.62,127656,31745494.08,0
Comedy,Fall,1566,198.71,48348.36,3,3.45,0,0,4.61,21249,4222388.79,0
Comedy,Fall,1656,118.88,491918.94,8,3.56,0,0,8.66,104924,12473365.12,1
Tragedy,Fall,656,92.8,126107.63,11,1.55,0,0,4.49,25749,2389507.2,0
Drama,Winter,1710,112.26,257927.7,14,3.88,0,0,5.38,149649,16799596.74,0
Family,Winter,908,187.27,335307.69,28,6.38,0,1,9.97,201358,37708312.66,1
Thriller,Winter,1630,172.47,61969.24,7,2.4,0,1,4.19,41660,7185100.2,0
Tragedy,Fall,1785,182.97,371008.0,20,9.58,0,1,8.4,282744,51733669.68,1
Drama,Winter,574,225.02,325902.97,10,7.5,0,0,3.49,38676,8702873.52,0
Tragedy,Fall,1889,127.67,249407.68,16,2.84,0,0,1.23,125373,16006370.91,0
Thriller,Fall,1338,175.64,266523.35,10,5.78,0,0,6.34,89741,15762109.24,0
Comedy,Fall,1515,124.34,477623.54,12,4.52,0,0,5.31,143985,17903094.9,1
Drama,Winter,1562,168.57,455894.43,19,4.44,0,1,8.08,235049,39622209.93,1
Tragedy,Spring,503,131.84,60431.75,19,6.04,0,1,1.04,32320,4261068.8,0
Comedy,Fall,1542,199.75,187532.27,6,1.97,0,1,1.64,41149,8219512.75,0
Comedy,Summer,583,26.18,260801.86,6,2.94,0,0,8.74,27114,709844.52,1
Comedy,Winter,688,73.53,460388.04,9,2.35,0,0,5.33,49040,3605911.2,1
Comedy,Spring,409,91.7,409198.85,28,2.57,0,1,5.56,90699,8317098.3,1
Family,Fall,526,237.71,196308.94,11,6.9,0,1,3.03,37480,8909370.8,0
Tragedy,Spring,1962,139.09,443674.15,19,9.97,0,1,9.33,295241,41065070.69,1
Tragedy,Winter,790,106.98,192188.11,15,6.86,0,1,9.23,81256,8692766.88,0
Thriller,Winter,896,115.97,139240.5,12,9.86,0,1,5.65,85155,9875425.35,1
Comedy,Spring,1063,126.66,306896.85,3,6.19,0,0,2.96,23928,3030720.48,1
Musical,Winter,1483,220.26,181171.37,15,3.55,1,1,9.85,176180,38805406.8,1
Family,Summer,1232,241.53,313091.74,31,8.85,0,1,9.03,302480,73057994.4,1
Musical,Winter,1165,214.94,207793.62,30,1.6,1,0,5.69,189535,40738652.9,0
Thriller,Fall,1706,214.37,398905.72,11,1.92,0,0,6.64,91954,19712178.98,0
Drama,Spring,1092,69.78,477383.93,17,9.53,0,1,4.96,147026,10259474.28,1
Drama,Spring,1584,85.45,138803.04,10,6.85,0,1,2.85,107275,9166648.75,0
Musical,Summer,1839,159.11,257454.99,29,9.36,1,1,7.13,422381,67205040.91,1
Experimental,Spring,1417,172.63,363594.06,18,2.2,0,0,7.02,91878,15860899.14,0
Tragedy,Spring,263,70.61,83466.95,29,7.91,0,1,5.93,50159,3541726.99,0
Comedy,Winter,674,192.91,398973.54,27,3.11,0,1,8.33,144128,27803732.48,1
Family,Winter,1311,69.99,293571.12,11,4.09,0,0,5.07,110347,7723186.53,1
Musical,Summer,1061,84.18,79121.56,15,9.09,1,1,8.75,126046,10610552.28,1
Tragedy,Spring,712,94.03,434773.65,19,4.7,0,0,2.95,87948,8269750.44,0
Tragedy,Spring,803,215.35,216217.12,9,7.03,0,0,9.66,42284,9105859.4,0
Tragedy,Winter,341,189.72,92426.58,26,8.99,0,1,2.85,43042,8165928.24,0
Musical,Summer,622,144.4,101721.2,18,8.84,1,1,2.44,83809,12102019.6,1
Experimental,Spring,1609,209.44,393825.67,8,1.08,0,0,6.43,35551,7445801.44,0
Drama,Summer,218,207.91,468179.5,16,2.42,0,0,1.84,15462,3214704.42,0
Thriller,Summer,1706,112.71,192233.71,26,9.27,0,1,2.51,306358,34529610.18,0
Family,Fall,811,200.82,44019.9,14,6.06,0,0,7.56,60525,12154630.5,0
Comedy,Summer,1654,71.4,54907.42,23,5.32,0,0,3.77,217938,15560773.2,0
Musical,Winter,661,138.23,328966.86,31,1.59,1,0,8.2,162288,22433070.24,1
Comedy,Fall,1691,51.6,188522.1,12,1.23,0,0,2.4,133676,6897681.6,0
Family,Winter,1229,121.03,215935.09,31,9.58,0,1,4.47,301744,36520076.32,1
Experimental,Summer,1732,142.08,171838.45,14,5.26,0,0,4.48,49313,7006391.04,0
Experimental,Fall,312,42.98,235441.59,18,8.08,0,1,5.32,30212,1298511.76,0
Drama,Summer,1635,129.09,323556.98,25,2.98,0,0,4.69,251877,32514801.93,0
Thriller,Fall,686,171.63,272863.89,4,3.13,0,0,4.48,14270,2449160.1,0
Drama,Fall,845,163.17,86299.5,23,6.04,0,1,3.96,112298,18323664.66,0
Thriller,Summer,280,37.23,248187.88,19,8.88,0,1,1.14,42029,1564739.67,1
Comedy,Winter,1917,46.45,233003.46,21,3.6,0,0,6.55,318835,14809885.75,1
Thriller,Winter,1354,104.06,275139.94,30,3.96,0,0,5.26,249234,25935290.04,0
Thriller,Winter,1965,214.6,59781.67,16,5.96,0,1,4.36,189508,40668416.8,0
Experimental,Spring,1222,220.7,80995.93,29,1.36,0,0,2.9,74290,16395803.0,0
Tragedy,Fall,484,94.66,267470.87,19,4.41,0,0,9.02,57411,5434525.26,0
Comedy,Spring,807,186.75,141340.35,8,6.01,0,1,3.14,40911,7640129.25,0
Tragedy,Spring,991,154.91,316370.69,21,1.04,0,0,9.29,95183,14744798.53,0
Drama,Winter,465,246.27,189511.93,7,6.74,0,0,2.96,12681,3122949.87,0
Musical,Spring,1876,46.29,114263.7,28,1.46,1,1,9.74,416021,19257612.09,1
Tragedy,Winter,1924,148.27,329915.42,6,7.48,0,0,4.78,75516,11196757.32,0
Family,Summer,1214,158.32,199984.3,16,8.22,0,1,5.79,153838,24355632.16,1
Tragedy,Summer,1251,94.23,83018.17,26,8.55,0,0,3.69,160163,15092159.49,0
Family,Spring,1466,35.56,405360.44,2,7.06,0,1,9.45,23221,825738.76,1
Drama,Fall,1422,36.72,218720.56,16,6.05,0,0,3.54,180195,6616760.4,1
Tragedy,Fall,312,127.06,457959.82,17,3.77,0,0,7.57,34684,4406949.04,0
Thriller,Summer,1156,180.81,100733.46,12,4.82,0,1,1.18,60977,11025251.37,0
Comedy,Winter,1598,182.54,438793.37,22,1.78,0,0,6.03,248606,45380539.24,1
Musical,Summer,1651,65.72,408875.44,11,7.36,1,0,7.67,143835,9452836.2,1
Musical,Fall,1272,218.04,56438.33,13,1.22,1,0,5.24,57284,12490203.36,0
Experimental,Summer,1813,109.86,268182.25,10,4.72,0,0,6.79,72772,7994731.92,0
Thriller,Fall,1255,241.98,328573.02,20,5.56,0,0,7.91,176349,42672931.02,0
Drama,Spring,888,51.59,250263.69,28,6.85,0,1,5.5,187143,9654707.37,1
Drama,Summer,996,213.2,198180.23,7,4.09,0,1,2.96,28704,6119692.8,0
Musical,Fall,1442,229.38,472201.85,14,4.99,1,1,4.57,159888,36675109.44,1
Experimental,Fall,1795,210.1,351906.33,8,6.29,0,1,7.58,78143,16417844.3,0
Musical,Summer,613,206.99,483105.59,9,9.31,1,0,3.44,43694,9044221.06,1
Family,Fall,728,106.29,423884.0,31,7.05,0,1,6.69,178738,18998062.02,1
Drama,Fall,1373,185.5,409480.04,23,3.29,0,0,2.33,161222,29906681.0,0
Comedy,Summer,1574,155.35,364187.98,30,8.63,0,1,9.37,373982,58098103.7,1
Drama,Spring,918,120.51,324809.22,21,1.5,0,0,6.43,112576,13566533.76,0
Family,Fall,1357,248.45,443996.74,21,3.45,0,1,5.21,217679,54082347.55,1
Musical,Winter,212,90.35,308637.84,23,1.97,1,1,8.3,38617,3489045.95,1
Comedy,Winter,725,117.96,42267.76,21,5.02,0,0,8.17,108385,12785094.6,1
Drama,Fall,1919,228.14,293368.94,26,6.73,0,1,1.88,301272,68732194.08,0
Drama,Winter,1237,90.03,55903.4,11,5.78,0,0,3.76,61666,5551789.98,0
Drama,Winter,1763,59.35,474904.03,5,8.3,0,1,5.13,69814,4143460.9,1
Experimental,Fall,591,94.75,325101.14,16,6.11,0,0,4.06,50260,4762135.0,0
Comedy,Spring,723,195.85,280044.91,2,3.09,0,1,3.86,8662,1696452.7,0
Comedy,Fall,1954,218.47,102921.46,3,5.83,0,1,4.17,35159,7681186.73,0
Comedy,Fall,1995,50.75,260304.69,3,7.62,0,1,2.28,47401,2405600.75,1
Experimental,Summer,1778,164.89,174552.85,4,5.53,0,0,2.07,21092,3477859.88,0
Comedy,Winter,770,152.64,339316.15,23,4.98,0,0,3.34,140263,21409744.32,1
Comedy,Winter,1642,175.48,304182.85,19,5.76,0,1,1.63,247088,43359002.24,1
Comedy,Summer,1025,175.99,252157.01,30,5.93,0,0,5.59,167816,29533937.84,0
Comedy,Summer,1719,240.88,130106.8,10,3.8,0,1,2.38,53397,12862269.36,0
Musical,Spring,1732,102.97,265242.85,11,8.69,1,0,1.61,150891,15537246.27,1
Thriller,Spring,982,92.45,233539.96,16,2.87,0,0,8.53,112901,10437697.45,1
Musical,Summer,748,155.78,426376.61,25,1.3,1,1,6.29,132398,20624960.44,1
Drama,Summer,1954,121.62,447696.98,29,7.67,0,1,9.09,448794,54582326.28,1
Drama,Summer,1010,131.59,380828.33,23,8.58,0,0,9.85,183981,24210059.79,1
Comedy,Spring,977,40.59,163221.78,17,6.78,0,0,6.34,131543,5339330.37,1
Family,Summer,1398,58.35,23854.31,31,5.22,0,0,8.16,339221,19793545.35,1
Thriller,Fall,1886,235.46,463041.3,7,9.78,0,1,2.44,104559,24619462.14,1
Experimental,Summer,434,40.37,496046.06,16,4.34,0,0,7.29,35736,1442662.32,0
Comedy,Fall,1972,157.78,67875.28,9,4.65,0,1,5.95,108238,17077791.64,0
Experimental,Summer,960,194.78,344379.93,6,6.32,0,0,7.09,19963,3888393.14,0
Musical,Fall,246,27.67,215447.54,13,4.87,1,0,1.94,25076,693852.92,1
Tragedy,Fall,756,75.12,78517.6,24,6.0,0,0,9.42,105131,7897440.72,0
Family,Winter,1032,109.84,499060.15,11,9.7,0,0,4.76,89907,9875384.88,1
Tragedy,Spring,1418,139.03,466948.28,26,3.14,0,0,7.98,210940,29326988.2,0
Experimental,Winter,1219,101.86,491391.39,20,2.34,0,1,9.92,153985,15684912.1,0
Comedy,Summer,444,171.02,76228.65,23,4.81,0,0,8.86,60945,10422813.9,0
Musical,Spring,1078,75.94,248502.64,9,5.54,1,1,3.81,76839,5835153.66,1
Family,Fall,618,30.73,448408.21,27,7.42,0,1,4.62,132153,4061061.69,1
Musical,Spring,685,25.35,339203.43,8,9.6,1,1,6.84,43401,1100215.35,1
Family,Spring,1480,102.74,220127.89,13,7.2,0,1,5.84,152380,15655521.2,1
Family,Winter,1645,106.37,260763.65,25,9.88,0,1,4.69,325710,34645772.7,1
Family,Spring,481,238.44,24107.79,22,3.22,0,0,6.88,38008,9062627.52,0
Tragedy,Fall,1284,35.08,307701.0,10,2.88,0,1,9.19,92696,3251775.68,1
Experimental,Spring,959,144.26,430559.18,9,3.76,0,0,3.79,37162,5360990.12,0
Drama,Spring,805,155.01,6382.85,14,8.08,0,1,2.16,58865,9124663.65,0
Tragedy,Spring,1483,182.34,84182.52,15,2.68,0,0,7.08,59301,10812944.34,0
Musical,Spring,647,168.72,261405.11,3,2.77,1,0,6.31,14549,2454707.28,1
Family,Summer,1577,26.83,282677.34,9,4.71,0,0,9.15,112408,3015906.64,1
Thriller,Summer,921,167.17,174959.41,6,3.86,0,0,7.68,26190,4378182.3,0
Family,Spring,370,97.54,18827.57,6,6.82,0,0,4.57,12455,1214860.7,0
Family,Summer,1626,198.9,373082.05,12,9.01,0,1,6.7,154439,30717917.1,1
Comedy,Summer,1733,67.38,125247.93,3,2.25,0,0,8.76,36323,2447443.74,0
Musical,Fall,1213,186.15,324065.76,22,5.92,1,1,4.13,211353,39343360.95,1
Experimental,Winter,1503,165.74,281777.64,22,1.8,0,1,1.12,128637,21320296.38,0
Tragedy,Fall,465,171.77,218264.85,8,2.99,0,0,6.64,14413,2475721.01,0
Musical,Winter,810,64.59,297193.3,28,3.78,1,1,1.23,179625,11601978.75,1
Experimental,Spring,829,175.56,349044.18,19,6.21,0,0,9.44,76562,13441224.72,0
Experimental,Spring,1574,190.82,288260.94,11,5.99,0,1,2.51,73779,14078508.78,0
Tragedy,Winter,833,135.12,280975.09,7,6.79,0,0,4.37,35247,4762574.64,0
Family,Summer,1510,101.58,220858.48,14,8.37,0,1,9.52,167428,17007336.24,1
Musical,Winter,752,62.47,217867.09,30,2.69,1,0,1.72,156898,9801418.06,0
Musical,Summer,1281,90.24,248028.16,2,7.69,1,0,1.04,19593,1768072.32,1
Drama,Spring,577,196.86,228778.57,2,7.0,0,1,1.93,5736,1129188.96,0
Thriller,Winter,1205,117.12,222317.17,14,1.72,0,1,9.87,122189,14310775.68,1
Musical,Fall,345,183.11,109133.19,29,4.1,1,0,9.75,68912,12618476.32,0
Musical,Winter,1522,191.52,363794.77,10,1.25,1,0,4.46,104028,19923442.56,0
Thriller,Summer,252,176.69,70811.47,24,1.81,0,1,7.69,30507,5390281.83,0
Family,Spring,1998,176.55,454811.66,19,3.55,0,0,7.62,300659,53081346.45,1
Family,Fall,1710,162.43,314298.87,7,3.19,0,0,1.9,72331,11748724.33,0
Family,Spring,1241,141.64,29205.84,29,9.1,0,1,3.12,233837,33120672.68,0
Family,Fall,1837,69.51,331204.36,6,9.04,0,1,9.0,87294,6067805.94,1
Thriller,Summer,1655,214.63,183949.56,17,6.2,0,1,2.49,126270,27101330.1,0
Tragedy,Winter,456,241.96,465233.6,21,7.62,0,0,5.69,59815,14472837.4,0
Family,Winter,1539,129.96,468357.37,22,10.0,0,1,3.2,268155,34849423.8,1
Comedy,Summer,879,234.98,423734.55,27,4.69,0,1,6.02,171988,40413740.24,1
Musical,Winter,1740,249.55,286085.21,23,5.7,1,1,2.77,277801,69325239.55,0
Family,Spring,1754,134.39,459992.96,21,6.86,0,0,2.94,291725,39204922.75,1
Drama,Spring,1918,187.98,326655.05,6,9.29,0,1,1.42,82339,15478085.22,1
Experimental,Winter,1011,169.85,438188.88,11,8.17,0,0,9.91,78776,13380103.6,1
Comedy,Fall,547,78.38,84226.33,12,1.58,0,0,2.02,34850,2731543.0,0
Family,Summer,425,35.6,452569.26,13,7.42,0,0,4.74,43758,1557784.8,1
Musical,Spring,497,127.0,332487.39,5,3.27,1,1,4.76,19681,2499487.0,1
Thriller,Summer,1985,202.12,155120.59,4,3.29,0,0,3.73,29186,5899074.32,0
Tragedy,Fall,1255,98.16,498917.7,15,5.93,0,0,8.15,132235,12980187.6,0
Tragedy,Winter,833,201.5,345007.56,23,7.27,0,1,4.04,135783,27360274.5,1
Drama,Winter,1008,172.33,454665.95,28,2.43,0,0,6.63,212137,36557569.21,1
Experimental,Summer,511,181.5,7764.83,30,3.83,0,0,5.89,41041,7448941.5,0
Comedy,Summer,1227,89.29,278407.51,16,7.45,0,1,8.78,155485,13883255.65,1
Family,Spring,966,130.76,357703.65,28,2.37,0,0,8.38,214220,28011407.2,1
Comedy,Spring,1636,65.88,11799.76,15,8.65,0,0,2.96,161997,10672362.36,0
Musical,Summer,238,80.48,382466.82,16,5.1,1,1,7.75,30159,2427196.32,1
Experimental,Fall,1877,45.22,327466.86,8,6.27,0,1,8.13,99029,4478091.38,0
Drama,Spring,309,53.52,141006.03,20,1.72,0,0,9.27,30841,1650610.32,0
Drama,Summer,951,72.37,346027.75,11,9.59,0,1,9.67,82851,5995926.87,1
Experimental,Fall,813,155.55,69796.01,16,9.17,0,1,7.63,80590,12535774.5,0
Experimental,Winter,1492,124.27,412898.41,30,2.71,0,0,5.05,209877,26081414.79,0
Experimental,Winter,1384,85.06,433781.43,18,6.97,0,1,3.64,166045,14123787.7,0
Comedy,Summer,554,218.75,245311.08,11,8.14,0,0,8.78,42041,9196468.75,0
Family,Summer,1083,143.16,256183.87,22,2.1,0,1,9.24,165583,23704862.28,0
Comedy,Winter,1162,232.7,204016.91,23,6.2,0,1,1.88,168602,39233685.4,0
Family,Fall,1034,167.87,175940.32,20,8.65,0,1,5.99,163785,27494587.95,1
Tragedy,Summer,239,28.55,437084.65,3,5.56,0,1,2.16,3991,113943.05,0
Musical,Fall,520,230.53,155912.22,8,9.31,1,1,3.26,32947,7595271.91,1
Comedy,Spring,1106,217.93,204410.76,5,1.43,0,0,4.45,25618,5582930.74,0
Tragedy,Summer,668,167.94,153458.57,30,9.27,0,1,3.8,92265,15494984.1,0
Drama,Summer,1181,145.32,330072.82,11,9.79,0,1,7.44,102888,14951684.16,1
Comedy,Winter,494,126.91,408038.07,16,2.4,0,0,1.71,60668,7699375.88,1
Tragedy,Spring,1523,133.49,86346.23,29,4.88,0,0,6.52,173463,23155575.87,0
Musical,Winter,539,198.07,131097.55,31,6.59,1,1,6.23,132335,26211593.45,1
Drama,Summer,1369,140.46,56533.32,8,9.04,0,1,8.08,86739,12183359.94,1
Family,Spring,1705,64.61,84291.06,27,2.44,0,0,1.87,248490,16054938.9,0
Comedy,Fall,845,38.09,206406.4,23,4.01,0,1,3.99,153925,5863003.25,1
Thriller,Fall,451,53.39,389058.76,20,8.18,0,1,7.27,71438,3814074.82,1
Tragedy,Spring,210,81.57,273100.88,7,4.69,0,1,7.41,10243,835521.51,0
Tragedy,Spring,848,107.74,31371.76,22,6.44,0,0,5.05,76792,8273570.08,0
Comedy,Spring,407,225.79,314417.94,20,6.04,0,0,5.16,45560,10286992.4,0
Tragedy,Summer,1787,78.79,398675.56,15,9.76,0,1,9.68,212295,16726723.05,1
Family,Spring,1951,96.91,199766.56,19,2.27,0,0,3.94,233905,22667733.55,0
Experimental,Fall,1965,75.18,126281.24,8,9.54,0,0,2.35,73385,5517084.3,0
Drama,Spring,1860,147.79,383149.18,20,6.08,0,0,9.58,294624,43542480.96,1
Thriller,Winter,1256,163.84,16833.59,6,9.14,0,1,8.29,59685,9778790.4,1
Experimental,Winter,785,144.73,408717.56,10,2.06,0,0,3.13,34981,5062800.13,0
Musical,Fall,1003,239.17,403108.49,16,6.77,1,0,8.72,127100,30398507.0,1
Family,Winter,665,248.96,444553.04,6,8.56,0,0,3.27,30562,7608715.52,1
Tragedy,Winter,1712,213.41,49292.57,29,8.08,0,1,8.45,275846,58868294.86,0
Experimental,Spring,985,206.19,58340.45,28,1.09,0,0,6.66,29901,6165287.19,0
Thriller,Summer,893,107.36,437012.65,16,5.07,0,0,5.34,85622,9192377.92,0
Family,Winter,1441,155.45,240255.07,19,2.04,0,1,9.35,216841,33707933.45,1
Drama,Summer,872,104.08,199207.56,10,2.38,0,0,8.28,50107,5215136.56,0
Musical,Fall,842,201.48,288780.31,8,7.36,1,1,2.17,52225,10522293.0,1
Experimental,Winter,609,63.66,33998.62,30,9.61,0,1,7.35,108355,6897879.3,0
Tragedy,Winter,321,73.75,323639.5,14,6.71,0,1,8.11,35592,2624910.0,1
Tragedy,Summer,268,33.71,472816.16,30,1.92,0,0,5.87,45982,1550053.22,0
Drama,Summer,925,162.01,339481.35,4,3.2,0,0,3.48,15078,2442786.78,0
Drama,Spring,1991,179.92,234944.88,5,4.41,0,0,3.11,52811,9501755.12,0
Family,Summer,669,25.76,480636.09,16,2.13,0,0,9.77,84775,2183804.0,1
Comedy,Summer,1353,139.93,345815.62,25,8.63,0,1,4.93,264620,37028276.6,1
Thriller,Summer,784,109.8,33195.42,14,2.75,0,0,5.67,36645,4023621.0,0
Comedy,Summer,744,203.29,336673.03,27,2.17,0,0,6.38,109299,22219393.71,0
Drama,Winter,493,33.75,34549.45,5,7.53,0,1,1.91,17747,598961.25,1
Drama,Winter,1214,35.93,157078.79,27,2.14,0,0,1.73,163527,5875525.11,0
Experimental,Fall,1385,164.55,309763.32,15,4.69,0,1,2.78,96832,15933705.6,0
Experimental,Spring,830,158.12,111729.93,10,5.64,0,0,1.59,25346,4007709.52,0
Musical,Summer,1147,212.0,23903.65,21,1.72,1,0,9.09,67067,14218204.0,0
Comedy,Fall,1057,158.26,310887.08,25,6.0,0,0,2.33,191265,30269598.9,1
Tragedy,Spring,687,238.61,146499.36,29,5.32,0,1,3.04,86348,20603496.28,0
Comedy,Summer,1445,95.74,268817.29,4,7.02,0,1,5.84,45777,4382689.98,1
Family,Fall,1196,114.53,134267.06,23,2.97,0,0,9.07,190002,21760929.06,0
Drama,Winter,318,244.98,344782.28,11,4.21,0,0,1.44,19238,4712925.24,0
Musical,Winter,1086,49.19,448372.19,17,6.94,1,1,2.94,146219,7192512.61,1
Comedy,Summer,900,204.08,47849.58,15,1.32,0,0,7.46,42260,8624420.8,0
Thriller,Summer,1632,27.6,394227.75,25,2.04,0,0,5.67,288602,7965415.2,1
Drama,Summer,751,134.47,82267.05,13,3.55,0,0,6.35,40924,5503050.28,0
Family,Fall,1920,59.52,168057.84,10,1.96,0,0,1.15,107236,6382686.72,0
Musical,Summer,1307,159.74,181895.82,16,1.36,1,0,8.8,118664,18955387.36,0
Musical,Summer,435,204.59,107123.44,22,9.89,1,1,6.21,75794,15506694.46,1
Tragedy,Spring,926,32.43,42241.0,27,5.1,0,0,8.51,146522,4751708.46,0
Tragedy,Summer,1791,61.85,385400.81,2,5.8,0,0,9.67,23867,1476173.95,0
Comedy,Spring,658,102.09,397845.63,19,3.29,0,0,7.59,98665,10072709.85,1
Drama,Fall,1468,82.55,498432.48,4,1.07,0,0,1.28,35356,2918637.8,0
Musical,Winter,1610,111.22,467629.1,20,7.76,1,0,7.4,255024,28363769.28,1
Thriller,Winter,1446,239.17,220148.0,20,7.51,0,1,6.07,185947,44472943.99,0
Comedy,Summer,362,47.77,71027.07,27,9.75,0,1,1.93,77410,3697875.7,1
Musical,Winter,873,120.24,10296.5,7,1.19,1,1,3.43,33198,3991727.52,0
Comedy,Winter,826,127.85,268101.18,25,2.23,0,0,2.52,109090,13947156.5,0
Experimental,Summer,819,88.08,430980.37,22,7.41,0,0,9.32,104340,9190267.2,0
Drama,Winter,1782,87.66,137612.35,21,3.97,0,0,8.16,232194,20354126.04,0
Experimental,Summer,210,185.82,103475.98,21,1.57,0,0,7.31,9180,1705827.6,0
Drama,Winter,1170,164.01,222281.92,18,3.71,0,0,7.87,111633,18308928.33,0
Drama,Summer,1967,207.89,447298.74,3,1.79,0,0,6.41,28736,5973927.04,0
Drama,Summer,1775,116.14,228578.55,26,8.54,0,1,8.7,312922,36342761.08,0
Comedy,Spring,1291,161.51,362742.89,13,8.89,0,1,3.06,132921,21468070.71,1
Musical,Winter,1996,226.06,233950.47,5,6.73,1,1,3.25,77640,17551298.4,1
Thriller,Summer,924,216.55,189614.65,20,4.47,0,0,6.33,76500,16566075.0,0
Comedy,Winter,1300,232.01,223251.47,30,7.92,0,1,8.29,308880,71663248.8,1
Family,Spring,1178,85.52,385358.26,23,6.68,0,1,8.52,214584,18351223.68,1
Tragedy,Fall,285,246.72,378431.0,9,8.13,0,1,9.79,19423,4792042.56,1
Tragedy,Summer,272,208.69,218720.3,26,5.6,0,0,7.86,31105,6491302.45,0
Tragedy,Summer,1814,203.83,137470.63,27,9.63,0,1,3.09,262574,53520458.42,0
Drama,Spring,512,175.21,73867.88,11,3.61,0,0,3.08,17985,3151151.85,0
Thriller,Spring,838,246.24,5678.0,17,6.44,0,1,5.01,65707,16179691.68,0
Musical,Summer,1322,124.35,61062.5,27,8.27,1,0,6.85,269671,33533588.85,1
Family,Summer,1235,191.85,86504.36,6,9.04,0,1,5.62,55649,10676260.65,1
Experimental,Winter,1125,182.23,346519.21,12,9.52,0,1,1.61,70944,12928125.12,0
Family,Summer,1962,189.72,409868.36,15,4.56,0,0,5.34,209642,39773280.24,1
Tragedy,Spring,1616,194.08,369788.1,2,7.29,0,0,8.35,18598,3609499.84,0
Comedy,Summer,1895,67.92,363000.22,7,3.61,0,0,3.16,87795,5963036.4,0
Experimental,Fall,1385,103.54,497188.7,20,6.84,0,1,6.72,184816,19135848.64,0
Drama,Summer,1962,113.26,481485.88,9,2.66,0,0,3.43,108376,12274665.76,0
Tragedy,Winter,1282,193.3,138079.36,9,4.79,0,0,6.0,42775,8268407.5,0
Family,Summer,1175,186.16,76824.87,10,9.28,0,0,7.31,71539,13317700.24,0
Experimental,Fall,1667,212.51,80882.63,5,8.3,0,1,2.87,28989,6160452.39,0
Experimental,Spring,1763,202.42,448325.3,21,5.47,0,1,7.66,198524,40185228.08,0
Musical,Spring,322,159.11,55661.69,9,2.32,1,0,7.09,13559,2157372.49,0
Experimental,Winter,1839,56.49,173371.36,21,4.59,0,0,3.81,177016,9999633.84,0
Musical,Summer,1443,167.98,267521.53,26,2.25,1,0,9.05,239770,40276564.6,0
Thriller,Summer,1815,224.59,308658.0,16,1.62,0,0,8.02,138909,31197572.31,0
Experimental,Fall,1488,169.71,299887.66,29,9.16,0,0,5.69,225053,38193744.63,0
Thriller,Spring,1868,226.52,394271.82,7,5.42,0,0,1.74,82220,18624474.4,0
Experimental,Fall,695,249.79,287988.17,30,1.8,0,0,4.97,56604,14139113.16,0
Comedy,Summer,537,105.82,426268.04,11,7.45,0,0,3.97,45534,4818407.88,1
Comedy,Spring,552,187.74,46891.96,11,1.67,0,0,3.36,17288,3245649.12,0
Comedy,Summer,653,146.49,430187.9,31,4.57,0,1,6.79,160324,23485862.76,1
Comedy,Summer,584,127.37,297051.56,15,3.07,0,0,9.3,55819,7109666.03,0
Thriller,Spring,994,78.97,115351.62,24,2.48,0,0,2.32,126289,9973042.33,0
Tragedy,Fall,556,80.33,488982.88,26,5.8,0,1,7.67,114491,9197062.03,1
Family,Fall,484,66.62,470168.47,15,7.48,0,1,6.6,57499,3830583.38,1
Comedy,Summer,1142,167.08,423634.28,11,5.38,0,1,7.0,99491,16622956.28,1
Comedy,Winter,1628,56.96,456240.09,16,8.39,0,1,8.61,206300,11750848.0,1
Drama,Fall,444,122.06,194160.15,13,9.26,0,0,4.38,44399,5419341.94,1
Tragedy,Winter,1120,142.75,117763.41,14,8.26,0,1,6.22,107141,15294377.75,0
Experimental,Spring,1386,123.6,95537.41,9,9.61,0,1,3.49,60388,7463956.8,0
Experimental,Winter,1470,217.36,437511.18,29,9.36,0,0,3.56,241505,52493526.8,0
Drama,Summer,389,124.71,414182.52,19,8.49,0,0,5.62,53558,6679218.18,1
Tragedy,Fall,1520,43.64,490564.5,25,3.63,0,0,1.07,216419,9444525.16,0
Thriller,Winter,248,248.24,424884.79,21,2.57,0,1,3.23,30981,7690723.44,0
Thriller,Summer,626,215.12,318021.13,12,7.54,0,1,2.36,44140,9495396.8,0
Musical,Summer,774,173.51,75429.47,11,8.61,1,1,2.08,49021,8505633.71,0
Thriller,Spring,1735,195.17,86599.53,31,8.41,0,1,4.46,305627,59649221.59,0
Musical,Fall,545,53.84,239481.27,2,6.79,1,0,1.94,8632,464746.88,1
Musical,Winter,1608,197.33,385058.79,10,8.47,1,1,2.39,127353,25130567.49,1
Thriller,Summer,1979,71.74,90771.32,24,7.36,0,1,7.02,372382,26714684.68,1
Musical,Spring,1927,135.02,458181.17,18,6.99,1,0,6.86,274713,37091749.26,1
Comedy,Summer,745,65.05,343476.41,20,1.42,0,0,9.51,117047,7613907.35,1
Thriller,Summer,372,194.6,159593.0,2,5.14,0,0,9.28,4060,790076.0,0
Thriller,Winter,599,80.34,443451.0,8,1.3,0,0,8.87,37952,3049063.68,1
Tragedy,Spring,1583,81.97,301322.03,19,1.83,0,0,7.22,158910,13025852.7,0
Musical,Summer,554,49.58,367913.45,11,5.87,1,1,3.4,48264,2392929.12,1
Family,Fall,1362,187.14,195793.89,16,1.43,0,0,2.6,77676,14536286.64,0
Experimental,Spring,872,91.57,199807.52,30,9.22,0,1,9.54,162306,14862360.42,0
Experimental,Winter,1580,141.61,11245.7,21,5.05,0,0,9.64,113060,16010426.6,0
Family,Winter,1290,99.75,271261.5,20,7.3,0,1,5.54,204336,20382516.0,1
Comedy,Summer,1253,199.31,381594.42,7,2.33,0,0,5.94,50199,10005162.69,0
Experimental,Fall,1607,75.96,484568.13,19,8.63,0,1,1.05,219576,16678992.96,1
Tragedy,Winter,1918,236.69,446652.28,30,5.3,0,1,2.34,293801,69539758.69,0
Musical,Fall,856,97.3,48060.59,21,6.03,1,0,5.91,132020,12845546.0,1
Family,Spring,1151,48.37,490357.46,25,6.84,0,1,2.64,227898,11023426.26,1
Comedy,Spring,1326,79.07,78992.94,30,5.86,0,0,5.31,273104,21594333.28,0
Experimental,Summer,1681,41.64,25351.58,29,6.07,0,1,8.15,210782,8776962.48,0
Comedy,Spring,1067,130.47,375720.27,12,7.7,0,1,8.21,101407,13230571.29,1
Experimental,Summer,874,81.31,453413.79,10,8.26,0,1,8.75,56365,4583038.15,0
Tragedy,Fall,1723,224.36,475142.54,10,3.76,0,0,3.12,65408,14674938.88,0
Tragedy,Fall,1915,141.35,413363.17,25,9.3,0,1,4.89,341154,48222117.9,1
Comedy,Spring,1224,77.51,106428.58,13,4.19,0,0,6.64,105750,8196682.5,0
Family,Spring,386,126.54,81231.44,26,3.45,0,0,6.23,58611,7416635.94,0
Musical,Spring,721,69.1,34189.4,26,3.8,1,0,9.99,125310,8658921.0,0
Tragedy,Summer,1033,65.21,293074.69,21,4.23,0,0,3.49,105383,6872025.43,0
Comedy,Winter,1466,92.65,246174.48,5,3.85,0,0,1.64,45784,4241887.6,0
Tragedy,Summer,1405,49.37,59095.39,23,8.59,0,1,4.49,167774,8283002.38,0
Drama,Summer,1676,67.45,235089.42,8,6.05,0,0,5.66,81253,5480514.85,0
Thriller,Fall,253,236.06,285825.18,18,9.71,0,1,4.49,35845,8461570.7,1
Comedy,Spring,1037,175.03,362862.55,8,1.76,0,1,3.87,51411,8998467.33,0
Drama,Spring,1461,232.25,210027.8,3,6.53,0,0,3.32,15979,3711122.75,0
Drama,Spring,1976,82.79,162584.46,21,1.86,0,1,4.85,238746,19765781.34,0
Thriller,Fall,456,217.83,334511.2,15,5.13,0,0,7.2,43304,9432910.32,0
Drama,Summer,1782,106.51,343690.7,21,4.44,0,0,2.34,189511,20184816.61,0
Comedy,Fall,213,57.44,138862.14,16,7.13,0,0,8.79,26991,1550363.04,1
Thriller,Fall,554,206.06,14812.43,13,7.71,0,1,6.77,42712,8801234.72,0
Comedy,Summer,1724,38.42,473116.83,2,3.14,0,1,1.97,27308,1049173.36,1
Comedy,Winter,1616,116.09,378866.77,10,2.74,0,0,1.21,109497,12711506.73,0
Drama,Winter,1950,209.35,104546.65,28,4.78,0,1,1.46,247619,51839037.65,0
Comedy,Spring,1281,163.87,285004.5,24,3.18,0,0,1.81,160395,26283928.65,0
Thriller,Winter,1308,141.56,299499.03,15,7.09,0,0,6.79,155390,21997008.4,1
Tragedy,Spring,1162,104.57,67364.37,2,5.66,0,0,9.47,13835,1446725.95,0
Experimental,Spring,1121,41.89,99870.26,31,8.44,0,1,2.2,174718,7318937.02,0
Family,Fall,1125,247.97,478569.73,24,9.83,0,1,3.56,213840,53025904.8,1
Musical,Spring,726,64.32,256465.38,2,4.4,1,1,8.79,11499,739615.68,1
Comedy,Summer,1736,82.44,99763.9,8,9.21,0,1,5.55,109992,9067740.48,1
Comedy,Spring,841,78.08,399799.5,7,7.99,0,1,4.84,46625,3640480.0,1
Thriller,Summer,1299,229.29,237933.78,29,2.34,0,0,5.26,181020,41506075.8,0
Drama,Winter,1404,196.83,321013.98,30,8.52,0,1,1.91,333590,65660519.7,1
Experimental,Winter,1167,127.9,152263.26,14,5.33,0,1,2.98,69666,8910281.4,0
Comedy,Spring,1300,239.97,33662.53,7,7.38,0,1,9.66,52946,12705451.62,0
Tragedy,Fall,287,36.88,86647.39,21,7.32,0,1,6.79,43856,1617409.28,1
Musical,Summer,768,226.08,486653.27,10,8.97,1,1,3.58,60825,13751316.0,1
Experimental,Summer,1006,38.6,313676.28,5,7.85,0,0,9.52,25594,987928.4,0
Experimental,Fall,909,113.0,416387.17,9,8.42,0,1,4.58,60210,6803730.0,1
Family,Winter,1834,37.15,15652.18,9,3.89,0,0,2.27,86925,3229263.75,0
Comedy,Summer,1814,249.77,383903.94,3,9.76,0,1,9.69,43100,10765087.0,1
Musical,Spring,1481,230.74,245051.27,23,6.95,1,1,6.99,269778,62248575.72,1
Thriller,Winter,834,156.58,334327.4,12,7.96,0,1,7.78,79263,12411000.54,1
Tragedy,Winter,291,74.02,182311.49,18,8.73,0,0,1.2,31696,2346137.92,0
Experimental,Summer,1559,87.27,312330.07,18,2.11,0,0,3.55,103730,9052517.1,0
Thriller,Fall,1791,126.15,22631.79,25,4.03,0,0,9.51,276039,34822319.85,0
Tragedy,Winter,1081,97.63,27566.41,24,8.52,0,0,2.4,146740,14326226.2,0
Experimental,Fall,1688,29.8,400424.02,18,9.3,0,1,8.86,231048,6885230.4,1
Family,Summer,1875,172.66,66610.31,27,7.8,0,1,7.93,340531,58796082.46,0
Tragedy,Winter,1184,163.02,11922.05,19,5.34,0,0,4.41,94386,15386805.72,0
Musical,Winter,577,228.47,456665.96,2,3.26,1,0,8.98,9139,2087987.33,1
Musical,Fall,240,132.29,136438.22,27,5.73,1,1,9.3,51321,6789255.09,1
Tragedy,Spring,1562,102.56,293279.17,25,4.58,0,0,8.8,222858,22856316.48,0
Tragedy,Summer,1212,140.09,420263.9,14,8.97,0,1,4.67,120136,16829852.24,1
Musical,Fall,476,68.81,374224.0,13,6.11,1,0,6.28,49008,3372240.48,1
Musical,Summer,298,165.75,28080.77,28,4.53,1,1,3.76,45502,7541956.5,0
Thriller,Fall,1945,198.26,282669.61,14,5.49,0,0,2.17,148852,29511397.52,0
Family,Fall,776,59.53,273189.94,13,9.4,0,1,9.12,79896,4756208.88,1
Musical,Spring,788,96.64,178289.69,23,6.52,1,0,9.83,143542,13871898.88,1
Tragedy,Fall,1332,220.26,378013.68,11,3.06,0,1,1.53,59374,13077717.24,0
Musical,Fall,855,138.74,482182.8,14,5.5,1,0,7.19,94802,13152829.48,1
Family,Spring,1843,144.66,77857.39,25,5.19,0,1,9.54,358258,51825602.28,1
Family,Fall,1425,187.54,76885.88,8,3.79,0,1,6.47,65587,12300185.98,0
Experimental,Fall,844,155.03,368694.33,2,7.63,0,1,1.42,7769,1204428.07,0
Thriller,Spring,679,40.66,229936.12,12,3.41,0,0,1.13,55304,2248660.64,0
Thriller,Fall,1748,205.89,398633.37,7,5.43,0,1,5.54,94161,19386808.29,1
Experimental,Summer,1265,232.64,74833.42,12,4.97,0,0,9.46,39310,9145078.4,0
Thriller,Summer,1853,36.99,24729.48,4,5.2,0,0,3.51,33816,1250853.84,0
Tragedy,Fall,821,52.28,350477.37,19,6.1,0,0,4.15,113818,5950405.04,1
Family,Spring,237,182.94,497381.97,17,7.15,0,0,8.16,31909,5837432.46,1
Thriller,Spring,1818,161.01,51925.11,10,2.29,0,0,8.21,84930,13674579.3,0
Family,Summer,630,111.07,432847.26,20,3.59,0,0,9.49,99792,11083897.44,1
Tragedy,Winter,1721,146.33,195718.42,6,7.96,0,1,8.55,78334,11462614.22,1
Experimental,Spring,1477,183.25,13310.82,2,9.17,0,1,6.35,11312,2072924.0,0
Musical,Winter,617,138.51,257460.79,16,1.4,1,0,9.45,78186,10829542.86,1
Musical,Spring,1562,56.54,143032.83,6,1.66,1,1,6.53,74226,4196738.04,1
Musical,Summer,346,45.12,348234.56,27,9.4,1,1,6.41,73988,3338338.56,1
Tragedy,Summer,906,123.74,147476.16,11,2.33,0,0,1.14,19597,2424932.78,0
Thriller,Summer,841,232.65,243441.56,14,9.81,0,0,5.1,80199,18658297.35,0
Drama,Spring,1382,150.5,104279.8,10,8.45,0,1,1.39,92669,13946684.5,0
Drama,Winter,1162,105.6,414910.37,15,2.09,0,0,9.09,127007,13411939.2,1
Experimental,Summer,1301,229.46,463088.57,4,1.92,0,0,1.09,15397,3532995.62,0
Family,Winter,1057,112.44,204651.2,30,9.8,0,1,3.76,251143,28238518.92,1
Thriller,Fall,1531,139.56,227195.62,7,3.29,0,0,9.96,72626,10135684.56,0
Tragedy,Fall,488,51.21,491428.42,13,5.85,0,1,8.16,49892,2554969.32,1
Comedy,Summer,1493,190.92,75347.16,27,3.13,0,0,7.82,165238,31547238.96,0
Musical,Fall,290,182.57,405266.66,14,6.41,1,0,7.42,32155,5870538.35,1
Drama,Winter,354,203.7,285802.91,23,8.56,0,1,1.46,62480,12727176.0,1
Experimental,Winter,1502,98.17,440963.54,4,6.91,0,1,3.59,43763,4296213.71,1
Comedy,Winter,484,123.11,149752.13,10,1.42,0,0,8.19,33766,4156932.26,0
Thriller,Spring,1586,62.88,151598.19,24,6.36,0,0,9.06,301466,18956182.08,1
Thriller,Fall,438,242.01,166280.87,9,6.95,0,0,4.15,19729,4774615.29,0
Comedy,Summer,464,44.37,13232.39,14,2.81,0,0,3.33,31197,1384210.89,0
Drama,Winter,1878,171.03,89096.99,4,7.86,0,1,3.12,48629,8317017.87,0
Thriller,Winter,519,183.68,497320.39,17,6.64,0,1,5.93,69878,12835191.04,1
Musical,Winter,1844,60.49,128229.54,12,1.09,1,0,3.62,154280,9332397.2,0
Tragedy,Spring,826,107.2,14858.96,27,9.55,0,1,1.19,123586,13248419.2,0
Experimental,Summer,1635,34.7,142877.46,13,5.01,0,0,4.52,90269,3132334.3,0
Thriller,Fall,1890,150.24,207153.13,26,3.09,0,0,5.98,216872,32582849.28,0
Family,Fall,410,248.86,276154.7,29,1.78,0,0,6.71,62637,15587843.82,0
Musical,Summer,794,121.72,38940.18,27,4.37,1,0,4.09,119942,14599340.24,0
Drama,Spring,1233,247.75,396262.32,24,3.77,0,0,3.83,142517,35308586.75,0
Drama,Spring,1757,53.4,413623.13,19,3.68,0,1,3.55,258172,13786384.8,1
Comedy,Fall,537,113.3,110514.49,16,8.14,0,1,6.61,68048,7709838.4,1
Drama,Summer,536,227.94,400217.0,4,6.81,0,1,3.55,11711,2669405.34,0
Experimental,Summer,863,222.26,183906.32,6,2.2,0,0,9.25,14336,3186319.36,0
Drama,Winter,568,97.81,214439.54,13,7.37,0,0,3.54,52128,5098639.68,1
Thriller,Spring,680,177.69,468512.19,21,7.51,0,0,8.12,113097,20096205.93,1
Thriller,Winter,433,224.39,446492.67,2,5.63,0,0,3.88,6653,1492866.67,1
Thriller,Summer,1692,197.55,190679.8,30,9.96,0,1,6.71,330049,65201179.95,0
Drama,Winter,1634,166.41,246614.6,31,3.55,0,0,7.29,294601,49024552.41,0
Comedy,Winter,460,59.33,146829.28,4,1.53,0,0,2.57,12043,714511.19,0
Thriller,Fall,1166,41.43,260139.96,4,1.26,0,0,4.42,28826,1194261.18,0
Comedy,Summer,1363,163.29,342544.41,27,3.88,0,1,2.15,232082,37896669.78,0
Thriller,Spring,1329,137.56,50870.51,7,5.48,0,0,5.6,46578,6407269.68,0
Musical,Spring,1971,78.56,460321.36,7,1.7,1,0,9.18,109272,8584408.32,1
Musical,Winter,1354,90.87,360842.61,7,6.09,1,0,6.37,75065,6821156.55,1
Family,Spring,1436,113.22,52892.58,23,9.11,0,0,7.31,261581,29616200.82,1
Thriller,Summer,259,136.49,435149.55,5,8.17,0,1,3.55,10256,1399841.44,1
Musical,Summer,342,112.81,373123.02,7,7.05,1,0,5.21,18960,2138877.6,1
Experimental,Fall,1314,112.14,159997.77,13,6.96,0,0,7.67,85131,9546590.34,0
Musical,Winter,1834,51.04,263109.38,20,7.57,1,0,2.18,290505,14827375.2,1
Experimental,Fall,918,219.76,430764.68,31,5.45,0,1,2.1,136067,29902083.92,0
Family,Winter,1357,162.06,484222.18,9,4.62,0,0,3.02,96726,15675415.56,1
Experimental,Fall,578,57.87,144133.31,9,3.76,0,0,3.13,18843,1090444.41,0
Experimental,Summer,1021,120.37,327026.3,18,1.9,0,0,9.66,78032,9392711.84,0
Comedy,Spring,1552,118.76,430822.23,14,6.06,0,1,2.43,172085,20436814.6,1
Family,Spring,1387,160.14,494142.59,20,5.25,0,0,1.95,218299,34958401.86,1
Drama,Summer,405,162.0,40005.65,9,2.07,0,0,2.24,10938,1771956.0,0
Tragedy,Spring,1782,170.17,254292.87,20,3.41,0,0,2.83,140926,23981377.42,0
Drama,Summer,1868,182.03,437464.55,29,8.08,0,1,4.32,367959,66979576.77,0
Tragedy,Summer,1058,48.25,6563.27,22,3.3,0,1,2.77,99895,4819933.75,0
Experimental,Summer,813,93.61,221431.43,24,4.83,0,0,1.79,61559,5762537.99,0
Tragedy,Winter,1156,28.9,294178.37,4,2.45,0,1,2.23,28491,823389.9,0
Musical,Winter,1642,127.29,265612.7,29,2.53,1,0,8.11,377134,48005386.86,1
Comedy,Fall,1014,121.62,367722.48,23,7.81,0,1,5.68,184710,22464430.2,1
Family,Spring,254,190.22,37433.43,20,1.6,0,0,7.71,22940,4363646.8,0
Tragedy,Summer,330,62.6,393781.28,6,3.57,0,0,2.59,9974,624372.4,0
Tragedy,Fall,1660,167.09,145169.42,18,9.83,0,1,3.75,178836,29881707.24,0
Tragedy,Fall,1616,94.01,412993.55,22,5.28,0,0,9.84,230138,21635273.38,0
Comedy,Summer,1589,110.93,212646.52,20,6.46,0,1,1.77,206730,22932558.9,0
Thriller,Summer,427,186.84,26244.7,5,6.77,0,1,4.95,9540,1782453.6,0
Thriller,Summer,507,41.1,482137.81,3,2.77,0,0,3.66,11080,455388.0,1
Experimental,Fall,910,102.13,391371.9,16,4.32,0,1,1.07,71870,7340083.1,0
Thriller,Spring,615,113.05,177168.94,23,4.61,0,1,5.97,91059,10294219.95,0
Experimental,Fall,896,186.04,138663.55,13,3.08,0,1,5.95,41917,7798238.68,0
Family,Spring,1205,69.83,296537.05,22,3.11,0,0,3.88,195399,13644712.17,1
Musical,Fall,704,238.17,493710.83,31,6.47,1,0,5.25,172846,41166731.82,1
Comedy,Winter,422,249.5,148632.58,28,1.98,0,0,4.53,48088,11997956.0,0
Comedy,Fall,924,209.25,474394.2,20,2.16,0,1,5.18,146361,30626039.25,1
Musical,Summer,1500,92.44,168541.62,23,6.16,1,0,8.63,273240,25258305.6,1
Drama,Winter,1312,174.37,353528.39,4,5.04,0,1,7.43,41564,7247514.68,1
Family,Fall,778,43.71,193958.51,4,6.51,0,1,3.52,24647,1077320.37,1
Comedy,Summer,760,221.04,47100.85,23,1.24,0,0,3.16,22665,5009871.6,0
Drama,Spring,1250,141.1,468413.74,26,7.34,0,1,7.53,257400,36319140.0,1
Comedy,Spring,510,64.7,86144.36,7,8.65,0,1,3.02,28274,1829327.8,1
Drama,Spring,1700,98.67,472622.28,19,5.72,0,0,9.17,255816,25241364.72,1
Drama,Spring,1764,205.17,56136.88,10,8.57,0,1,8.5,110901,22753558.17,0
Musical,Fall,245,220.8,137138.99,5,4.6,1,0,3.27,6816,1504972.8,0
Family,Fall,1947,141.94,460857.13,13,1.71,0,0,8.21,199009,28247337.46,1
Family,Winter,242,133.07,330977.73,15,4.4,0,0,2.72,27288,3631214.16,1
Tragedy,Fall,1025,193.92,98794.3,25,5.02,0,0,1.22,87024,16875694.08,0
Thriller,Winter,1401,210.89,298086.19,27,8.79,0,1,9.65,299589,63180324.21,1
Experimental,Fall,788,197.09,94293.65,30,4.01,0,1,7.85,98085,19331572.65,0
Family,Summer,566,111.5,437848.82,5,3.84,0,1,5.4,22413,2499049.5,1
Musical,Fall,285,169.43,29665.16,29,8.99,1,1,8.59,65458,11090548.94,1
Experimental,Summer,1509,217.91,267239.96,17,3.26,0,0,1.68,50926,11097284.66,0
Musical,Summer,266,59.15,36419.15,7,6.78,1,0,7.66,14747,872285.05,1
Musical,Summer,1071,112.33,349036.26,21,3.94,1,0,9.61,178128,20009118.24,1
Comedy,Fall,907,37.74,468219.63,3,9.56,0,0,8.37,21550,813297.0,1
Family,Summer,1941,117.0,416377.89,15,2.71,0,0,4.89,211533,24749361.0,1
Musical,Fall,1874,198.76,189005.27,26,7.52,1,0,4.12,375208,74576342.08,1
Comedy,Winter,1671,69.33,122267.93,31,5.95,0,1,9.03,410263,28443533.79,1
Drama,Summer,1515,146.92,64908.61,10,9.81,0,1,3.62,89489,13147723.88,0
Comedy,Summer,1177,33.23,437443.87,7,9.95,0,1,9.44,65252,2168323.96,1
Experimental,Summer,828,226.97,45149.02,19,8.14,0,0,3.88,25202,5720097.94,0
Comedy,Winter,499,209.5,316270.45,6,1.93,0,0,2.13,15729,3295225.5,0
Drama,Spring,1942,142.99,186797.4,31,5.22,0,1,3.12,325817,46588572.83,0
Musical,Winter,892,183.8,497910.27,11,8.69,1,0,5.68,77711,14283281.8,1
Drama,Summer,971,48.38,256867.54,7,6.75,0,0,2.18,40217,1945698.46,0
Musical,Winter,454,215.17,276651.52,9,8.91,1,1,4.42,32361,6963116.37,1
Thriller,Winter,698,185.93,459354.95,13,8.19,0,1,9.15,71866,13362045.38,1
Comedy,Winter,1342,51.99,484970.27,24,3.82,0,0,1.84,255087,13261973.13,1
Tragedy,Winter,967,245.66,293900.05,28,2.76,0,0,6.53,107913,26509907.58,0
Family,Spring,1254,30.07,399110.13,24,3.9,0,1,4.63,238360,7167485.2,1
Thriller,Fall,580,166.41,319209.54,21,7.26,0,1,6.83,96465,16052740.65,1
Drama,Spring,347,63.64,216563.23,10,5.33,0,1,5.41,24465,1556952.6,1
Comedy,Summer,1794,186.83,33371.1,30,1.39,0,0,8.89,197823,36959271.09,0
Comedy,Spring,977,40.84,360283.22,31,7.68,0,0,4.62,239873,9796413.32,1
Family,Fall,850,43.25,351630.07,20,1.4,0,0,5.58,134640,5823180.0,1
Comedy,Fall,714,129.92,62767.64,25,4.68,0,0,2.17,88366,11480510.72,0
Musical,Fall,1384,248.65,118884.09,11,5.16,1,0,5.41,79070,19660755.5,0
Family,Spring,1213,87.22,367403.45,15,5.53,0,0,2.03,144104,12568750.88,1
Comedy,Summer,900,162.82,79107.43,26,2.25,0,0,6.25,95455,15541983.1,0
Musical,Fall,1875,141.68,347012.84,14,7.73,1,1,4.85,207900,29455272.0,1
Thriller,Winter,1823,214.48,360398.71,24,8.64,0,1,8.05,346515,74320537.2,1
Drama,Winter,557,89.93,179905.21,27,7.28,0,0,4.77,114049,10256426.57,1
Experimental,Spring,1356,149.86,132800.02,30,9.56,0,1,6.68,231664,34717167.04,0
Family,Summer,1943,238.89,189654.51,10,3.32,0,0,1.53,61119,14600717.91,0
Comedy,Spring,1078,99.83,182802.33,16,2.45,0,0,7.39,119405,11920201.15,0
Tragedy,Winter,254,123.87,305474.8,13,1.61,0,0,9.62,18609,2305096.83,0
Tragedy,Spring,437,224.98,373204.91,17,7.49,0,0,5.03,34890,7849552.2,0
Thriller,Winter,1401,99.81,431567.55,24,2.46,0,0,1.09,221646,22122487.26,0
Musical,Spring,1823,110.65,19846.18,11,9.44,1,1,6.43,158819,17573322.35,1
Comedy,Spring,431,93.43,364643.02,8,6.39,0,1,2.31,27308,2551386.44,1
Drama,Winter,1184,207.14,160522.08,10,8.24,0,1,5.21,80132,16598542.48,0
Thriller,Summer,1094,234.34,420127.8,24,4.91,0,0,1.29,126475,29638151.5,0
Musical,Summer,713,167.0,42479.9,31,7.61,1,1,4.99,163022,27224674.0,1
Tragedy,Fall,1337,165.32,277831.38,5,4.99,0,0,8.87,42800,7075696.0,0
Family,Summer,1780,112.75,276593.43,31,5.85,0,1,2.22,419686,47319596.5,1
Experimental,Fall,630,27.81,166623.17,2,7.96,0,1,5.48,8292,230600.52,0
Comedy,Summer,297,64.14,485301.77,17,3.14,0,0,3.28,38071,2441873.94,1
Musical,Summer,846,58.17,57926.96,6,8.96,1,1,3.35,40201,2338492.17,1
Family,Summer,765,51.07,72516.63,30,7.45,0,0,6.79,159842,8163130.94,0
Musical,Spring,1508,172.16,323908.5,24,7.72,1,1,7.73,286640,49347942.4,1
Musical,Summer,1166,55.68,259578.12,12,3.14,1,0,8.86,110816,6170234.88,1
Experimental,Fall,232,44.27,135911.23,22,1.81,0,1,3.5,20393,902798.11,0
Experimental,Spring,811,111.08,155614.54,27,1.66,0,1,1.64,81541,9057574.28,0
Thriller,Spring,1523,81.03,82726.54,8,6.82,0,1,4.98,96497,7819151.91,1
Family,Fall,1058,57.82,434543.25,21,2.35,0,0,6.26,175966,10174354.12,1
Musical,Summer,1213,57.88,286911.84,10,9.99,1,1,7.66,96069,5560473.72,1
Musical,Spring,675,82.65,126193.12,23,9.65,1,1,7.8,122958,10162478.7,1
Comedy,Fall,774,145.79,199743.28,19,1.26,0,0,8.77,101774,14837631.46,0
Musical,Winter,434,195.57,453809.1,23,7.53,1,1,1.28,79057,15461177.49,1
Experimental,Spring,346,216.87,443986.38,21,3.35,0,0,9.83,31803,6897116.61,0
Musical,Spring,266,194.07,39207.81,21,4.07,1,0,9.7,32710,6348029.7,0
Tragedy,Summer,1323,166.35,328779.57,4,3.16,0,0,1.32,16803,2795179.05,0
Family,Fall,483,229.22,80720.73,27,8.47,0,1,3.82,97498,22348491.56,1
Family,Spring,1232,141.94,109387.27,7,9.04,0,1,7.89,68302,9694785.88,1
Drama,Winter,1915,167.51,432782.76,13,1.36,0,0,5.31,144389,24186601.39,0
Tragedy,Summer,1454,117.61,448119.21,17,3.43,0,0,1.04,97519,11469209.59,0
Tragedy,Spring,1235,98.66,45932.5,27,5.04,0,1,4.19,146864,14489602.24,0
Family,Winter,410,99.64,437592.05,20,5.7,0,1,6.21,64944,6471020.16,1
Comedy,Spring,1080,58.37,365604.31,7,1.79,0,0,8.92,59875,3494903.75,1
Drama,Spring,1804,204.23,388976.63,10,8.47,0,1,8.46,142876,29179565.48,1
Family,Winter,891,37.46,396948.59,7,9.41,0,0,9.52,49397,1850411.62,1
Experimental,Fall,1687,176.8,256080.47,19,4.63,0,0,5.21,146934,25977931.2,0
Tragedy,Summer,1475,219.5,473719.28,23,8.72,0,1,8.18,227604,49959078.0,0
Musical,Fall,680,136.92,104178.0,23,7.09,1,0,1.91,109784,15031625.28,0
Tragedy,Fall,454,40.8,254957.73,24,6.33,0,1,5.67,85067,3470733.6,1
Experimental,Fall,230,121.39,162683.53,23,8.37,0,1,9.25,36205,4394924.95,0
Experimental,Spring,697,102.23,412103.47,29,5.26,0,1,8.55,131660,13459601.8,0
Comedy,Fall,799,246.75,45936.85,29,5.93,0,1,6.9,129314,31908229.5,0
Drama,Summer,1380,180.53,219670.85,10,3.47,0,0,2.34,44180,7975815.4,0
Thriller,Winter,1230,187.31,387871.44,11,7.41,0,0,2.64,102303,19162374.93,1
Family,Fall,1062,141.06,159608.75,3,2.43,0,0,7.11,21084,2974109.04,0
Experimental,Spring,1501,184.62,124035.76,10,3.19,0,1,3.93,46970,8671601.4,0
Musical,Winter,1586,187.58,134961.83,17,5.32,1,0,3.97,171735,32214051.3,0
Comedy,Summer,1484,39.93,358227.1,21,4.47,0,0,8.63,246818,9855442.74,1
Tragedy,Summer,1814,75.09,146957.42,28,3.16,0,0,1.18,131467,9871857.03,0
Musical,Winter,847,27.92,204328.36,19,2.73,1,1,4.53,127456,3558571.52,1
Experimental,Winter,1682,139.71,275105.7,31,8.75,0,1,3.14,315020,44011444.2,0
Musical,Winter,957,222.05,470676.24,18,6.32,1,0,1.24,136429,30294059.45,1
Thriller,Fall,531,162.15,398202.04,27,4.4,0,1,2.95,113406,18388782.9,1
Experimental,Winter,462,137.55,96714.42,26,8.61,0,1,2.66,63736,8766886.8,0
Thriller,Spring,364,233.34,442126.7,16,8.43,0,1,5.54,46126,10763040.84,1
Family,Fall,1920,63.75,423159.88,28,2.0,0,0,4.92,425779,27143411.25,1
Drama,Summer,504,41.79,373886.14,27,6.11,0,0,5.25,100943,4218407.97,1
Family,Summer,1703,231.39,260868.46,11,3.75,0,1,8.9,103999,24064328.61,0
Comedy,Spring,1610,228.13,39558.4,8,5.87,0,1,5.45,67036,15292922.68,0
Musical,Spring,990,178.67,357195.09,5,7.46,1,0,6.75,39204,7004578.68,1
Comedy,Summer,1844,80.35,261579.37,29,1.08,0,0,6.83,323171,25966789.85,0
Comedy,Winter,1834,243.2,158338.59,15,5.62,0,1,5.65,187309,45553548.8,0
Tragedy,Fall,1865,197.2,9919.31,19,3.63,0,0,3.74,86937,17143976.4,0
Drama,Summer,1094,176.63,119369.25,10,5.81,0,0,9.13,50856,8982695.28,0
Tragedy,Summer,736,75.16,304816.64,13,1.99,0,0,4.94,44513,3345597.08,0
Comedy,Fall,278,140.45,60591.76,14,8.36,0,1,6.14,30824,4329230.8,1
Comedy,Spring,1712,210.08,329432.26,19,5.89,0,0,6.03,190683,40058684.64,0
Thriller,Fall,1771,218.56,410737.68,7,2.9,0,0,8.45,82169,17958856.64,0
Comedy,Fall,1165,151.32,162498.28,25,7.93,0,1,5.81,230669,34904833.08,1
Family,Spring,327,142.63,45582.84,13,1.34,0,0,5.11,16228,2314599.64,0
Drama,Fall,1681,181.98,74150.9,9,6.34,0,1,5.14,85365,15534722.7,0
Experimental,Fall,736,143.86,182164.92,2,5.52,0,0,8.02,6187,890061.82,0
Comedy,Fall,1187,118.98,407649.96,5,1.36,0,0,3.97,42722,5083063.56,1
Musical,Summer,1387,44.22,318967.97,10,3.25,1,0,9.41,109850,4857567.0,1
Drama,Fall,462,53.36,434604.39,23,1.69,0,1,8.62,83424,4451504.64,1
Family,Winter,312,196.06,497241.42,27,7.59,0,1,2.25,66718,13080731.08,1
Experimental,Spring,342,30.55,105270.27,30,7.35,0,0,3.86,52695,1609832.25,0
Drama,Fall,1926,36.77,348936.61,10,1.8,0,0,9.15,145299,5342644.23,1
Thriller,Fall,1922,228.54,235925.77,21,1.98,0,0,3.51,152053,34750192.62,0
Thriller,Summer,968,183.4,249271.64,10,8.92,0,1,3.86,71141,13047259.4,1
Musical,Summer,966,25.95,166162.79,6,2.81,1,1,2.96,45904,1191208.8,1
Tragedy,Winter,932,95.21,174543.55,18,3.73,0,0,1.49,84490,8044292.9,0
Thriller,Summer,830,196.75,339759.56,21,7.16,0,0,5.31,110211,21684014.25,0
Experimental,Fall,1178,118.96,312297.44,24,1.55,0,1,7.79,146389,17414435.44,0
Family,Spring,841,130.48,162659.27,5,9.53,0,1,6.94,33303,4345375.44,1
Musical,Winter,1309,128.23,63697.55,24,1.21,1,0,1.25,121548,15586100.04,0
Drama,Fall,882,70.48,291229.44,11,8.64,0,1,5.71,76839,5415612.72,1
Tragedy,Winter,1333,187.31,371001.19,10,4.25,0,0,3.97,54704,10246606.24,0
Drama,Fall,1900,48.18,281517.79,2,2.35,0,0,6.78,23452,1129917.36,0
Tragedy,Summer,570,139.13,6807.08,8,4.4,0,0,4.65,14998,2086671.74,0
Musical,Summer,312,63.24,144746.18,16,9.76,1,1,9.82,39536,2500256.64,1
Musical,Fall,1147,35.47,390396.77,7,5.76,1,1,8.46,63589,2255501.83,1
Musical,Winter,414,57.23,372561.36,11,1.53,1,0,7.3,36067,2064114.41,1
Comedy,Spring,616,220.6,10153.08,17,9.47,0,0,5.64,57190,12616114.0,0
Family,Winter,1621,64.63,237796.64,4,2.29,0,1,6.32,51353,3318944.39,1
Drama,Winter,952,87.63,221472.5,28,1.49,0,0,4.98,120042,10519280.46,0
Experimental,Spring,1188,56.07,327879.28,11,1.41,0,0,8.15,63629,3567678.03,0
Drama,Spring,1597,190.5,66865.12,24,8.44,0,1,9.17,259685,49469992.5,0
Musical,Fall,431,125.23,312600.54,21,2.38,1,0,9.99,71683,8976862.09,1
Comedy,Winter,1061,237.32,473724.42,24,2.61,0,0,6.39,178784,42429018.88,0
Family,Summer,262,174.47,189016.02,10,9.5,0,1,7.14,20255,3533889.85,1
Musical,Fall,1098,144.56,171991.43,7,6.5,1,1,4.6,60873,8799800.88,1
Musical,Winter,603,172.74,18995.39,6,3.57,1,1,1.08,20885,3607674.9,0
Family,Summer,1840,34.1,33410.55,8,6.28,0,0,7.33,101280,3453648.0,0
Thriller,Spring,669,238.9,466128.36,18,3.19,0,0,9.41,84570,20203773.0,0
Comedy,Winter,560,240.2,487873.41,20,5.45,0,0,8.74,88704,21306700.8,1
Family,Summer,225,87.13,7792.64,24,4.01,0,1,8.91,36358,3167872.54,0
Family,Summer,439,166.37,450836.44,30,6.6,0,0,4.62,101167,16831153.79,1
Comedy,Summer,588,70.43,91110.22,26,7.83,0,0,7.42,110162,7758709.66,1
Tragedy,Fall,610,148.18,282872.57,12,4.14,0,0,6.75,37500,5556750.0,0
Musical,Summer,1528,198.43,340679.76,16,2.3,1,0,5.87,162371,32219277.53,0
Comedy,Fall,1797,236.46,182734.06,30,4.2,0,1,2.36,326977,77316981.42,0
Thriller,Fall,1739,101.32,266849.11,23,7.82,0,1,6.18,316776,32095744.32,1
Drama,Spring,1921,181.04,315633.38,14,8.08,0,1,3.69,189734,34349443.36,1
Experimental,Summer,1816,186.2,100993.52,26,8.07,0,1,7.33,161147,30005571.4,0
Experimental,Spring,1019,74.76,497157.03,6,9.77,0,1,9.5,43513,3253031.88,1
Drama,Spring,901,166.53,105921.51,22,8.42,0,1,7.55,151879,25292409.87,1
Comedy,Winter,1368,172.47,10117.54,30,9.72,0,1,3.34,275996,47601030.12,0
Drama,Fall,774,196.92,472420.87,17,6.64,0,0,5.19,95164,18739694.88,1
Tragedy,Fall,1286,249.99,217418.21,20,3.06,0,0,6.08,89889,22471351.11,0
Musical,Winter,1999,34.05,202316.76,3,6.47,1,1,7.54,47496,1617238.8,1
Comedy,Fall,556,70.52,141457.3,20,2.78,0,0,2.33,56761,4002785.72,0
Tragedy,Winter,1584,57.64,17786.8,10,1.77,0,0,5.73,54447,3138325.08,0
Thriller,Fall,1883,59.75,135961.26,31,3.71,0,0,8.74,391545,23394813.75,0
Thriller,Summer,1167,127.21,199683.67,11,4.26,0,1,1.25,68236,8680301.56,0
Drama,Fall,840,222.67,262562.98,11,7.38,0,1,7.55,71955,16022219.85,1
Family,Summer,658,125.96,231533.89,13,4.27,0,0,8.92,57278,7214736.88,0
Thriller,Winter,502,175.41,440122.92,22,1.03,0,0,8.16,73419,12878426.79,0
Family,Spring,778,109.71,456108.28,30,9.25,0,1,9.39,184852,20280112.92,1
Tragedy,Winter,1543,96.92,161991.69,12,6.3,0,1,8.04,122265,11849923.8,0
Experimental,Winter,1127,212.7,479979.52,8,2.9,0,0,5.66,41432,8812586.4,0
Comedy,Spring,598,172.5,433142.42,24,3.27,0,1,5.29,113667,19607557.5,1
Family,Fall,1175,103.95,464179.23,18,2.12,0,0,1.29,131822,13702896.9,0
Drama,Winter,1656,230.69,354633.79,15,9.16,0,1,1.17,191253,44120154.57,1
Drama,Fall,224,137.17,103144.56,31,3.07,0,0,6.76,34155,4685041.35,0
Tragedy,Summer,237,67.36,101637.76,16,9.47,0,0,3.48,20265,1365050.4,0
Tragedy,Winter,1926,133.72,454782.52,20,3.38,0,0,3.76,250018,33432406.96,0
Family,Fall,1546,176.81,255987.5,31,8.19,0,1,8.26,379573,67112302.13,1
Comedy,Spring,1236,107.6,445781.32,8,1.09,0,0,2.0,58117,6253389.2,0
Experimental,Spring,1830,214.85,361671.2,29,5.35,0,0,3.55,195918,42092982.3,0
Comedy,Fall,1260,144.96,110193.59,30,4.32,0,0,7.17,190326,27589656.96,0
Tragedy,Summer,1137,130.25,195456.11,16,4.01,0,1,1.28,71804,9352471.0,0
Experimental,Spring,580,218.21,484073.48,12,9.93,0,1,5.68,45070,9834724.7,0
Tragedy,Winter,1659,129.16,14693.47,6,7.49,0,1,1.77,51300,6625908.0,0
Thriller,Spring,1576,118.24,358719.01,3,3.3,0,0,7.85,33951,4014366.24,1
Experimental,Spring,732,48.34,489495.95,31,7.77,0,0,6.71,147399,7125267.66,0
Experimental,Summer,1527,106.56,56552.74,14,2.17,0,0,6.48,53345,5684443.2,0
Tragedy,Spring,1508,114.34,139636.46,22,9.33,0,1,2.99,193062,22074709.08,0
Comedy,Summer,371,65.64,275771.49,9,4.84,0,1,7.52,26444,1735784.16,1
Drama,Winter,488,157.26,422663.64,11,2.72,0,0,3.72,29621,4658198.46,0
Tragedy,Winter,1270,57.36,255723.38,26,3.46,0,0,6.14,223186,12801948.96,0
Experimental,Winter,1322,75.33,34500.04,21,2.4,0,0,1.83,68008,5123042.64,0
Tragedy,Summer,1384,151.25,67956.24,8,9.38,0,0,1.86,47507,7185433.75,0
Comedy,Spring,871,85.52,191091.97,2,3.75,0,1,2.75,12233,1046166.16,0
Musical,Winter,1704,168.93,164657.63,26,2.29,1,0,2.94,207761,35097065.73,0
Comedy,Summer,1002,180.37,113740.92,4,8.32,0,1,2.14,26586,4795316.82,0
Drama,Fall,570,92.79,420863.72,3,2.92,0,0,2.06,12014,1114779.06,0
Experimental,Spring,407,44.66,18306.43,11,1.85,0,0,8.91,12682,566378.12,0
Tragedy,Fall,1779,135.13,415525.4,29,7.02,0,1,5.99,387810,52404765.3,1
Musical,Fall,1472,45.9,461231.69,21,1.07,1,0,6.6,244823,11237375.7,1
Musical,Winter,1030,140.93,316904.96,3,8.49,1,1,3.59,24472,3448838.96,1
Family,Spring,576,188.4,314548.45,29,6.06,0,0,1.5,89727,16904566.8,0
Experimental,Summer,373,164.57,78763.77,30,3.22,0,1,9.71,34228,5632901.96,0
Family,Winter,475,125.86,286317.28,22,5.26,0,1,1.49,81907,10308815.02,1
Musical,Summer,390,237.82,190711.32,4,3.36,1,0,8.4,7410,1762246.2,0
Musical,Fall,1152,47.89,118379.63,2,5.8,1,0,6.99,18247,873848.83,1
Drama,Spring,556,223.0,293748.13,28,6.14,0,0,4.67,82985,18505655.0,0
Family,Fall,430,205.03,5589.28,26,7.95,0,1,7.72,76721,15730106.63,0
Family,Summer,708,119.44,141824.33,26,5.19,0,0,7.88,130732,15614630.08,1
Family,Fall,1458,59.4,329740.8,16,8.08,0,1,8.9,184757,10974565.8,1
Musical,Winter,1093,60.07,230245.1,19,1.62,1,0,5.9,164474,9879953.18,1
Drama,Fall,476,232.41,77092.07,7,9.29,0,1,2.92,15967,3710890.47,0
Experimental,Summer,1547,77.58,5652.47,3,2.67,0,0,6.15,11466,889532.28,0
Experimental,Spring,1081,221.68,138867.46,8,8.53,0,1,1.89,32651,7238073.68,0
Family,Summer,536,138.24,276784.36,20,5.45,0,1,4.39,82374,11387381.76,1
Musical,Winter,1444,128.89,269600.05,14,1.94,1,0,6.49,150570,19406967.3,1
Musical,Spring,1986,164.39,69880.59,20,4.24,1,0,3.27,187785,30869976.15,0
Musical,Fall,1172,73.38,308780.09,15,9.26,1,1,8.79,139233,10216917.54,1
Thriller,Summer,490,121.38,499467.57,18,8.51,0,0,9.78,69854,8478878.52,1
Family,Summer,757,236.16,294509.12,30,7.5,0,0,1.68,149801,35377004.16,0
Thriller,Fall,1278,78.61,266180.9,20,4.42,0,0,2.85,173794,13661946.34,0
Drama,Summer,1998,232.36,313203.4,30,6.3,0,0,5.26,303228,70458058.08,0
Family,Summer,1872,248.7,440437.09,31,3.09,0,0,1.34,243331,60516419.7,0
Musical,Fall,1879,36.68,473269.68,20,6.83,1,1,1.84,297633,10917178.44,1
Family,Winter,1698,144.56,25311.59,31,3.35,0,0,9.11,316317,45726785.52,0
Experimental,Winter,1234,63.66,106471.93,9,8.46,0,1,1.41,64193,4086526.38,0
Family,Fall,1366,164.89,62303.21,17,7.34,0,1,3.23,159783,26346618.87,0
Experimental,Fall,1521,247.65,387315.12,4,4.47,0,0,4.81,22161,5488171.65,0
Thriller,Winter,1487,226.8,27553.62,4,6.94,0,0,1.18,19842,4500165.6,0
Tragedy,Summer,1349,233.09,451804.3,5,3.93,0,0,8.3,26718,6227698.62,0
Comedy,Summer,441,73.0,15174.91,6,2.4,0,1,8.47,16545,1207785.0,0
Experimental,Summer,1783,147.02,303260.67,14,3.12,0,0,4.55,79957,11755278.14,0
Thriller,Fall,217,77.84,141410.22,23,3.45,0,0,2.82,28183,2193764.72,0
Drama,Fall,966,227.37,237928.94,31,3.04,0,0,9.03,154719,35178459.03,0
Experimental,Spring,981,68.01,223733.53,31,7.11,0,0,7.11,143937,9789155.37,0
Musical,Winter,1992,59.64,375702.17,7,7.66,1,1,5.71,110436,6586403.04,1
Thriller,Summer,361,27.74,250837.84,15,5.11,0,1,4.53,37354,1036199.96,0
Drama,Winter,1056,65.94,213504.31,14,9.89,0,0,5.85,117089,7720848.66,1
Thriller,Fall,843,67.7,366487.17,4,9.02,0,1,3.25,26706,1807996.2,1
Comedy,Winter,375,42.44,463274.43,3,1.78,0,0,5.05,8910,378140.4,1
Tragedy,Fall,602,220.24,397991.59,12,5.14,0,0,7.17,36936,8134784.64,0
Thriller,Fall,959,200.5,369674.93,27,9.18,0,1,4.7,205072,41116936.0,1
Family,Spring,1849,82.26,246422.43,13,2.98,0,1,7.16,190373,15660082.98,1
Comedy,Summer,898,201.23,450606.82,13,4.41,0,0,7.65,85274,17159687.02,1
Experimental,Winter,1784,119.99,245725.16,31,9.52,0,1,7.78,290975,34914090.25,0
Tragedy,Summer,1520,199.49,465491.46,13,7.98,0,1,6.12,135396,27010148.04,0
Drama,Spring,1674,97.68,402446.52,22,8.49,0,1,2.66,291677,28491009.36,1
Musical,Spring,1736,152.05,79378.82,31,8.92,1,1,7.31,426222,64807055.1,1
Drama,Fall,1485,110.86,28261.13,5,2.54,0,0,8.37,34670,3843516.2,0
Thriller,Fall,1520,67.23,371723.56,17,7.29,0,1,1.85,204652,13758753.96,1
Tragedy,Winter,477,156.77,344490.38,12,8.23,0,1,9.06,43339,6794255.03,1
Comedy,Winter,1490,193.94,303034.0,5,3.04,0,0,9.47,47529,9217774.26,0
Tragedy,Fall,287,194.45,488238.44,3,1.39,0,0,7.01,4801,933554.45,0
Family,Fall,1527,105.17,274974.51,21,2.61,0,0,2.0,195550,20565993.5,0
Thriller,Winter,1376,141.71,177210.43,21,7.67,0,0,6.88,212695,30141008.45,1
Musical,Spring,1562,196.85,284658.1,18,7.25,1,0,4.2,222678,43834164.3,1
Musical,Fall,1356,37.26,19063.82,22,9.03,1,1,3.73,236269,8803382.94,1
Tragedy,Summer,863,41.17,291735.8,23,3.85,0,0,1.33,78234,3220893.78,0
Comedy,Winter,864,109.65,451702.95,3,6.6,0,1,7.52,20528,2250895.2,1
Family,Winter,1273,75.28,7143.38,3,1.24,0,0,6.1,23221,1748076.88,0
Thriller,Fall,1050,109.3,423425.39,12,9.42,0,1,5.06,99792,10907265.6,1
Family,Fall,813,46.09,401954.8,19,5.99,0,0,4.5,122340,5638650.6,1
Thriller,Fall,1080,158.2,57521.05,29,7.74,0,0,4.71,156614,24776334.8,0
Comedy,Fall,1165,176.14,424181.09,31,3.55,0,0,5.08,248888,43839132.32,0
Thriller,Spring,631,203.16,382954.91,26,1.74,0,0,5.3,85733,17417516.28,0
Thriller,Summer,1348,171.37,248068.0,10,1.57,0,0,1.88,56733,9722334.21,0
Family,Fall,765,114.19,126380.9,19,8.33,0,1,4.42,115117,13145210.23,1
Drama,Fall,681,235.36,147609.71,5,2.37,0,0,1.58,7816,1839573.76,0
Thriller,Spring,953,188.42,308076.09,16,8.42,0,1,7.98,120764,22754352.88,1
Drama,Winter,385,143.73,126920.48,4,3.39,0,0,5.7,7439,1069207.47,0
Family,Winter,1285,71.54,166051.06,31,5.87,0,1,8.2,315493,22570369.22,1
Family,Fall,1520,171.02,465765.02,15,3.36,0,1,4.86,180576,30882107.52,1
Thriller,Spring,1920,158.14,366017.67,23,1.45,0,0,2.38,241979,38266559.06,0
Experimental,Winter,710,178.75,369356.65,5,5.88,0,1,3.7,19069,3408583.75,0
Tragedy,Spring,1169,200.75,478188.53,30,4.3,0,0,3.1,187106,37561529.5,0
Musical,Summer,1106,230.89,7868.04,17,4.92,1,1,4.96,86507,19973601.23,0
Thriller,Winter,1516,238.54,126020.49,4,6.41,0,1,8.1,39530,9429486.2,0
Family,Fall,1324,166.79,330697.11,13,3.82,0,0,2.05,113358,18906980.82,0
Musical,Spring,1652,242.34,221944.41,8,6.07,1,1,4.6,100028,24240785.52,1
Musical,Spring,1731,230.07,60838.45,4,6.92,1,1,1.83,40906,9411243.42,0
Drama,Summer,404,25.59,391710.67,2,1.81,0,0,4.52,4406,112749.54,0
Family,Fall,839,168.46,28300.9,23,4.15,0,0,6.24,100898,16997277.08,0
Tragedy,Fall,1375,65.16,274206.3,28,1.81,0,0,1.62,163235,10636392.6,0
Experimental,Spring,1178,91.42,283419.84,21,1.06,0,1,1.6,85973,7859651.66,0
Experimental,Spring,1067,91.94,319800.85,22,1.46,0,0,7.57,104879,9642575.26,0
Tragedy,Fall,511,133.7,161235.02,3,6.33,0,0,4.67,8921,1192737.7,0
Thriller,Spring,1230,27.44,16682.47,7,1.76,0,0,4.16,39476,1083221.44,0
Comedy,Spring,1533,78.05,445046.73,3,8.82,0,0,7.18,36424,2842893.2,1
Musical,Summer,269,31.55,464956.37,31,7.83,1,1,1.76,66044,2083688.2,1
Comedy,Fall,1264,171.38,243584.42,24,1.08,0,1,8.74,227015,38905830.7,1
Thriller,Spring,1831,225.09,15216.97,30,6.16,0,0,7.98,257260,57906653.4,0
Drama,Spring,1232,249.5,292531.22,29,1.09,0,0,4.51,125781,31382359.5,0
Drama,Spring,1915,125.93,161385.28,8,1.98,0,0,5.22,78928,9939403.04,0
Musical,Summer,834,83.53,95330.36,17,9.89,1,1,4.58,112289,9379500.17,1
Family,Spring,206,216.95,88631.56,21,5.11,0,1,8.07,30406,6596581.7,0
Experimental,Spring,1427,50.46,93731.44,24,1.24,0,0,1.26,88743,4477971.78,0
Family,Summer,583,244.2,168766.3,22,8.65,0,0,7.04,74876,18284719.2,0
Comedy,Spring,217,185.84,143907.01,15,9.26,0,1,3.72,22357,4154824.88,0
Thriller,Summer,524,138.39,419030.29,2,5.94,0,0,8.02,8300,1148637.0,1
Experimental,Fall,1881,46.75,250180.78,30,7.35,0,1,9.86,412767,19296857.25,1
Thriller,Spring,1606,29.09,216685.51,22,8.02,0,1,3.51,279829,8140225.61,1
Comedy,Fall,695,147.52,77187.61,27,7.61,0,0,5.01,128907,19016360.64,0
Comedy,Fall,1276,118.12,438565.94,8,5.45,0,1,5.93,80847,9549647.64,1
Family,Fall,810,214.6,32136.99,5,8.49,0,1,5.96,28205,6052793.0,0
Tragedy,Fall,519,169.52,123568.02,29,5.75,0,1,2.41,75559,12808761.68,0
Family,Winter,1979,122.18,312628.78,26,3.34,0,0,6.25,403283,49273116.94,1
Experimental,Spring,1665,75.85,352644.65,27,1.04,0,0,7.52,151634,11501438.9,0
Musical,Spring,854,133.09,401572.5,15,4.23,1,0,9.5,101455,13502645.95,1
Family,Summer,836,61.67,208094.19,29,1.74,0,0,7.53,158492,9774201.64,0
Comedy,Fall,1668,175.08,176636.34,8,1.57,0,0,6.43,62688,10975415.04,0
Tragedy,Winter,1029,161.29,147833.05,24,5.22,0,1,3.1,112134,18086092.86,0
Drama,Winter,878,207.27,286206.86,16,9.49,0,1,1.88,94726,19633858.02,0
Comedy,Fall,897,126.14,177574.63,6,1.95,0,0,6.71,30899,3897599.86,0
Comedy,Summer,1004,87.7,167406.65,23,3.46,0,0,6.63,129105,11322508.5,0
Musical,Summer,1138,213.19,13360.97,12,8.47,1,1,8.55,104392,22255330.48,1
Family,Spring,272,180.47,474416.41,6,4.62,0,1,5.01,12925,2332574.75,1
Drama,Summer,1064,184.01,34994.15,23,7.83,0,0,2.55,89972,16555747.72,0
Comedy,Fall,991,143.82,139081.4,25,5.88,0,0,3.02,154602,22234859.64,0
Drama,Spring,694,222.1,461102.72,11,6.44,0,1,5.29,56753,12604841.3,1
Drama,Winter,839,76.25,368997.36,31,2.45,0,0,3.81,175438,13377147.5,0
Comedy,Winter,964,115.38,291179.2,23,4.17,0,0,2.62,157531,18175926.78,1
Experimental,Summer,858,204.15,332102.89,2,6.6,0,1,1.97,8115,1656677.25,0
Experimental,Winter,1835,54.92,53044.73,12,1.24,0,0,4.71,77901,4278322.92,0
Comedy,Spring,1151,206.82,405280.44,31,2.69,0,0,4.04,204273,42247741.86,0
Tragedy,Winter,1105,104.33,128802.85,7,4.48,0,1,9.69,53445,5575916.85,0
Experimental,Winter,673,53.24,478325.92,30,7.07,0,1,8.71,159904,8513288.96,1
Drama,Spring,1849,42.81,119530.43,17,5.59,0,1,2.65,213054,9120841.74,0
Experimental,Fall,241,214.68,314555.39,22,7.47,0,1,7.78,27532,5910569.76,0
Musical,Summer,1190,200.19,274935.62,22,7.54,1,0,5.32,185742,37183690.98,1
Drama,Winter,503,89.81,75836.03,17,1.28,0,0,9.33,42140,3784593.4,0
Comedy,Spring,1583,51.18,184648.95,17,9.12,0,1,6.47,213135,10908249.3,1
Musical,Spring,880,80.63,391739.91,19,8.42,1,1,2.84,132422,10677185.86,1
Family,Summer,728,72.92,110231.1,21,3.44,0,0,2.76,76685,5591870.2,0
Family,Spring,304,189.94,481614.37,24,5.36,0,0,9.71,57784,10975492.96,1
Comedy,Summer,1622,73.5,151264.4,15,3.77,0,0,9.26,183553,13491145.5,1
Family,Fall,913,73.62,315227.22,15,9.16,0,1,5.35,108464,7985119.68,1
Family,Fall,675,32.26,311339.18,25,4.45,0,0,6.08,133650,4311549.0,1
Family,Fall,1719,159.29,238035.23,24,4.56,0,1,5.92,326747,52047529.63,1
Family,Spring,235,180.02,329403.43,21,9.21,0,1,7.87,39085,7036081.7,1
Thriller,Spring,1043,172.04,373070.59,15,6.41,0,1,5.27,123908,21317132.32,1
Musical,Winter,489,152.93,311406.47,19,2.24,1,0,2.1,62229,9516680.97,0
Experimental,Summer,428,242.37,282197.34,19,6.63,0,1,3.92,30675,7434699.75,0
Thriller,Spring,238,131.37,305280.57,15,8.15,0,1,6.11,28274,3714355.38,1
Experimental,Summer,536,218.53,203968.18,7,4.04,0,0,4.16,10220,2233376.6,0
Experimental,Spring,1904,170.35,40082.22,18,5.74,0,1,8.32,121574,20710130.9,0
Drama,Summer,1001,43.94,84050.7,15,6.64,0,1,9.53,113167,4972557.98,1
Comedy,Winter,1999,207.27,305318.5,3,5.59,0,0,3.18,37268,7724538.36,0
Drama,Summer,681,156.49,463951.08,30,9.99,0,1,9.0,161805,25320864.45,1
Musical,Fall,1572,172.04,17741.57,22,5.56,1,1,7.44,255018,43873296.72,1
Experimental,Summer,361,65.55,274297.42,5,6.79,0,1,6.28,8479,555798.45,0
Experimental,Summer,394,123.44,129770.41,8,8.14,0,1,2.17,12188,1504486.72,0
Experimental,Fall,229,223.13,283061.25,19,2.23,0,0,4.7,17323,3865280.99,0
Experimental,Fall,1818,73.47,376080.39,27,1.4,0,0,9.96,201429,14798988.63,0
Thriller,Summer,1408,25.03,369049.3,16,9.76,0,1,6.84,178421,4465877.63,1
Tragedy,Spring,1538,82.94,363818.47,26,7.59,0,0,6.33,260338,21592433.72,0
Experimental,Winter,1869,134.7,390567.12,5,4.54,0,0,1.32,47390,6383433.0,0
Tragedy,Spring,798,209.79,40942.29,17,1.16,0,0,3.89,30314,6359574.06,0
Thriller,Winter,1500,169.74,257241.03,26,2.5,0,0,5.39,218197,37036758.78,0
Drama,Summer,1104,231.79,134580.35,27,1.09,0,0,6.77,96054,22264356.66,0
Family,Winter,1176,127.5,461028.93,9,4.57,0,0,8.71,83825,10687687.5,1
Family,Summer,1391,112.93,392525.21,22,5.99,0,0,5.12,242367,27370505.31,1
Thriller,Fall,1045,77.07,58234.7,3,2.45,0,0,3.47,13671,1053623.97,0
Tragedy,Fall,243,74.06,125406.83,6,6.76,0,1,3.53,8578,635286.68,0
